family_id,family_size
1,6
2,2
3,7
4,4
5,2
6,5
7,2
8,2
9,1
10,5
11,5
12,4
13,5
14,6
15,4
16,3
17,4
18,5
19,5
20,3
21,6
22,4
23,7
24,6
25,6
26,6
27,6
28,5
29,5
30,5
31,5
32,4
33,3
34,3
35,5
36,7
37,4
38,7
39,4
40,6
41,2
42,6
43,5
44,5
45,5
46,5
47,5
48,6
49,7
50,1
51,6
52,5
53,5
54,3
55,7
56,5
57,4
58,6
59,6
60,5
61,6
62,6
63,6
64,1
65,6
66,6
67,4
68,6
69,4
70,7
71,5
72,4
73,5
74,5
75,3
76,5
77,1
78,6
79,5
80,5
81,6
82,5
83,7
84,7
85,5
86,5
87,3
88,7
89,4
90,5
91,3
92,4
93,4
94,5
95,6
96,5
97,5
98,4
99,7
100,1
101,5
102,4
103,4
104,3
105,4
106,5
107,5
108,6
109,5
110,5
111,5
112,7
113,5
114,6
115,5
116,4
117,7
118,7
119,5
120,4
121,6
122,4
123,5
124,3
125,4
126,6
127,5
128,5
129,3
130,5
131,4
132,5
133,4
134,5
135,7
136,4
137,6
138,5
139,6
140,5
141,7
142,6
143,6
144,5
145,5
146,5
147,5
148,6
149,2
150,5
151,3
152,5
153,5
154,4
155,3
156,5
157,4
158,5
159,7
160,6
161,2
162,5
163,5
164,3
165,3
166,7
167,4
168,7
169,4
170,4
171,5
172,6
173,5
174,5
175,3
176,2
177,7
178,4
179,1
180,3
181,3
182,6
183,3
184,7
185,4
186,4
187,4
188,5
189,3
190,7
191,6
192,6
193,3
194,6
195,7
196,4
197,5
198,6
199,4
200,6
201,4
202,5
203,6
204,6
205,4
206,5
207,3
208,6
209,4
210,5
211,4
212,6
213,5
214,4
215,5
216,6
217,4
218,2
219,5
220,5
221,3
222,4
223,3
224,4
225,6
226,4
227,6
228,5
229,4
230,5
231,7
232,3
233,3
234,5
235,7
236,2
237,3
238,5
239,6
240,7
241,4
242,1
243,4
244,5
245,4
246,5
247,5
248,3
249,4
250,2
251,5
252,5
253,4
254,5
255,6
256,7
257,6
258,6
259,5
260,2
261,5
262,5
263,4
264,4
265,4
266,7
267,4
268,4
269,2
270,7
271,5
272,6
273,2
274,5
275,3
276,3
277,7
278,6
279,5
280,6
281,4
282,4
283,5
284,4
285,2
286,7
287,2
288,4
289,3
290,7
291,5
292,6
293,5
294,6
295,5
296,5
297,5
298,5
299,4
300,1
301,4
302,4
303,5
304,5
305,6
306,5
307,5
308,7
309,4
310,7
311,7
312,5
313,7
314,3
315,5
316,7
317,3
318,6
319,4
320,1
321,7
322,5
323,5
324,5
325,5
326,4
327,2
328,5
329,4
330,2
331,4
332,6
333,5
334,6
335,5
336,6
337,5
338,7
339,7
340,4
341,7
342,4
343,5
344,6
345,4
346,7
347,7
348,7
349,5
350,5
351,4
352,4
353,6
354,5
355,2
356,5
357,5
358,4
359,6
360,5
361,4
362,4
363,3
364,3
365,5
366,5
367,6
368,6
369,5
370,7
371,4
372,5
373,5
374,4
375,2
376,4
377,5
378,4
379,4
380,5
381,4
382,7
383,2
384,4
385,6
386,6
387,5
388,7
389,7
390,2
391,6
392,6
393,3
394,7
395,5
396,7
397,4
398,5
399,4
400,7
401,4
402,5
403,5
404,6
405,4
406,5
407,6
408,6
409,2
410,5
411,5
412,2
413,4
414,6
415,7
416,7
417,4
418,6
419,7
420,6
421,5
422,6
423,6
424,6
425,3
426,3
427,5
428,6
429,5
430,4
431,7
432,5
433,5
434,6
435,6
436,7
437,6
438,5
439,5
440,3
441,5
442,3
443,5
444,4
445,5
446,7
447,4
448,7
449,4
450,6
451,4
452,7
453,5
454,4
455,4
456,2
457,6
458,4
459,6
460,5
461,6
462,6
463,6
464,4
465,2
466,5
467,5
468,7
469,4
470,4
471,5
472,7
473,1
474,5
475,3
476,4
477,7
478,5
479,4
480,4
481,2
482,4
483,7
484,6
485,1
486,5
487,6
488,1
489,4
490,6
491,6
492,4
493,5
494,5
495,6
496,4
497,7
498,6
499,5
500,3
501,6
502,6
503,6
504,4
505,3
506,7
507,5
508,5
509,6
510,6
511,6
512,1
513,2
514,7
515,7
516,7
517,7
518,7
519,6
520,4
521,5
522,3
523,6
524,5
525,5
526,5
527,6
528,5
529,6
530,4
531,4
532,5
533,5
534,5
535,5
536,5
537,6
538,3
539,3
540,6
541,1
542,1
543,5
544,5
545,5
546,4
547,7
548,7
549,5
550,6
551,5
552,7
553,5
554,6
555,4
556,7
557,4
558,4
559,5
560,5
561,6
562,6
563,6
564,5
565,4
566,4
567,6
568,6
569,5
570,6
571,5
572,4
573,5
574,4
575,4
576,5
577,5
578,1
579,7
580,5
581,6
582,7
583,6
584,6
585,7
586,7
587,4
588,6
589,3
590,7
591,6
592,3
593,4
594,4
595,7
596,5
597,5
598,4
599,1
600,7
601,5
602,5
603,2
604,5
605,5
606,6
607,5
608,7
609,2
610,6
611,5
612,6
613,3
614,5
615,2
616,5
617,5
618,4
619,6
620,6
621,3
622,6
623,6
624,6
625,2
626,2
627,4
628,4
629,6
630,6
631,4
632,6
633,5
634,7
635,2
636,6
637,4
638,4
639,5
640,4
641,2
642,7
643,7
644,4
645,4
646,6
647,4
648,5
649,5
650,6
651,5
652,3
653,4
654,7
655,2
656,7
657,4
658,6
659,6
660,7
661,5
662,6
663,1
664,6
665,6
666,7
667,2
668,2
669,6
670,4
671,5
672,5
673,6
674,6
675,7
676,6
677,4
678,7
679,5
680,5
681,4
682,4
683,7
684,5
685,4
686,5
687,3
688,4
689,4
690,6
691,2
692,6
693,7
694,6
695,4
696,7
697,5
698,4
699,5
700,5
701,4
702,3
703,6
704,7
705,5
706,7
707,3
708,5
709,5
710,5
711,6
712,5
713,3
714,5
715,2
716,5
717,5
718,6
719,6
720,2
721,4
722,7
723,4
724,6
725,1
726,4
727,3
728,5
729,2
730,3
731,5
732,4
733,5
734,4
735,7
736,4
737,7
738,5
739,6
740,4
741,4
742,5
743,5
744,4
745,5
746,7
747,7
748,4
749,3
750,2
751,4
752,4
753,5
754,6
755,7
756,7
757,2
758,3
759,4
760,4
761,6
762,6
763,4
764,4
765,6
766,5
767,6
768,6
769,2
770,4
771,5
772,5
773,3
774,2
775,3
776,6
777,5
778,1
779,6
780,4
781,6
782,5
783,3
784,7
785,5
786,6
787,2
788,6
789,5
790,5
791,5
792,4
793,5
794,5
795,6
796,4
797,5
798,5
799,5
800,5
801,4
802,1
803,3
804,1
805,5
806,7
807,5
808,6
809,5
810,6
811,5
812,4
813,4
814,5
815,6
816,3
817,5
818,3
819,6
820,6
821,4
822,4
823,4
824,2
825,6
826,3
827,5
828,4
829,4
830,6
831,4
832,5
833,4
834,5
835,5
836,6
837,2
838,4
839,3
840,7
841,7
842,6
843,3
844,6
845,5
846,3
847,6
848,6
849,2
850,6
851,5
852,5
853,5
854,5
855,5
856,5
857,5
858,3
859,5
860,6
861,7
862,4
863,4
864,2
865,6
866,6
867,3
868,6
869,4
870,5
871,7
872,5
873,6
874,5
875,4
876,6
877,6
878,7
879,6
880,6
881,6
882,4
883,5
884,4
885,6
886,3
887,5
888,7
889,1
890,2
891,4
892,6
893,1
894,3
895,4
896,2
897,7
898,4
899,7
900,6
901,4
902,5
903,5
904,6
905,4
906,3
907,3
908,5
909,4
910,4
911,7
912,5
913,5
914,4
915,4
916,3
917,5
918,7
919,6
920,4
921,6
922,3
923,3
924,5
925,3
926,3
927,7
928,4
929,5
930,3
931,6
932,6
933,4
934,4
935,7
936,7
937,5
938,7
939,4
940,5
941,5
942,7
943,5
944,4
945,4
946,6
947,4
948,5
949,5
950,5
951,6
952,5
953,3
954,6
955,3
956,4
957,2
958,5
959,7
960,5
961,4
962,4
963,4
964,5
965,5
966,5
967,6
968,5
969,5
970,6
971,3
972,6
973,1
974,4
975,4
976,4
977,5
978,6
979,6
980,5
981,7
982,3
983,5
984,1
985,2
986,6
987,2
988,5
989,6
990,5
991,5
992,6
993,3
994,3
995,5
996,5
997,5
998,5
999,6
1000,3
1001,6
1002,7
1003,4
1004,5
1005,4
1006,1
1007,6
1008,5
1009,2
1010,7
1011,4
1012,6
1013,6
1014,2
1015,7
1016,4
1017,5
1018,7
1019,6
1020,4
1021,3
1022,7
1023,4
1024,7
1025,6
1026,4
1027,3
1028,4
1029,2
1030,7
1031,3
1032,6
1033,4
1034,7
1035,3
1036,4
1037,7
1038,4
1039,7
1040,6
1041,4
1042,5
1043,5
1044,2
1045,5
1046,5
1047,3
1048,7
1049,4
1050,3
1051,3
1052,4
1053,4
1054,5
1055,6
1056,6
1057,4
1058,5
1059,7
1060,6
1061,5
1062,4
1063,4
1064,3
1065,4
1066,5
1067,5
1068,7
1069,4
1070,7
1071,6
1072,4
1073,4
1074,5
1075,4
1076,5
1077,4
1078,4
1079,5
1080,6
1081,2
1082,5
1083,5
1084,7
1085,4
1086,4
1087,5
1088,5
1089,4
1090,3
1091,4
1092,3
1093,2
1094,6
1095,7
1096,4
1097,5
1098,7
1099,6
1100,4
1101,7
1102,5
1103,4
1104,6
1105,4
1106,4
1107,6
1108,5
1109,5
1110,7
1111,6
1112,4
1113,7
1114,5
1115,4
1116,2
1117,5
1118,6
1119,5
1120,6
1121,4
1122,6
1123,7
1124,7
1125,2
1126,5
1127,4
1128,1
1129,6
1130,5
1131,6
1132,4
1133,7
1134,4
1135,5
1136,4
1137,4
1138,2
1139,5
1140,6
1141,6
1142,2
1143,6
1144,4
1145,7
1146,4
1147,6
1148,5
1149,5
1150,4
1151,7
1152,2
1153,4
1154,6
1155,2
1156,4
1157,5
1158,6
1159,4
1160,6
1161,7
1162,5
1163,6
1164,4
1165,6
1166,5
1167,5
1168,4
1169,3
1170,4
1171,5
1172,6
1173,4
1174,7
1175,4
1176,6
1177,6
1178,6
1179,4
1180,5
1181,3
1182,2
1183,6
1184,6
1185,6
1186,4
1187,3
1188,5
1189,5
1190,4
1191,5
1192,7
1193,7
1194,7
1195,3
1196,6
1197,5
1198,3
1199,4
1200,7
1201,5
1202,5
1203,6
1204,4
1205,7
1206,4
1207,4
1208,7
1209,2
1210,4
1211,7
1212,5
1213,5
1214,7
1215,7
1216,6
1217,6
1218,4
1219,7
1220,2
1221,5
1222,5
1223,5
1224,5
1225,5
1226,7
1227,7
1228,2
1229,4
1230,5
1231,2
1232,6
1233,4
1234,6
1235,6
1236,6
1237,5
1238,7
1239,7
1240,5
1241,4
1242,5
1243,5
1244,7
1245,5
1246,7
1247,5
1248,5
1249,5
1250,5
1251,5
1252,2
1253,5
1254,7
1255,7
1256,5
1257,6
1258,6
1259,3
1260,4
1261,4
1262,6
1263,3
1264,7
1265,3
1266,1
1267,5
1268,3
1269,6
1270,6
1271,6
1272,7
1273,6
1274,4
1275,5
1276,5
1277,1
1278,5
1279,5
1280,4
1281,7
1282,3
1283,2
1284,6
1285,4
1286,6
1287,3
1288,4
1289,5
1290,5
1291,4
1292,4
1293,5
1294,6
1295,4
1296,5
1297,3
1298,5
1299,5
1300,5
1301,5
1302,5
1303,7
1304,5
1305,3
1306,3
1307,4
1308,4
1309,7
1310,3
1311,4
1312,3
1313,7
1314,5
1315,5
1316,7
1317,4
1318,5
1319,6
1320,5
1321,7
1322,6
1323,5
1324,7
1325,5
1326,1
1327,5
1328,7
1329,5
1330,1
1331,5
1332,5
1333,6
1334,6
1335,4
1336,7
1337,7
1338,6
1339,5
1340,5
1341,3
1342,4
1343,4
1344,7
1345,4
1346,7
1347,4
1348,1
1349,5
1350,5
1351,5
1352,6
1353,6
1354,4
1355,5
1356,7
1357,7
1358,3
1359,5
1360,7
1361,4
1362,1
1363,2
1364,5
1365,5
1366,5
1367,7
1368,3
1369,5
1370,5
1371,2
1372,3
1373,6
1374,5
1375,4
1376,5
1377,6
1378,5
1379,7
1380,5
1381,5
1382,6
1383,7
1384,3
1385,6
1386,4
1387,6
1388,5
1389,5
1390,4
1391,7
1392,5
1393,6
1394,4
1395,4
1396,5
1397,6
1398,4
1399,6
1400,3
1401,5
1402,3
1403,4
1404,7
1405,1
1406,6
1407,7
1408,1
1409,7
1410,4
1411,6
1412,3
1413,7
1414,5
1415,5
1416,5
1417,4
1418,6
1419,5
1420,5
1421,3
1422,2
1423,6
1424,5
1425,1
1426,5
1427,5
1428,5
1429,7
1430,4
1431,5
1432,6
1433,7
1434,6
1435,7
1436,4
1437,5
1438,5
1439,7
1440,6
1441,6
1442,5
1443,5
1444,7
1445,2
1446,6
1447,5
1448,6
1449,5
1450,6
1451,5
1452,6
1453,7
1454,6
1455,2
1456,2
1457,5
1458,6
1459,4
1460,5
1461,5
1462,4
1463,4
1464,3
1465,5
1466,6
1467,5
1468,4
1469,5
1470,7
1471,5
1472,4
1473,5
1474,5
1475,5
1476,2
1477,6
1478,4
1479,6
1480,4
1481,3
1482,2
1483,6
1484,4
1485,6
1486,3
1487,7
1488,6
1489,3
1490,6
1491,6
1492,4
1493,7
1494,5
1495,3
1496,4
1497,2
1498,3
1499,5
1500,5
1501,5
1502,4
1503,4
1504,5
1505,4
1506,5
1507,6
1508,4
1509,6
1510,6
1511,3
1512,5
1513,7
1514,6
1515,5
1516,6
1517,4
1518,2
1519,6
1520,5
1521,5
1522,7
1523,5
1524,6
1525,4
1526,4
1527,6
1528,5
1529,5
1530,4
1531,7
1532,4
1533,5
1534,6
1535,1
1536,6
1537,1
1538,3
1539,4
1540,5
1541,7
1542,4
1543,5
1544,5
1545,5
1546,7
1547,5
1548,6
1549,2
1550,6
1551,6
1552,4
1553,6
1554,4
1555,5
1556,6
1557,7
1558,5
1559,1
1560,7
1561,5
1562,5
1563,5
1564,6
1565,6
1566,5
1567,5
1568,7
1569,5
1570,3
1571,5
1572,5
1573,5
1574,7
1575,5
1576,5
1577,3
1578,3
1579,5
1580,6
1581,5
1582,3
1583,5
1584,4
1585,6
1586,7
1587,5
1588,5
1589,3
1590,2
1591,5
1592,3
1593,2
1594,4
1595,5
1596,4
1597,4
1598,4
1599,5
1600,5
1601,6
1602,1
1603,6
1604,7
1605,3
1606,7
1607,6
1608,4
1609,4
1610,6
1611,5
1612,5
1613,4
1614,5
1615,6
1616,3
1617,7
1618,1
1619,2
1620,3
1621,3
1622,7
1623,5
1624,6
1625,6
1626,7
1627,5
1628,4
1629,4
1630,5
1631,5
1632,5
1633,5
1634,7
1635,2
1636,7
1637,6
1638,2
1639,3
1640,5
1641,5
1642,6
1643,6
1644,5
1645,5
1646,5
1647,5
1648,2
1649,6
1650,4
1651,5
1652,2
1653,7
1654,5
1655,2
1656,4
1657,7
1658,2
1659,7
1660,5
1661,5
1662,5
1663,6
1664,4
1665,7
1666,7
1667,3
1668,6
1669,3
1670,6
1671,5
1672,2
1673,6
1674,5
1675,4
1676,2
1677,5
1678,7
1679,6
1680,7
1681,4
1682,2
1683,7
1684,5
1685,4
1686,5
1687,5
1688,6
1689,5
1690,5
1691,4
1692,4
1693,3
1694,5
1695,4
1696,3
1697,4
1698,5
1699,7
1700,6
1701,3
1702,5
1703,5
1704,5
1705,7
1706,4
1707,5
1708,6
1709,2
1710,3
1711,4
1712,7
1713,5
1714,5
1715,3
1716,4
1717,5
1718,4
1719,5
1720,7
1721,4
1722,5
1723,6
1724,4
1725,5
1726,5
1727,1
1728,7
1729,4
1730,4
1731,5
1732,3
1733,6
1734,7
1735,6
1736,7
1737,3
1738,7
1739,6
1740,6
1741,2
1742,1
1743,6
1744,7
1745,4
1746,5
1747,6
1748,4
1749,7
1750,2
1751,3
1752,6
1753,5
1754,3
1755,7
1756,7
1757,5
1758,5
1759,4
1760,5
1761,4
1762,5
1763,7
1764,4
1765,6
1766,5
1767,5
1768,5
1769,6
1770,3
1771,5
1772,6
1773,5
1774,4
1775,4
1776,6
1777,4
1778,3
1779,6
1780,5
1781,4
1782,6
1783,4
1784,6
1785,2
1786,3
1787,5
1788,2
1789,3
1790,5
1791,5
1792,3
1793,5
1794,5
1795,4
1796,5
1797,4
1798,7
1799,3
1800,3
1801,7
1802,6
1803,5
1804,2
1805,6
1806,2
1807,5
1808,4
1809,2
1810,1
1811,4
1812,7
1813,4
1814,2
1815,6
1816,5
1817,4
1818,5
1819,5
1820,3
1821,7
1822,4
1823,7
1824,6
1825,6
1826,5
1827,7
1828,5
1829,5
1830,6
1831,2
1832,4
1833,5
1834,5
1835,7
1836,4
1837,5
1838,3
1839,5
1840,7
1841,3
1842,7
1843,4
1844,6
1845,3
1846,3
1847,5
1848,4
1849,7
1850,3
1851,6
1852,3
1853,4
1854,6
1855,5
1856,5
1857,6
1858,5
1859,7
1860,7
1861,4
1862,5
1863,2
1864,5
1865,5
1866,4
1867,7
1868,5
1869,3
1870,6
1871,5
1872,2
1873,6
1874,6
1875,5
1876,4
1877,5
1878,5
1879,5
1880,5
1881,4
1882,5
1883,3
1884,1
1885,4
1886,5
1887,4
1888,5
1889,2
1890,7
1891,6
1892,5
1893,6
1894,4
1895,4
1896,7
1897,4
1898,7
1899,6
1900,6
1901,4
1902,3
1903,4
1904,5
1905,6
1906,3
1907,6
1908,4
1909,4
1910,5
1911,5
1912,2
1913,5
1914,5
1915,5
1916,6
1917,6
1918,4
1919,6
1920,5
1921,6
1922,3
1923,4
1924,6
1925,5
1926,5
1927,5
1928,6
1929,3
1930,5
1931,6
1932,2
1933,4
1934,5
1935,2
1936,7
1937,7
1938,7
1939,5
1940,6
1941,1
1942,7
1943,6
1944,5
1945,5
1946,6
1947,2
1948,5
1949,5
1950,2
1951,4
1952,7
1953,4
1954,4
1955,5
1956,3
1957,5
1958,4
1959,5
1960,7
1961,6
1962,4
1963,6
1964,6
1965,3
1966,4
1967,2
1968,7
1969,4
1970,3
1971,5
1972,5
1973,5
1974,3
1975,1
1976,5
1977,6
1978,4
1979,7
1980,5
1981,5
1982,6
1983,4
1984,5
1985,6
1986,4
1987,5
1988,6
1989,7
1990,5
1991,7
1992,4
1993,3
1994,6
1995,7
1996,7
1997,7
1998,6
1999,5
2000,1
2001,5
2002,5
2003,5
2004,5
2005,3
2006,7
2007,4
2008,7
2009,7
2010,4
2011,6
2012,6
2013,6
2014,5
2015,3
2016,6
2017,7
2018,5
2019,7
2020,6
2021,4
2022,3
2023,4
2024,7
2025,3
2026,6
2027,6
2028,4
2029,5
2030,7
2031,4
2032,7
2033,5
2034,6
2035,4
2036,6
2037,5
2038,3
2039,6
2040,5
2041,5
2042,4
2043,4
2044,5
2045,5
2046,3
2047,2
2048,6
2049,4
2050,6
2051,6
2052,7
2053,5
2054,5
2055,6
2056,4
2057,6
2058,6
2059,2
2060,4
2061,4
2062,4
2063,6
2064,7
2065,7
2066,4
2067,1
2068,4
2069,5
2070,6
2071,4
2072,6
2073,5
2074,6
2075,4
2076,5
2077,1
2078,5
2079,5
2080,6
2081,5
2082,6
2083,7
2084,4
2085,6
2086,4
2087,5
2088,2
2089,4
2090,6
2091,5
2092,7
2093,4
2094,7
2095,4
2096,5
2097,6
2098,6
2099,7
2100,5
2101,2
2102,5
2103,6
2104,6
2105,3
2106,6
2107,5
2108,5
2109,6
2110,5
2111,5
2112,7
2113,4
2114,6
2115,5
2116,6
2117,5
2118,5
2119,6
2120,5
2121,4
2122,5
2123,2
2124,5
2125,6
2126,5
2127,6
2128,6
2129,5
2130,7
2131,4
2132,2
2133,6
2134,4
2135,5
2136,5
2137,5
2138,3
2139,7
2140,4
2141,5
2142,5
2143,4
2144,5
2145,6
2146,3
2147,7
2148,3
2149,5
2150,4
2151,7
2152,7
2153,2
2154,7
2155,5
2156,7
2157,4
2158,6
2159,7
2160,4
2161,7
2162,7
2163,1
2164,5
2165,7
2166,7
2167,4
2168,7
2169,4
2170,6
2171,4
2172,5
2173,6
2174,6
2175,4
2176,5
2177,5
2178,3
2179,6
2180,6
2181,4
2182,6
2183,4
2184,4
2185,5
2186,6
2187,7
2188,6
2189,5
2190,4
2191,2
2192,6
2193,6
2194,5
2195,4
2196,7
2197,4
2198,5
2199,6
2200,5
2201,6
2202,5
2203,6
2204,3
2205,6
2206,5
2207,7
2208,3
2209,3
2210,4
2211,6
2212,3
2213,7
2214,3
2215,5
2216,3
2217,7
2218,3
2219,5
2220,6
2221,3
2222,6
2223,3
2224,4
2225,7
2226,7
2227,6
2228,2
2229,5
2230,4
2231,5
2232,2
2233,5
2234,5
2235,6
2236,5
2237,6
2238,6
2239,2
2240,5
2241,4
2242,7
2243,3
2244,5
2245,7
2246,4
2247,5
2248,5
2249,6
2250,3
2251,6
2252,4
2253,6
2254,4
2255,6
2256,5
2257,6
2258,6
2259,6
2260,5
2261,5
2262,7
2263,4
2264,4
2265,5
2266,4
2267,5
2268,4
2269,5
2270,1
2271,4
2272,7
2273,5
2274,7
2275,6
2276,5
2277,5
2278,7
2279,5
2280,5
2281,1
2282,5
2283,5
2284,4
2285,5
2286,3
2287,3
2288,2
2289,5
2290,6
2291,5
2292,6
2293,3
2294,4
2295,5
2296,3
2297,3
2298,4
2299,5
2300,4
2301,4
2302,3
2303,6
2304,5
2305,6
2306,6
2307,6
2308,5
2309,6
2310,4
2311,5
2312,3
2313,6
2314,5
2315,4
2316,7
2317,7
2318,5
2319,1
2320,5
2321,6
2322,7
2323,7
2324,5
2325,6
2326,7
2327,4
2328,4
2329,4
2330,3
2331,5
2332,7
2333,7
2334,2
2335,4
2336,5
2337,5
2338,3
2339,6
2340,3
2341,5
2342,3
2343,3
2344,5
2345,5
2346,5
2347,5
2348,6
2349,4
2350,5
2351,5
2352,5
2353,5
2354,5
2355,4
2356,2
2357,3
2358,5
2359,4
2360,1
2361,3
2362,6
2363,5
2364,5
2365,6
2366,3
2367,6
2368,6
2369,6
2370,3
2371,7
2372,5
2373,5
2374,6
2375,4
2376,3
2377,6
2378,4
2379,4
2380,6
2381,4
2382,5
2383,6
2384,7
2385,4
2386,5
2387,6
2388,6
2389,6
2390,5
2391,6
2392,2
2393,5
2394,6
2395,6
2396,6
2397,6
2398,5
2399,4
2400,3
2401,6
2402,4
2403,4
2404,7
2405,5
2406,6
2407,5
2408,3
2409,6
2410,3
2411,4
2412,3
2413,3
2414,5
2415,6
2416,4
2417,5
2418,5
2419,5
2420,5
2421,4
2422,7
2423,3
2424,5
2425,4
2426,4
2427,6
2428,7
2429,5
2430,5
2431,4
2432,5
2433,5
2434,5
2435,6
2436,6
2437,6
2438,5
2439,5
2440,7
2441,5
2442,3
2443,5
2444,6
2445,4
2446,4
2447,4
2448,7
2449,4
2450,7
2451,7
2452,7
2453,6
2454,5
2455,7
2456,4
2457,2
2458,5
2459,5
2460,4
2461,5
2462,4
2463,2
2464,5
2465,4
2466,4
2467,5
2468,4
2469,6
2470,7
2471,5
2472,6
2473,5
2474,6
2475,6
2476,5
2477,4
2478,6
2479,6
2480,5
2481,4
2482,7
2483,5
2484,3
2485,6
2486,6
2487,5
2488,6
2489,7
2490,3
2491,4
2492,7
2493,4
2494,5
2495,6
2496,5
2497,6
2498,6
2499,7
2500,4
2501,6
2502,6
2503,3
2504,7
2505,5
2506,6
2507,4
2508,3
2509,4
2510,5
2511,5
2512,4
2513,6
2514,6
2515,2
2516,6
2517,5
2518,3
2519,5
2520,6
2521,6
2522,3
2523,4
2524,4
2525,5
2526,6
2527,5
2528,7
2529,5
2530,6
2531,6
2532,6
2533,6
2534,5
2535,5
2536,4
2537,4
2538,5
2539,4
2540,6
2541,5
2542,5
2543,5
2544,4
2545,5
2546,5
2547,6
2548,5
2549,5
2550,5
2551,2
2552,7
2553,3
2554,7
2555,5
2556,4
2557,5
2558,7
2559,7
2560,6
2561,6
2562,6
2563,5
2564,4
2565,5
2566,6
2567,5
2568,4
2569,5
2570,4
2571,7
2572,4
2573,3
2574,7
2575,6
2576,3
2577,5
2578,5
2579,2
2580,1
2581,3
2582,5
2583,5
2584,6
2585,5
2586,6
2587,4
2588,6
2589,3
2590,3
2591,1
2592,4
2593,7
2594,7
2595,4
2596,6
2597,6
2598,4
2599,5
2600,6
2601,3
2602,7
2603,7
2604,5
2605,5
2606,4
2607,4
2608,4
2609,4
2610,5
2611,7
2612,7
2613,7
2614,4
2615,7
2616,4
2617,3
2618,1
2619,4
2620,3
2621,3
2622,5
2623,5
2624,3
2625,4
2626,5
2627,6
2628,6
2629,5
2630,6
2631,6
2632,7
2633,5
2634,7
2635,4
2636,6
2637,4
2638,4
2639,4
2640,5
2641,5
2642,5
2643,3
2644,5
2645,5
2646,6
2647,3
2648,5
2649,5
2650,4
2651,4
2652,5
2653,6
2654,6
2655,4
2656,5
2657,4
2658,7
2659,1
2660,6
2661,5
2662,4
2663,4
2664,2
2665,6
2666,5
2667,6
2668,5
2669,2
2670,4
2671,5
2672,7
2673,6
2674,6
2675,5
2676,2
2677,6
2678,7
2679,5
2680,3
2681,4
2682,6
2683,4
2684,6
2685,6
2686,5
2687,7
2688,5
2689,5
2690,6
2691,5
2692,5
2693,7
2694,4
2695,5
2696,5
2697,5
2698,6
2699,2
2700,4
2701,1
2702,5
2703,1
2704,6
2705,3
2706,5
2707,4
2708,5
2709,5
2710,5
2711,3
2712,5
2713,7
2714,7
2715,6
2716,7
2717,3
2718,4
2719,7
2720,5
2721,4
2722,5
2723,5
2724,5
2725,4
2726,5
2727,4
2728,7
2729,6
2730,3
2731,3
2732,4
2733,5
2734,6
2735,5
2736,4
2737,3
2738,5
2739,5
2740,5
2741,6
2742,3
2743,2
2744,3
2745,4
2746,6
2747,2
2748,5
2749,3
2750,4
2751,5
2752,6
2753,7
2754,4
2755,5
2756,7
2757,2
2758,2
2759,6
2760,6
2761,6
2762,4
2763,1
2764,7
2765,2
2766,6
2767,5
2768,6
2769,4
2770,1
2771,5
2772,5
2773,6
2774,5
2775,5
2776,5
2777,7
2778,4
2779,5
2780,4
2781,7
2782,7
2783,5
2784,5
2785,6
2786,5
2787,5
2788,6
2789,2
2790,3
2791,4
2792,4
2793,7
2794,3
2795,6
2796,4
2797,4
2798,5
2799,5
2800,5
2801,5
2802,7
2803,3
2804,6
2805,5
2806,6
2807,4
2808,4
2809,5
2810,7
2811,4
2812,5
2813,5
2814,5
2815,5
2816,5
2817,7
2818,4
2819,5
2820,7
2821,5
2822,7
2823,4
2824,6
2825,6
2826,5
2827,3
2828,6
2829,2
2830,4
2831,5
2832,4
2833,7
2834,2
2835,3
2836,4
2837,6
2838,7
2839,5
2840,3
2841,5
2842,6
2843,3
2844,1
2845,3
2846,3
2847,4
2848,5
2849,5
2850,6
2851,2
2852,6
2853,6
2854,7
2855,5
2856,5
2857,4
2858,6
2859,7
2860,5
2861,6
2862,5
2863,4
2864,3
2865,6
2866,4
2867,4
2868,5
2869,4
2870,6
2871,5
2872,6
2873,7
2874,3
2875,6
2876,4
2877,6
2878,7
2879,6
2880,4
2881,3
2882,5
2883,5
2884,5
2885,6
2886,4
2887,4
2888,3
2889,5
2890,4
2891,4
2892,7
2893,5
2894,4
2895,5
2896,4
2897,3
2898,6
2899,5
2900,4
2901,5
2902,6
2903,4
2904,5
2905,3
2906,5
2907,5
2908,4
2909,7
2910,6
2911,4
2912,6
2913,6
2914,3
2915,5
2916,6
2917,5
2918,6
2919,2
2920,5
2921,7
2922,2
2923,5
2924,3
2925,4
2926,4
2927,5
2928,3
2929,7
2930,4
2931,7
2932,3
2933,3
2934,5
2935,7
2936,4
2937,6
2938,4
2939,5
2940,6
2941,5
2942,3
2943,6
2944,1
2945,7
2946,5
2947,3
2948,6
2949,4
2950,7
2951,5
2952,6
2953,5
2954,6
2955,5
2956,5
2957,6
2958,4
2959,6
2960,5
2961,5
2962,5
2963,6
2964,5
2965,5
2966,2
2967,7
2968,5
2969,6
2970,6
2971,4
2972,5
2973,1
2974,4
2975,5
2976,4
2977,3
2978,5
2979,3
2980,5
2981,5
2982,5
2983,2
2984,6
2985,6
2986,5
2987,6
2988,2
2989,5
2990,5
2991,5
2992,7
2993,4
2994,6
2995,4
2996,7
2997,6
2998,5
2999,4
3000,4
3001,5
3002,3
3003,4
3004,5
3005,2
3006,5
3007,5
3008,6
3009,7
3010,2
3011,4
3012,5
3013,6
3014,3
3015,7
3016,3
3017,4
3018,3
3019,3
3020,5
3021,6
3022,4
3023,5
3024,4
3025,5
3026,7
3027,2
3028,4
3029,6
3030,3
3031,6
3032,6
3033,7
3034,6
3035,4
3036,4
3037,5
3038,5
3039,7
3040,5
3041,4
3042,5
3043,4
3044,7
3045,3
3046,4
3047,4
3048,5
3049,2
3050,7
3051,5
3052,4
3053,4
3054,7
3055,3
3056,7
3057,1
3058,5
3059,7
3060,6
3061,3
3062,2
3063,4
3064,5
3065,5
3066,6
3067,6
3068,6
3069,2
3070,6
3071,6
3072,4
3073,5
3074,6
3075,6
3076,6
3077,7
3078,2
3079,5
3080,4
3081,4
3082,5
3083,6
3084,7
3085,1
3086,6
3087,5
3088,5
3089,3
3090,2
3091,6
3092,4
3093,4
3094,3
3095,5
3096,2
3097,6
3098,5
3099,5
3100,5
3101,4
3102,5
3103,6
3104,4
3105,7
3106,5
3107,3
3108,2
3109,6
3110,5
3111,7
3112,5
3113,6
3114,6
3115,5
3116,6
3117,6
3118,7
3119,3
3120,4
3121,4
3122,4
3123,7
3124,5
3125,6
3126,4
3127,7
3128,2
3129,4
3130,5
3131,4
3132,5
3133,3
3134,6
3135,3
3136,6
3137,4
3138,2
3139,3
3140,5
3141,4
3142,7
3143,5
3144,4
3145,4
3146,6
3147,2
3148,5
3149,4
3150,7
3151,5
3152,5
3153,3
3154,6
3155,5
3156,6
3157,5
3158,4
3159,2
3160,6
3161,4
3162,2
3163,4
3164,3
3165,6
3166,5
3167,6
3168,3
3169,3
3170,3
3171,4
3172,4
3173,5
3174,4
3175,6
3176,3
3177,5
3178,7
3179,6
3180,3
3181,4
3182,5
3183,3
3184,5
3185,5
3186,5
3187,5
3188,7
3189,6
3190,5
3191,6
3192,5
3193,5
3194,3
3195,5
3196,4
3197,7
3198,5
3199,5
3200,5
3201,5
3202,6
3203,6
3204,6
3205,1
3206,2
3207,5
3208,5
3209,7
3210,3
3211,6
3212,3
3213,6
3214,6
3215,6
3216,5
3217,4
3218,5
3219,5
3220,4
3221,7
3222,2
3223,1
3224,5
3225,4
3226,5
3227,4
3228,5
3229,6
3230,4
3231,7
3232,5
3233,4
3234,6
3235,2
3236,4
3237,6
3238,5
3239,5
3240,3
3241,7
3242,4
3243,5
3244,3
3245,4
3246,3
3247,4
3248,4
3249,3
3250,6
3251,6
3252,7
3253,5
3254,2
3255,7
3256,6
3257,3
3258,5
3259,5
3260,4
3261,7
3262,5
3263,6
3264,6
3265,5
3266,5
3267,6
3268,6
3269,3
3270,4
3271,7
3272,5
3273,5
3274,5
3275,7
3276,6
3277,7
3278,7
3279,4
3280,5
3281,5
3282,4
3283,6
3284,3
3285,5
3286,4
3287,4
3288,6
3289,5
3290,3
3291,4
3292,5
3293,3
3294,5
3295,6
3296,4
3297,5
3298,3
3299,5
3300,2
3301,7
3302,4
3303,1
3304,2
3305,4
3306,5
3307,3
3308,6
3309,5
3310,6
3311,2
3312,7
3313,5
3314,5
3315,7
3316,5
3317,5
3318,4
3319,5
3320,5
3321,5
3322,5
3323,3
3324,7
3325,5
3326,5
3327,4
3328,4
3329,3
3330,5
3331,2
3332,7
3333,3
3334,7
3335,7
3336,6
3337,6
3338,6
3339,4
3340,4
3341,5
3342,6
3343,6
3344,4
3345,6
3346,4
3347,6
3348,4
3349,4
3350,4
3351,5
3352,5
3353,6
3354,4
3355,3
3356,7
3357,5
3358,5
3359,1
3360,5
3361,4
3362,4
3363,5
3364,1
3365,2
3366,6
3367,7
3368,5
3369,3
3370,5
3371,7
3372,5
3373,4
3374,4
3375,4
3376,7
3377,3
3378,4
3379,5
3380,4
3381,5
3382,4
3383,7
3384,3
3385,5
3386,7
3387,7
3388,5
3389,5
3390,5
3391,4
3392,7
3393,4
3394,2
3395,5
3396,4
3397,6
3398,4
3399,6
3400,5
3401,2
3402,6
3403,7
3404,7
3405,7
3406,5
3407,6
3408,6
3409,3
3410,6
3411,6
3412,4
3413,3
3414,5
3415,3
3416,5
3417,5
3418,4
3419,4
3420,4
3421,4
3422,2
3423,5
3424,5
3425,3
3426,3
3427,5
3428,5
3429,5
3430,2
3431,6
3432,4
3433,5
3434,6
3435,4
3436,5
3437,7
3438,4
3439,5
3440,7
3441,5
3442,5
3443,5
3444,6
3445,5
3446,6
3447,5
3448,5
3449,5
3450,4
3451,6
3452,6
3453,6
3454,2
3455,5
3456,5
3457,4
3458,3
3459,1
3460,6
3461,5
3462,5
3463,5
3464,5
3465,7
3466,4
3467,4
3468,7
3469,3
3470,3
3471,5
3472,6
3473,6
3474,2
3475,6
3476,5
3477,3
3478,5
3479,1
3480,4
3481,4
3482,5
3483,4
3484,7
3485,5
3486,5
3487,4
3488,5
3489,5
3490,4
3491,2
3492,5
3493,5
3494,2
3495,6
3496,6
3497,6
3498,4
3499,5
3500,4
3501,7
3502,4
3503,6
3504,6
3505,6
3506,6
3507,6
3508,5
3509,7
3510,6
3511,4
3512,7
3513,5
3514,6
3515,7
3516,7
3517,7
3518,6
3519,3
3520,5
3521,4
3522,3
3523,5
3524,4
3525,3
3526,6
3527,5
3528,4
3529,6
3530,1
3531,4
3532,5
3533,7
3534,6
3535,5
3536,4
3537,6
3538,3
3539,3
3540,2
3541,4
3542,6
3543,7
3544,6
3545,6
3546,4
3547,7
3548,5
3549,1
3550,5
3551,5
3552,5
3553,3
3554,2
3555,4
3556,6
3557,3
3558,5
3559,2
3560,6
3561,7
3562,4
3563,6
3564,5
3565,6
3566,4
3567,4
3568,7
3569,7
3570,5
3571,4
3572,2
3573,6
3574,6
3575,5
3576,5
3577,5
3578,6
3579,6
3580,4
3581,6
3582,5
3583,4
3584,4
3585,5
3586,4
3587,4
3588,5
3589,4
3590,2
3591,5
3592,6
3593,6
3594,6
3595,7
3596,2
3597,6
3598,4
3599,5
3600,6
3601,1
3602,4
3603,2
3604,5
3605,5
3606,7
3607,5
3608,5
3609,7
3610,6
3611,7
3612,1
3613,5
3614,4
3615,5
3616,5
3617,5
3618,4
3619,5
3620,1
3621,5
3622,3
3623,7
3624,7
3625,5
3626,5
3627,4
3628,5
3629,6
3630,2
3631,2
3632,5
3633,5
3634,5
3635,6
3636,6
3637,5
3638,5
3639,4
3640,5
3641,4
3642,4
3643,6
3644,7
3645,4
3646,2
3647,5
3648,3
3649,3
3650,5
3651,6
3652,6
3653,3
3654,7
3655,2
3656,5
3657,4
3658,5
3659,5
3660,6
3661,4
3662,6
3663,5
3664,5
3665,7
3666,3
3667,5
3668,4
3669,5
3670,3
3671,6
3672,4
3673,7
3674,4
3675,4
3676,4
3677,5
3678,6
3679,6
3680,3
3681,4
3682,4
3683,4
3684,4
3685,5
3686,6
3687,4
3688,6
3689,5
3690,2
3691,7
3692,5
3693,4
3694,5
3695,5
3696,5
3697,5
3698,6
3699,5
3700,7
3701,5
3702,3
3703,6
3704,3
3705,7
3706,5
3707,7
3708,6
3709,5
3710,6
3711,4
3712,5
3713,5
3714,2
3715,6
3716,7
3717,5
3718,4
3719,4
3720,2
3721,7
3722,5
3723,4
3724,4
3725,6
3726,7
3727,7
3728,5
3729,7
3730,6
3731,4
3732,5
3733,3
3734,6
3735,5
3736,2
3737,5
3738,1
3739,3
3740,5
3741,5
3742,3
3743,3
3744,4
3745,5
3746,2
3747,1
3748,5
3749,6
3750,5
3751,6
3752,5
3753,6
3754,5
3755,7
3756,6
3757,4
3758,6
3759,4
3760,5
3761,2
3762,3
3763,5
3764,7
3765,5
3766,4
3767,5
3768,5
3769,5
3770,5
3771,4
3772,5
3773,6
3774,5
3775,6
3776,6
3777,7
3778,6
3779,7
3780,6
3781,5
3782,6
3783,1
3784,1
3785,5
3786,2
3787,6
3788,4
3789,4
3790,4
3791,3
3792,6
3793,6
3794,7
3795,5
3796,3
3797,4
3798,5
3799,4
3800,5
3801,4
3802,2
3803,4
3804,3
3805,5
3806,3
3807,6
3808,3
3809,6
3810,2
3811,3
3812,5
3813,4
3814,6
3815,6
3816,6
3817,4
3818,5
3819,3
3820,4
3821,6
3822,3
3823,5
3824,1
3825,5
3826,5
3827,6
3828,3
3829,5
3830,7
3831,6
3832,6
3833,6
3834,6
3835,1
3836,7
3837,2
3838,4
3839,5
3840,4
3841,4
3842,5
3843,5
3844,5
3845,4
3846,6
3847,7
3848,3
3849,6
3850,4
3851,6
3852,5
3853,4
3854,4
3855,6
3856,6
3857,4
3858,7
3859,3
3860,5
3861,4
3862,7
3863,5
3864,3
3865,3
3866,6
3867,6
3868,3
3869,3
3870,6
3871,5
3872,6
3873,3
3874,6
3875,6
3876,1
3877,1
3878,4
3879,5
3880,6
3881,6
3882,4
3883,6
3884,6
3885,4
3886,7
3887,4
3888,6
3889,2
3890,3
3891,4
3892,4
3893,4
3894,7
3895,6
3896,5
3897,7
3898,4
3899,2
3900,6
3901,5
3902,4
3903,6
3904,4
3905,6
3906,7
3907,4
3908,5
3909,6
3910,2
3911,4
3912,5
3913,4
3914,3
3915,7
3916,5
3917,5
3918,3
3919,2
3920,5
3921,5
3922,2
3923,5
3924,7
3925,4
3926,5
3927,5
3928,6
3929,3
3930,6
3931,4
3932,4
3933,6
3934,4
3935,3
3936,6
3937,6
3938,5
3939,6
3940,5
3941,7
3942,6
3943,6
3944,4
3945,7
3946,5
3947,3
3948,4
3949,4
3950,6
3951,5
3952,6
3953,5
3954,4
3955,6
3956,4
3957,7
3958,6
3959,6
3960,4
3961,4
3962,1
3963,5
3964,5
3965,3
3966,6
3967,6
3968,4
3969,6
3970,4
3971,7
3972,4
3973,6
3974,7
3975,2
3976,7
3977,4
3978,5
3979,4
3980,3
3981,6
3982,5
3983,5
3984,5
3985,4
3986,1
3987,6
3988,4
3989,5
3990,3
3991,5
3992,6
3993,4
3994,5
3995,1
3996,3
3997,5
3998,5
3999,5
4000,7
4001,6
4002,6
4003,4
4004,5
4005,4
4006,5
4007,6
4008,6
4009,5
4010,4
4011,1
4012,2
4013,5
4014,4
4015,5
4016,6
4017,3
4018,4
4019,5
4020,1
4021,3
4022,4
4023,6
4024,2
4025,7
4026,4
4027,7
4028,6
4029,5
4030,4
4031,5
4032,4
4033,2
4034,3
4035,5
4036,5
4037,5
4038,5
4039,3
4040,6
4041,4
4042,7
4043,5
4044,4
4045,6
4046,6
4047,4
4048,2
4049,4
4050,6
4051,5
4052,1
4053,4
4054,6
4055,4
4056,5
4057,5
4058,4
4059,4
4060,4
4061,4
4062,6
4063,5
4064,6
4065,2
4066,6
4067,5
4068,3
4069,2
4070,2
4071,5
4072,5
4073,5
4074,6
4075,3
4076,7
4077,6
4078,5
4079,3
4080,5
4081,3
4082,3
4083,3
4084,5
4085,7
4086,6
4087,4
4088,3
4089,5
4090,4
4091,6
4092,5
4093,1
4094,3
4095,5
4096,5
4097,4
4098,6
4099,6
4100,5
4101,5
4102,5
4103,4
4104,4
4105,3
4106,4
4107,7
4108,7
4109,5
4110,5
4111,7
4112,7
4113,5
4114,2
4115,5
4116,7
4117,5
4118,6
4119,3
4120,5
4121,5
4122,2
4123,6
4124,5
4125,5
4126,4
4127,6
4128,5
4129,2
4130,5
4131,5
4132,5
4133,6
4134,4
4135,4
4136,5
4137,3
4138,5
4139,2
4140,5
4141,5
4142,4
4143,5
4144,7
4145,4
4146,3
4147,7
4148,3
4149,4
4150,2
4151,4
4152,4
4153,5
4154,7
4155,4
4156,4
4157,3
4158,4
4159,3
4160,4
4161,2
4162,6
4163,3
4164,5
4165,4
4166,5
4167,4
4168,4
4169,6
4170,5
4171,7
4172,6
4173,5
4174,7
4175,5
4176,3
4177,3
4178,4
4179,6
4180,1
4181,5
4182,2
4183,7
4184,4
4185,3
4186,4
4187,7
4188,4
4189,7
4190,6
4191,4
4192,5
4193,6
4194,6
4195,7
4196,4
4197,5
4198,4
4199,4
4200,5
4201,5
4202,7
4203,6
4204,6
4205,5
4206,6
4207,7
4208,7
4209,7
4210,6
4211,4
4212,6
4213,6
4214,5
4215,5
4216,7
4217,2
4218,3
4219,7
4220,6
4221,5
4222,7
4223,5
4224,3
4225,5
4226,4
4227,7
4228,6
4229,5
4230,2
4231,4
4232,3
4233,5
4234,5
4235,7
4236,4
4237,5
4238,5
4239,5
4240,5
4241,4
4242,6
4243,2
4244,5
4245,4
4246,3
4247,6
4248,5
4249,6
4250,6
4251,7
4252,4
4253,2
4254,7
4255,6
4256,7
4257,7
4258,6
4259,4
4260,5
4261,6
4262,7
4263,5
4264,4
4265,5
4266,7
4267,6
4268,4
4269,6
4270,5
4271,6
4272,6
4273,4
4274,4
4275,6
4276,4
4277,7
4278,7
4279,5
4280,6
4281,7
4282,4
4283,2
4284,3
4285,4
4286,4
4287,4
4288,7
4289,7
4290,6
4291,5
4292,5
4293,6
4294,6
4295,4
4296,6
4297,4
4298,3
4299,6
4300,5
4301,6
4302,6
4303,3
4304,4
4305,6
4306,5
4307,5
4308,4
4309,5
4310,6
4311,4
4312,5
4313,6
4314,4
4315,7
4316,6
4317,3
4318,3
4319,5
4320,4
4321,7
4322,6
4323,5
4324,4
4325,3
4326,3
4327,7
4328,4
4329,5
4330,6
4331,7
4332,4
4333,4
4334,5
4335,5
4336,6
4337,5
4338,4
4339,4
4340,5
4341,4
4342,6
4343,5
4344,4
4345,7
4346,5
4347,5
4348,4
4349,5
4350,3
4351,7
4352,5
4353,6
4354,3
4355,7
4356,6
4357,3
4358,3
4359,4
4360,7
4361,6
4362,4
4363,4
4364,7
4365,3
4366,3
4367,4
4368,7
4369,4
4370,7
4371,3
4372,5
4373,4
4374,4
4375,7
4376,4
4377,5
4378,7
4379,4
4380,4
4381,5
4382,5
4383,3
4384,6
4385,5
4386,7
4387,6
4388,4
4389,5
4390,6
4391,5
4392,6
4393,6
4394,4
4395,5
4396,4
4397,6
4398,7
4399,7
4400,6
4401,3
4402,1
4403,5
4404,6
4405,4
4406,4
4407,4
4408,5
4409,7
4410,7
4411,5
4412,6
4413,6
4414,3
4415,3
4416,3
4417,7
4418,4
4419,7
4420,7
4421,3
4422,6
4423,2
4424,5
4425,4
4426,5
4427,2
4428,5
4429,6
4430,4
4431,3
4432,4
4433,5
4434,6
4435,4
4436,2
4437,2
4438,5
4439,5
4440,5
4441,4
4442,5
4443,5
4444,6
4445,5
4446,5
4447,3
4448,3
4449,4
4450,6
4451,7
4452,4
4453,4
4454,5
4455,7
4456,6
4457,5
4458,5
4459,5
4460,5
4461,6
4462,2
4463,6
4464,6
4465,5
4466,3
4467,4
4468,2
4469,4
4470,7
4471,6
4472,5
4473,4
4474,5
4475,5
4476,4
4477,6
4478,7
4479,4
4480,5
4481,6
4482,5
4483,5
4484,5
4485,6
4486,7
4487,3
4488,7
4489,2
4490,5
4491,4
4492,4
4493,6
4494,1
4495,6
4496,6
4497,2
4498,6
4499,3
4500,3
4501,2
4502,5
4503,2
4504,4
4505,1
4506,4
4507,4
4508,7
4509,5
4510,5
4511,5
4512,7
4513,6
4514,7
4515,7
4516,5
4517,6
4518,6
4519,5
4520,5
4521,6
4522,1
4523,6
4524,7
4525,3
4526,6
4527,5
4528,5
4529,5
4530,5
4531,7
4532,5
4533,5
4534,3
4535,4
4536,3
4537,7
4538,3
4539,5
4540,2
4541,3
4542,4
4543,6
4544,6
4545,7
4546,6
4547,5
4548,5
4549,5
4550,5
4551,5
4552,6
4553,4
4554,4
4555,2
4556,6
4557,7
4558,2
4559,3
4560,3
4561,5
4562,4
4563,3
4564,5
4565,3
4566,7
4567,7
4568,4
4569,6
4570,3
4571,5
4572,1
4573,6
4574,5
4575,4
4576,7
4577,5
4578,7
4579,4
4580,4
4581,5
4582,7
4583,1
4584,6
4585,4
4586,7
4587,7
4588,4
4589,7
4590,5
4591,5
4592,6
4593,7
4594,5
4595,6
4596,3
4597,6
4598,5
4599,1
4600,7
4601,5
4602,5
4603,6
4604,5
4605,4
4606,5
4607,7
4608,5
4609,3
4610,4
4611,3
4612,6
4613,3
4614,5
4615,7
4616,5
4617,5
4618,5
4619,5
4620,2
4621,5
4622,5
4623,5
4624,2
4625,4
4626,5
4627,7
4628,6
4629,5
4630,5
4631,5
4632,3
4633,3
4634,6
4635,4
4636,5
4637,4
4638,4
4639,6
4640,6
4641,5
4642,4
4643,6
4644,6
4645,7
4646,6
4647,3
4648,6
4649,5
4650,4
4651,6
4652,7
4653,5
4654,6
4655,5
4656,3
4657,5
4658,2
4659,7
4660,6
4661,5
4662,3
4663,6
4664,5
4665,6
4666,5
4667,6
4668,5
4669,5
4670,7
4671,5
4672,7
4673,5
4674,4
4675,6
4676,3
4677,4
4678,4
4679,4
4680,2
4681,6
4682,5
4683,5
4684,6
4685,5
4686,5
4687,3
4688,5
4689,6
4690,6
4691,5
4692,5
4693,6
4694,4
4695,5
4696,3
4697,4
4698,4
4699,6
4700,6
4701,5
4702,5
4703,2
4704,5
4705,4
4706,6
4707,5
4708,7
4709,6
4710,5
4711,7
4712,6
4713,6
4714,3
4715,5
4716,5
4717,5
4718,4
4719,6
4720,4
4721,5
4722,7
4723,4
4724,6
4725,4
4726,1
4727,7
4728,6
4729,5
4730,5
4731,3
4732,2
4733,6
4734,3
4735,3
4736,5
4737,6
4738,5
4739,5
4740,4
4741,5
4742,6
4743,4
4744,7
4745,4
4746,4
4747,5
4748,5
4749,5
4750,2
4751,7
4752,7
4753,2
4754,3
4755,6
4756,3
4757,4
4758,6
4759,5
4760,6
4761,4
4762,5
4763,5
4764,4
4765,4
4766,3
4767,7
4768,5
4769,4
4770,5
4771,1
4772,3
4773,6
4774,6
4775,4
4776,4
4777,6
4778,7
4779,5
4780,5
4781,4
4782,2
4783,4
4784,5
4785,5
4786,4
4787,7
4788,3
4789,3
4790,7
4791,3
4792,4
4793,7
4794,5
4795,3
4796,3
4797,3
4798,5
4799,4
4800,6
4801,6
4802,7
4803,5
4804,4
4805,6
4806,5
4807,7
4808,3
4809,1
4810,6
4811,5
4812,2
4813,2
4814,6
4815,4
4816,2
4817,6
4818,6
4819,6
4820,5
4821,4
4822,3
4823,6
4824,7
4825,6
4826,6
4827,6
4828,6
4829,4
4830,4
4831,3
4832,5
4833,6
4834,7
4835,7
4836,4
4837,7
4838,7
4839,4
4840,4
4841,5
4842,7
4843,3
4844,6
4845,6
4846,6
4847,5
4848,7
4849,4
4850,3
4851,7
4852,5
4853,6
4854,5
4855,6
4856,3
4857,5
4858,5
4859,6
4860,5
4861,6
4862,7
4863,2
4864,5
4865,2
4866,4
4867,6
4868,2
4869,3
4870,4
4871,7
4872,6
4873,7
4874,3
4875,6
4876,3
4877,6
4878,5
4879,1
4880,2
4881,5
4882,6
4883,7
4884,7
4885,3
4886,2
4887,6
4888,4
4889,5
4890,4
4891,5
4892,5
4893,6
4894,4
4895,4
4896,3
4897,6
4898,3
4899,5
4900,7
4901,5
4902,5
4903,5
4904,5
4905,2
4906,7
4907,7
4908,6
4909,6
4910,6
4911,5
4912,5
4913,3
4914,2
4915,5
4916,5
4917,6
4918,6
4919,6
4920,5
4921,6
4922,3
4923,4
4924,5
4925,5
4926,6
4927,4
4928,5
4929,6
4930,3
4931,6
4932,5
4933,5
4934,3
4935,3
4936,6
4937,6
4938,2
4939,5
4940,4
4941,4
4942,4
4943,3
4944,4
4945,5
4946,6
4947,3
4948,4
4949,7
4950,7
4951,1
4952,3
4953,4
4954,5
4955,6
4956,5
4957,4
4958,5
4959,6
4960,5
4961,6
4962,5
4963,4
4964,6
4965,5
4966,5
4967,5
4968,6
4969,5
4970,6
4971,6
4972,4
4973,6
4974,7
4975,6
4976,4
4977,5
4978,5
4979,4
4980,6
4981,3
4982,4
4983,6
4984,4
4985,5
4986,5
4987,5
4988,7
4989,4
4990,4
4991,4
4992,7
4993,7
4994,6
4995,4
4996,5
4997,4
4998,5
4999,7
5000,6
5001,6
5002,5
5003,4
5004,7
5005,3
5006,5
5007,5
5008,3
5009,3
5010,5
5011,4
5012,4
5013,6
5014,5
5015,3
5016,4
5017,5
5018,7
5019,6
5020,6
5021,4
5022,4
5023,2
5024,5
5025,6
5026,6
5027,6
5028,5
5029,7
5030,7
5031,5
5032,4
5033,5
5034,5
5035,5
5036,2
5037,3
5038,6
5039,4
5040,6
5041,7
5042,5
5043,7
5044,3
5045,4
5046,6
5047,5
5048,4
5049,5
5050,4
5051,4
5052,4
5053,7
5054,7
5055,4
5056,5
5057,4
5058,6
5059,2
5060,3
5061,6
5062,4
5063,5
5064,4
5065,5
5066,5
5067,5
5068,6
5069,5
5070,5
5071,7
5072,7
5073,6
5074,5
5075,2
5076,3
5077,6
5078,7
5079,5
5080,5
5081,7
5082,6
5083,3
5084,4
5085,6
5086,3
5087,4
5088,5
5089,6
5090,6
5091,4
5092,6
5093,6
5094,5
5095,3
5096,5
5097,4
5098,5
5099,5
5100,5
5101,7
5102,4
5103,5
5104,1
5105,6
5106,6
5107,5
5108,4
5109,7
5110,3
5111,5
5112,5
5113,5
5114,4
5115,6
5116,4
5117,7
5118,5
5119,4
5120,7
5121,2
5122,2
5123,2
5124,7
5125,6
5126,5
5127,5
5128,4
5129,7
5130,6
5131,7
5132,6
5133,4
5134,5
5135,3
5136,4
5137,5
5138,4
5139,2
5140,6
5141,5
5142,5
5143,7
5144,4
5145,5
5146,4
5147,2
5148,3
5149,7
5150,7
5151,6
5152,5
5153,5
5154,7
5155,5
5156,5
5157,3
5158,2
5159,7
5160,4
5161,6
5162,5
5163,5
5164,4
5165,5
5166,5
5167,2
5168,3
5169,7
5170,4
5171,5
5172,4
5173,5
5174,4
5175,5
5176,5
5177,6
5178,5
5179,1
5180,4
5181,5
5182,5
5183,3
5184,6
5185,3
5186,5
5187,5
5188,4
5189,7
5190,6
5191,5
5192,5
5193,5
5194,1
5195,5
5196,4
5197,4
5198,3
5199,6
5200,6
5201,2
5202,4
5203,6
5204,1
5205,4
5206,5
5207,7
5208,7
5209,3
5210,4
5211,7
5212,7
5213,4
5214,5
5215,5
5216,5
5217,2
5218,1
5219,5
5220,6
5221,7
5222,7
5223,4
5224,6
5225,7
5226,2
5227,3
5228,5
5229,5
5230,2
5231,7
5232,4
5233,6
5234,4
5235,5
5236,6
5237,2
5238,3
5239,4
5240,7
5241,5
5242,4
5243,7
5244,5
5245,5
5246,4
5247,5
5248,5
5249,4
5250,5
5251,7
5252,4
5253,2
5254,5
5255,5
5256,7
5257,5
5258,7
5259,3
5260,4
5261,6
5262,7
5263,6
5264,6
5265,3
5266,5
5267,5
5268,5
5269,6
5270,4
5271,6
5272,2
5273,4
5274,4
5275,6
5276,6
5277,4
5278,3
5279,4
5280,7
5281,5
5282,4
5283,4
5284,6
5285,5
5286,7
5287,5
5288,7
5289,7
5290,6
5291,4
5292,5
5293,7
5294,6
5295,5
5296,6
5297,6
5298,4
5299,6
5300,5
5301,6
5302,6
5303,5
5304,5
5305,5
5306,5
5307,5
5308,4
5309,7
5310,6
5311,5
5312,4
5313,7
5314,5
5315,4
5316,6
5317,3
5318,5
5319,5
5320,4
5321,5
5322,6
5323,5
5324,7
5325,5
5326,5
5327,4
5328,4
5329,5
5330,7
5331,1
5332,6
5333,4
5334,2
5335,4
5336,4
5337,6
5338,5
5339,7
5340,3
5341,4
5342,5
5343,3
5344,7
5345,5
5346,6
5347,6
5348,7
5349,7
5350,7
5351,5
5352,5
5353,6
5354,7
5355,7
5356,6
5357,3
5358,6
5359,3
5360,3
5361,7
5362,5
5363,4
5364,3
5365,1
5366,3
5367,6
5368,3
5369,4
5370,6
5371,3
5372,6
5373,6
5374,3
5375,4
5376,5
5377,3
5378,1
5379,6
5380,6
5381,5
5382,5
5383,3
5384,6
5385,4
5386,2
5387,3
5388,3
5389,5
5390,5
5391,4
5392,4
5393,2
5394,7
5395,6
5396,6
5397,5
5398,7
5399,4
5400,3
5401,4
5402,7
5403,3
5404,6
5405,4
5406,5
5407,6
5408,5
5409,6
5410,3
5411,5
5412,4
5413,6
5414,5
5415,7
5416,7
5417,5
5418,4
5419,4
5420,3
5421,7
5422,2
5423,7
5424,5
5425,1
5426,3
5427,4
5428,5
5429,3
5430,3
5431,5
5432,6
5433,6
5434,7
5435,1
5436,7
5437,5
5438,7
5439,7
5440,6
5441,4
5442,4
5443,5
5444,5
5445,5
5446,5
5447,6
5448,5
5449,4
5450,7
5451,2
5452,5
5453,6
5454,7
5455,7
5456,3
5457,5
5458,6
5459,5
5460,7
5461,6
5462,3
5463,2
5464,5
5465,6
5466,5
5467,6
5468,6
5469,3
5470,5
5471,5
5472,3
5473,7
5474,5
5475,5
5476,6
5477,6
5478,6
5479,5
5480,7
5481,3
5482,4
5483,5
5484,6
5485,4
5486,6
5487,3
5488,6
5489,5
5490,4
5491,5
5492,7
5493,4
5494,5
5495,7
5496,6
5497,4
5498,5
5499,6
5500,5
5501,5
5502,1
5503,7
5504,3
5505,5
5506,5
5507,6
5508,7
5509,5
5510,5
5511,7
5512,5
5513,4
5514,6
5515,4
5516,5
5517,6
5518,5
5519,3
5520,3
5521,3
5522,3
5523,4
5524,4
5525,5
5526,5
5527,5
5528,6
5529,4
5530,4
5531,4
5532,6
5533,3
5534,4
5535,5
5536,6
5537,3
5538,6
5539,4
5540,3
5541,1
5542,7
5543,6
5544,4
5545,6
5546,4
5547,6
5548,1
5549,7
5550,5
5551,7
5552,6
5553,6
5554,5
5555,4
5556,4
5557,5
5558,4
5559,7
5560,6
5561,4
5562,5
5563,5
5564,5
5565,6
5566,6
5567,4
5568,4
5569,6
5570,6
5571,1
5572,5
5573,4
5574,3
5575,4
5576,5
5577,6
5578,2
5579,7
5580,5
5581,4
5582,7
5583,5
5584,2
5585,3
5586,7
5587,6
5588,5
5589,6
5590,6
5591,6
5592,4
5593,5
5594,4
5595,7
5596,3
5597,3
5598,6
5599,5
5600,3
5601,6
5602,3
5603,3
5604,4
5605,4
5606,6
5607,5
5608,5
5609,7
5610,7
5611,5
5612,6
5613,7
5614,6
5615,4
5616,7
5617,6
5618,6
5619,5
5620,3
5621,5
5622,5
5623,5
5624,5
5625,3
5626,6
5627,5
5628,6
5629,6
5630,6
5631,4
5632,3
5633,2
5634,3
5635,1
5636,2
5637,5
5638,5
5639,6
5640,1
5641,5
5642,5
5643,4
5644,4
5645,5
5646,1
5647,5
5648,5
5649,5
5650,6
5651,5
5652,4
5653,6
5654,5
5655,4
5656,3
5657,5
5658,7
5659,5
5660,7
5661,2
5662,3
5663,5
5664,5
5665,6
5666,6
5667,6
5668,5
5669,6
5670,2
5671,4
5672,7
5673,5
5674,3
5675,6
5676,6
5677,5
5678,7
5679,4
5680,7
5681,3
5682,3
5683,5
5684,5
5685,5
5686,7
5687,4
5688,5
5689,4
5690,5
5691,5
5692,6
5693,4
5694,5
5695,5
5696,4
5697,7
5698,5
5699,4
5700,6
5701,4
5702,6
5703,6
5704,5
5705,2
5706,5
5707,6
5708,7
5709,5
5710,3
5711,5
5712,6
5713,4
5714,6
5715,6
5716,2
5717,7
5718,6
5719,6
5720,6
5721,7
5722,3
5723,6
5724,5
5725,3
5726,4
5727,5
5728,6
5729,7
5730,2
5731,4
5732,6
5733,4
5734,5
5735,4
5736,5
5737,5
5738,5
5739,7
5740,4
5741,5
5742,5
5743,6
5744,7
5745,4
5746,7
5747,4
5748,5
5749,2
5750,3
5751,6
5752,7
5753,5
5754,6
5755,7
5756,6
5757,6
5758,6
5759,4
5760,5
5761,7
5762,4
5763,7
5764,5
5765,5
5766,6
5767,4
5768,7
5769,6
5770,6
5771,6
5772,5
5773,6
5774,4
5775,5
5776,7
5777,5
5778,6
5779,2
5780,3
5781,4
5782,3
5783,5
5784,4
5785,4
5786,4
5787,2
5788,5
5789,4
5790,5
5791,7
5792,2
5793,7
5794,5
5795,6
5796,4
5797,5
5798,5
5799,5
5800,5
5801,4
5802,4
5803,3
5804,5
5805,4
5806,5
5807,5
5808,5
5809,4
5810,5
5811,4
5812,3
5813,3
5814,5
5815,4
5816,6
5817,7
5818,7
5819,6
5820,6
5821,7
5822,5
5823,6
5824,4
5825,7
5826,6
5827,5
5828,5
5829,4
5830,4
5831,4
5832,5
5833,5
5834,7
5835,6
5836,3
5837,5
5838,7
5839,6
5840,4
5841,6
5842,6
5843,3
5844,5
5845,7
5846,5
5847,2
5848,6
5849,4
5850,5
5851,5
5852,5
5853,5
5854,4
5855,7
5856,7
5857,7
5858,2
5859,5
5860,5
5861,4
5862,4
5863,4
5864,3
5865,6
5866,5
5867,5
5868,4
5869,4
5870,5
5871,4
5872,5
5873,6
5874,7
5875,4
5876,7
5877,3
5878,4
5879,6
5880,4
5881,5
5882,6
5883,7
5884,3
5885,4
5886,6
5887,5
5888,7
5889,2
5890,5
5891,6
5892,7
5893,7
5894,3
5895,6
5896,4
5897,5
5898,5
5899,7
5900,7
5901,4
5902,5
5903,5
5904,7
5905,3
5906,4
5907,5
5908,6
5909,5
5910,5
5911,5
5912,5
5913,7
5914,6
5915,4
5916,5
5917,5
5918,4
5919,6
5920,6
5921,5
5922,2
5923,5
5924,4
5925,4
5926,5
5927,5
5928,5
5929,6
5930,5
5931,5
5932,4
5933,7
5934,3
5935,4
5936,3
5937,5
5938,5
5939,3
5940,5
5941,3
5942,4
5943,5
5944,5
5945,4
5946,3
5947,5
5948,6
5949,4
5950,6
5951,7
5952,5
5953,7
5954,7
5955,5
5956,4
5957,7
5958,7
5959,5
5960,5
5961,5
5962,5
5963,5
5964,3
5965,6
5966,4
5967,6
5968,4
5969,3
5970,4
5971,4
5972,2
5973,3
5974,3
5975,6
5976,2
5977,6
5978,7
5979,7
5980,6
5981,6
5982,4
5983,4
5984,4
5985,4
5986,6
5987,4
5988,5
5989,4
5990,2
5991,5
5992,5
5993,3
5994,7
5995,6
5996,5
5997,6
5998,6
5999,5
6000,4
6001,6
6002,2
6003,5
6004,6
6005,1
6006,1
6007,3
6008,5
6009,7
6010,7
6011,4
6012,7
6013,4
6014,2
6015,4
6016,2
6017,4
6018,5
6019,5
6020,2
6021,5
6022,5
6023,6
6024,6
6025,5
6026,4
6027,5
6028,5
6029,5
6030,6
6031,6
6032,6
6033,4
6034,6
6035,3
6036,4
6037,4
6038,5
6039,2
6040,5
6041,5
6042,7
6043,4
6044,5
6045,4
6046,4
6047,6
6048,4
6049,2
6050,4
6051,3
6052,6
6053,5
6054,5
6055,3
6056,5
6057,5
6058,3
6059,5
6060,2
6061,7
6062,4
6063,3
6064,4
6065,3
6066,6
6067,4
6068,4
6069,5
6070,3
6071,5
6072,4
6073,6
6074,4
6075,5
6076,5
6077,7
6078,6
6079,7
6080,7
6081,7
6082,3
6083,3
6084,4
6085,4
6086,3
6087,6
6088,7
6089,6
6090,4
6091,2
6092,4
6093,5
6094,2
6095,6
6096,6
6097,5
6098,4
6099,5
6100,4
6101,6
6102,3
6103,3
6104,5
6105,3
6106,3
6107,7
6108,2
6109,4
6110,5
6111,5
6112,6
6113,5
6114,6
6115,6
6116,4
6117,6
6118,5
6119,7
6120,4
6121,7
6122,5
6123,6
6124,7
6125,5
6126,5
6127,5
6128,2
6129,4
6130,4
6131,4
6132,5
6133,7
6134,5
6135,7
6136,4
6137,5
6138,4
6139,5
6140,6
6141,4
6142,5
6143,5
6144,5
6145,7
6146,6
6147,2
6148,7
6149,3
6150,4
6151,6
6152,3
6153,3
6154,7
6155,3
6156,7
6157,5
6158,2
6159,1
6160,5
6161,5
6162,6
6163,3
6164,4
6165,5
6166,6
6167,5
6168,6
6169,5
6170,3
6171,5
6172,4
6173,4
6174,4
6175,4
6176,3
6177,4
6178,6
6179,3
6180,4
6181,6
6182,2
6183,2
6184,7
6185,2
6186,2
6187,6
6188,5
6189,5
6190,6
6191,5
6192,5
6193,5
6194,5
6195,5
6196,3
6197,6
6198,4
6199,7
6200,5
6201,6
6202,5
6203,5
6204,3
6205,5
6206,4
6207,5
6208,7
6209,4
6210,7
6211,3
6212,4
6213,5
6214,5
6215,6
6216,6
6217,5
6218,5
6219,5
6220,6
6221,2
6222,6
6223,4
6224,6
6225,4
6226,4
6227,4
6228,5
6229,3
6230,4
6231,4
6232,3
6233,3
6234,2
6235,2
6236,1
6237,6
6238,5
6239,5
6240,5
6241,4
6242,2
6243,7
6244,5
6245,6
6246,5
6247,6
6248,5
6249,5
6250,5
6251,7
6252,1
6253,4
6254,5
6255,4
6256,6
6257,4
6258,4
6259,4
6260,7
6261,6
6262,5
6263,6
6264,7
6265,5
6266,5
6267,5
6268,5
6269,7
6270,5
6271,6
6272,3
6273,5
6274,5
6275,6
6276,1
6277,7
6278,7
6279,6
6280,5
6281,5
6282,6
6283,5
6284,6
6285,5
6286,7
6287,5
6288,4
6289,3
6290,2
6291,6
6292,5
6293,4
6294,5
6295,6
6296,3
6297,5
6298,5
6299,3
6300,3
6301,3
6302,5
6303,6
6304,5
6305,7
6306,5
6307,5
6308,5
6309,3
6310,6
6311,4
6312,4
6313,7
6314,3
6315,4
6316,6
6317,5
6318,6
6319,3
6320,5
6321,7
6322,7
6323,6
6324,3
6325,5
6326,6
6327,7
6328,3
6329,7
6330,6
6331,7
6332,5
6333,5
6334,5
6335,6
6336,5
6337,3
6338,7
6339,4
6340,5
6341,2
6342,3
6343,4
6344,6
6345,6
6346,4
6347,4
6348,5
6349,5
6350,5
6351,5
6352,6
6353,5
6354,4
6355,5
6356,5
6357,6
6358,1
6359,6
6360,4
6361,4
6362,6
6363,3
6364,6
6365,6
6366,5
6367,2
6368,5
6369,5
6370,4
6371,3
6372,6
6373,4
6374,4
6375,7
6376,7
6377,5
6378,6
6379,2
6380,6
6381,5
6382,5
6383,4
6384,2
6385,4
6386,2
6387,5
6388,1
6389,6
6390,4
6391,5
6392,6
6393,4
6394,5
6395,6
6396,3
6397,3
6398,6
6399,7
6400,3
6401,5
6402,3
6403,7
6404,3
6405,2
6406,5
6407,2
6408,4
6409,7
6410,3
6411,5
6412,5
6413,7
6414,5
6415,5
6416,4
6417,5
6418,5
6419,6
6420,5
6421,4
6422,4
6423,5
6424,7
6425,3
6426,3
6427,5
6428,6
6429,6
6430,7
6431,5
6432,4
6433,5
6434,5
6435,2
6436,7
6437,6
6438,6
6439,5
6440,4
6441,5
6442,2
6443,7
6444,6
6445,6
6446,7
6447,5
6448,7
6449,4
6450,1
6451,5
6452,3
6453,3
6454,5
6455,6
6456,4
6457,3
6458,6
6459,6
6460,5
6461,5
6462,7
6463,5
6464,4
6465,6
6466,4
6467,5
6468,6
6469,4
6470,1
6471,2
6472,1
6473,4
6474,3
6475,5
6476,7
6477,3
6478,7
6479,2
6480,4
6481,6
6482,7
6483,6
6484,5
6485,3
6486,7
6487,2
6488,3
6489,6
6490,6
6491,5
6492,4
6493,5
6494,4
6495,3
6496,4
6497,6
6498,6
6499,6
6500,3
6501,2
6502,7
6503,7
6504,3
6505,6
6506,5
6507,5
6508,5
6509,5
6510,5
6511,3
6512,4
6513,4
6514,2
6515,7
6516,7
6517,4
6518,4
6519,4
6520,1
6521,5
6522,6
6523,4
6524,7
6525,7
6526,5
6527,7
6528,6
6529,5
6530,5
6531,5
6532,5
6533,7
6534,6
6535,6
6536,6
6537,2
6538,5
6539,1
6540,5
6541,6
6542,6
6543,6
6544,4
6545,4
6546,5
6547,5
6548,6
6549,3
6550,7
6551,7
6552,5
6553,6
6554,5
6555,6
6556,4
6557,4
6558,6
6559,6
6560,6
6561,3
6562,2
6563,4
6564,7
6565,5
6566,5
6567,3
6568,4
6569,4
6570,6
6571,5
6572,4
6573,7
6574,5
6575,4
6576,4
6577,7
6578,5
6579,4
6580,6
6581,3
6582,6
6583,5
6584,6
6585,6
6586,6
6587,4
6588,6
6589,4
6590,3
6591,7
6592,5
6593,5
6594,4
6595,7
6596,5
6597,7
6598,7
6599,5
6600,5
6601,4
6602,5
6603,3
6604,5
6605,7
6606,4
6607,5
6608,6
6609,6
6610,6
6611,4
6612,5
6613,1
6614,6
6615,5
6616,5
6617,7
6618,7
6619,6
6620,7
6621,6
6622,5
6623,3
6624,5
6625,6
6626,4
6627,4
6628,7
6629,5
6630,5
6631,5
6632,6
6633,3
6634,2
6635,2
6636,7
6637,6
6638,2
6639,5
6640,4
6641,4
6642,5
6643,4
6644,4
6645,6
6646,4
6647,6
6648,5
6649,5
6650,3
6651,3
6652,7
6653,4
6654,5
6655,5
6656,4
6657,3
6658,4
6659,5
6660,4
6661,4
6662,6
6663,5
6664,4
6665,5
6666,6
6667,5
6668,6
6669,7
6670,3
6671,2
6672,5
6673,5
6674,7
6675,7
6676,6
6677,7
6678,4
6679,5
6680,4
6681,6
6682,5
6683,6
6684,5
6685,6
6686,6
6687,7
6688,7
6689,1
6690,5
6691,4
6692,2
6693,4
6694,4
6695,6
6696,5
6697,5
6698,7
6699,5
6700,6
6701,4
6702,5
6703,4
6704,4
6705,5
6706,6
6707,1
6708,3
6709,6
6710,6
6711,6
6712,4
6713,2
6714,3
6715,1
6716,3
6717,4
6718,5
6719,4
6720,6
6721,1
6722,1
6723,5
6724,6
6725,6
6726,2
6727,5
6728,2
6729,1
6730,5
6731,2
6732,3
6733,5
6734,5
6735,7
6736,4
6737,6
6738,5
6739,6
6740,5
6741,7
6742,7
6743,2
6744,5
6745,4
6746,6
6747,5
6748,6
6749,4
6750,5
6751,5
6752,2
6753,5
6754,7
6755,6
6756,5
6757,3
6758,6
6759,7
6760,5
6761,6
6762,5
6763,6
6764,5
6765,6
6766,5
6767,5
6768,6
6769,6
6770,5
6771,5
6772,3
6773,5
6774,4
6775,7
6776,5
6777,2
6778,7
6779,5
6780,5
6781,6
6782,4
6783,7
6784,6
6785,1
6786,6
6787,6
6788,3
6789,6
6790,3
6791,5
6792,4
6793,3
6794,4
6795,6
6796,7
6797,3
6798,7
6799,5
6800,4
6801,7
6802,5
6803,5
6804,7
6805,5
6806,7
6807,2
6808,3
6809,4
6810,4
6811,5
6812,4
6813,5
6814,5
6815,6
6816,2
6817,5
6818,2
6819,3
6820,7
6821,5
6822,4
6823,5
6824,6
6825,2
6826,7
6827,5
6828,6
6829,5
6830,7
6831,7
6832,5
6833,7
6834,7
6835,2
6836,4
6837,5
6838,3
6839,6
6840,4
6841,5
6842,6
6843,1
6844,5
6845,4
6846,7
6847,7
6848,3
6849,4
6850,6
6851,4
6852,4
6853,7
6854,3
6855,6
6856,4
6857,6
6858,7
6859,5
6860,5
6861,5
6862,3
6863,5
6864,7
6865,6
6866,5
6867,4
6868,4
6869,2
6870,5
6871,3
6872,6
6873,5
6874,5
6875,5
6876,5
6877,5
6878,5
6879,5
6880,2
6881,4
6882,5
6883,3
6884,6
6885,3
6886,5
6887,6
6888,6
6889,4
6890,6
6891,3
6892,5
6893,2
6894,4
6895,3
6896,6
6897,3
6898,4
6899,4
6900,6
6901,3
6902,5
6903,6
6904,5
6905,2
6906,4
6907,4
6908,3
6909,6
6910,4
6911,4
6912,4
6913,1
6914,5
6915,3
6916,6
6917,6
6918,5
6919,6
6920,7
6921,4
6922,2
6923,6
6924,5
6925,6
6926,4
6927,7
6928,7
6929,5
6930,5
6931,2
6932,6
6933,5
6934,4
6935,6
6936,6
6937,5
6938,6
6939,6
6940,3
6941,4
6942,7
6943,3
6944,4
6945,6
6946,4
6947,5
6948,5
6949,7
6950,3
6951,7
6952,7
6953,5
6954,4
6955,6
6956,5
6957,5
6958,5
6959,6
6960,5
6961,5
6962,7
6963,3
6964,5
6965,4
6966,6
6967,5
6968,2
6969,2
6970,5
6971,4
6972,6
6973,4
6974,5
6975,4
6976,5
6977,7
6978,5
6979,3
6980,5
6981,6
6982,5
6983,6
6984,6
6985,4
6986,6
6987,4
6988,5
6989,5
6990,2
6991,7
6992,7
6993,5
6994,6
6995,4
6996,5
6997,5
6998,7
6999,7
7000,2
7001,7
7002,2
7003,7
7004,4
7005,7
7006,2
7007,5
7008,4
7009,2
7010,4
7011,7
7012,5
7013,5
7014,6
7015,3
7016,6
7017,5
7018,4
7019,4
7020,7
7021,5
7022,4
7023,6
7024,6
7025,5
7026,5
7027,5
7028,1
7029,3
7030,5
7031,4
7032,7
7033,5
7034,5
7035,6
7036,6
7037,6
7038,4
7039,6
7040,6
7041,5
7042,5
7043,7
7044,3
7045,4
7046,6
7047,7
7048,5
7049,2
7050,4
7051,5
7052,5
7053,2
7054,5
7055,6
7056,6
7057,5
7058,4
7059,6
7060,6
7061,6
7062,4
7063,4
7064,4
7065,4
7066,7
7067,7
7068,3
7069,5
7070,7
7071,5
7072,4
7073,6
7074,4
7075,4
7076,4
7077,5
7078,4
7079,6
7080,3
7081,5
7082,7
7083,4
7084,5
7085,5
7086,7
7087,7
7088,5
7089,5
7090,7
7091,5
7092,2
7093,4
7094,5
7095,4
7096,1
7097,5
7098,7
7099,5
7100,3
7101,3
7102,5
7103,6
7104,5
7105,4
7106,5
7107,6
7108,4
7109,4
7110,5
7111,3
7112,3
7113,5
7114,6
7115,5
7116,5
7117,7
7118,4
7119,3
7120,5
7121,3
7122,1
7123,6
7124,5
7125,5
7126,5
7127,6
7128,4
7129,6
7130,5
7131,5
7132,7
7133,4
7134,3
7135,4
7136,5
7137,5
7138,4
7139,5
7140,4
7141,7
7142,4
7143,5
7144,6
7145,4
7146,6
7147,7
7148,6
7149,5
7150,2
7151,4
7152,7
7153,5
7154,3
7155,6
7156,4
7157,4
7158,7
7159,6
7160,5
7161,6
7162,6
7163,5
7164,5
7165,4
7166,4
7167,6
7168,4
7169,5
7170,5
7171,6
7172,7
7173,4
7174,4
7175,7
7176,7
7177,4
7178,5
7179,5
7180,4
7181,5
7182,4
7183,5
7184,5
7185,5
7186,5
7187,4
7188,4
7189,6
7190,6
7191,3
7192,4
7193,5
7194,3
7195,4
7196,7
7197,6
7198,5
7199,5
7200,4
7201,4
7202,4
7203,7
7204,5
7205,6
7206,4
7207,7
7208,6
7209,5
7210,6
7211,5
7212,7
7213,6
7214,1
7215,4
7216,4
7217,3
7218,5
7219,7
7220,6
7221,4
7222,4
7223,4
7224,5
7225,2
7226,6
7227,4
7228,4
7229,5
7230,3
7231,6
7232,6
7233,4
7234,3
7235,2
7236,6
7237,4
7238,5
7239,4
7240,5
7241,4
7242,6
7243,7
7244,6
7245,6
7246,4
7247,5
7248,5
7249,7
7250,5
7251,4
7252,7
7253,7
7254,2
7255,4
7256,5
7257,4
7258,5
7259,6
7260,5
7261,5
7262,5
7263,2
7264,5
7265,4
7266,4
7267,4
7268,4
7269,3
7270,6
7271,5
7272,5
7273,7
7274,6
7275,4
7276,6
7277,2
7278,6
7279,5
7280,5
7281,7
7282,4
7283,4
7284,5
7285,4
7286,6
7287,3
7288,3
7289,4
7290,7
7291,5
7292,4
7293,5
7294,2
7295,5
7296,7
7297,3
7298,4
7299,5
7300,6
7301,7
7302,5
7303,4
7304,4
7305,5
7306,5
7307,1
7308,4
7309,7
7310,5
7311,6
7312,4
7313,6
7314,5
7315,5
7316,2
7317,6
7318,2
7319,6
7320,4
7321,5
7322,3
7323,6
7324,5
7325,5
7326,7
7327,5
7328,7
7329,5
7330,3
7331,5
7332,5
7333,7
7334,7
7335,4
7336,5
7337,4
7338,4
7339,5
7340,1
7341,5
7342,5
7343,4
7344,6
7345,7
7346,5
7347,4
7348,3
7349,1
7350,1
7351,3
7352,6
7353,1
7354,4
7355,6
7356,6
7357,6
7358,7
7359,2
7360,5
7361,5
7362,6
7363,3
7364,6
7365,5
7366,6
7367,4
7368,3
7369,4
7370,5
7371,6
7372,4
7373,7
7374,6
7375,5
7376,6
7377,4
7378,3
7379,7
7380,5
7381,5
7382,5
7383,6
7384,5
7385,5
7386,4
7387,3
7388,2
7389,3
7390,6
7391,4
7392,7
7393,4
7394,6
7395,5
7396,3
7397,3
7398,5
7399,4
7400,3
7401,4
7402,5
7403,5
7404,6
7405,6
7406,5
7407,4
7408,5
7409,6
7410,4
7411,6
7412,5
7413,7
7414,5
7415,7
7416,6
7417,4
7418,4
7419,1
7420,7
7421,7
7422,7
7423,7
7424,7
7425,1
7426,5
7427,5
7428,7
7429,5
7430,5
7431,6
7432,4
7433,5
7434,7
7435,5
7436,4
7437,4
7438,6
7439,2
7440,5
7441,7
7442,4
7443,3
7444,6
7445,2
7446,5
7447,6
7448,5
7449,7
7450,1
7451,2
7452,5
7453,6
7454,3
7455,4
7456,6
7457,5
7458,6
7459,5
7460,4
7461,7
7462,6
7463,7
7464,4
7465,7
7466,3
7467,5
7468,4
7469,5
7470,6
7471,5
7472,4
7473,2
7474,3
7475,3
7476,5
7477,3
7478,3
7479,7
7480,6
7481,7
7482,5
7483,4
7484,7
7485,5
7486,5
7487,3
7488,3
7489,5
7490,6
7491,5
7492,4
7493,5
7494,5
7495,2
7496,6
7497,5
7498,7
7499,4
7500,3
7501,6
7502,4
7503,4
7504,7
7505,6
7506,7
7507,5
7508,6
7509,4
7510,6
7511,3
7512,5
7513,5
7514,4
7515,5
7516,5
7517,5
7518,4
7519,5
7520,4
7521,4
7522,3
7523,5
7524,6
7525,5
7526,6
7527,6
7528,4
7529,6
7530,5
7531,4
7532,7
7533,3
7534,7
7535,5
7536,6
7537,3
7538,5
7539,4
7540,4
7541,5
7542,4
7543,1
7544,3
7545,4
7546,7
7547,4
7548,6
7549,5
7550,7
7551,6
7552,4
7553,2
7554,5
7555,7
7556,5
7557,5
7558,4
7559,6
7560,6
7561,4
7562,3
7563,6
7564,5
7565,3
7566,2
7567,2
7568,6
7569,7
7570,2
7571,6
7572,6
7573,5
7574,6
7575,5
7576,5
7577,1
7578,6
7579,5
7580,6
7581,4
7582,5
7583,5
7584,3
7585,2
7586,4
7587,3
7588,3
7589,5
7590,6
7591,4
7592,7
7593,3
7594,2
7595,5
7596,3
7597,6
7598,2
7599,4
7600,4
7601,5
7602,4
7603,6
7604,3
7605,6
7606,5
7607,6
7608,5
7609,7
7610,6
7611,7
7612,5
7613,5
7614,4
7615,6
7616,4
7617,5
7618,1
7619,2
7620,4
7621,7
7622,3
7623,4
7624,3
7625,6
7626,3
7627,5
7628,2
7629,7
7630,6
7631,6
7632,4
7633,5
7634,5
7635,3
7636,6
7637,6
7638,4
7639,5
7640,7
7641,3
7642,4
7643,4
7644,3
7645,4
7646,6
7647,3
7648,7
7649,6
7650,3
7651,6
7652,5
7653,5
7654,7
7655,5
7656,3
7657,5
7658,4
7659,5
7660,7
7661,6
7662,6
7663,7
7664,7
7665,5
7666,4
7667,5
7668,5
7669,5
7670,5
7671,4
7672,3
7673,5
7674,4
7675,3
7676,7
7677,6
7678,4
7679,5
7680,3
7681,3
7682,4
7683,6
7684,6
7685,5
7686,6
7687,7
7688,3
7689,4
7690,3
7691,5
7692,4
7693,5
7694,5
7695,5
7696,4
7697,5
7698,6
7699,4
7700,7
7701,3
7702,5
7703,5
7704,3
7705,3
7706,5
7707,3
7708,3
7709,2
7710,4
7711,6
7712,7
7713,5
7714,4
7715,3
7716,5
7717,5
7718,5
7719,5
7720,4
7721,4
7722,2
7723,5
7724,3
7725,4
7726,3
7727,4
7728,3
7729,6
7730,3
7731,4
7732,4
7733,4
7734,3
7735,4
7736,6
7737,6
7738,4
7739,6
7740,5
7741,5
7742,3
7743,5
7744,4
7745,3
7746,5
7747,6
7748,4
7749,3
7750,6
7751,6
7752,5
7753,6
7754,7
7755,5
7756,6
7757,5
7758,2
7759,5
7760,1
7761,6
7762,3
7763,7
7764,5
7765,4
7766,6
7767,7
7768,7
7769,4
7770,1
7771,6
7772,5
7773,6
7774,6
7775,5
7776,5
7777,6
7778,6
7779,3
7780,7
7781,4
7782,5
7783,4
7784,7
7785,4
7786,7
7787,5
7788,5
7789,6
7790,5
7791,5
7792,5
7793,5
7794,1
7795,2
7796,7
7797,6
7798,5
7799,5
7800,5
7801,5
7802,3
7803,7
7804,1
7805,4
7806,5
7807,5
7808,6
7809,6
7810,4
7811,6
7812,6
7813,2
7814,5
7815,4
7816,5
7817,4
7818,5
7819,6
7820,2
7821,4
7822,4
7823,4
7824,5
7825,6
7826,6
7827,4
7828,5
7829,5
7830,3
7831,6
7832,5
7833,6
7834,6
7835,7
7836,6
7837,3
7838,5
7839,4
7840,6
7841,6
7842,6
7843,6
7844,3
7845,4
7846,5
7847,4
7848,5
7849,5
7850,5
7851,5
7852,4
7853,6
7854,6
7855,4
7856,5
7857,5
7858,6
7859,5
7860,6
7861,5
7862,7
7863,5
7864,4
7865,2
7866,7
7867,5
7868,5
7869,5
7870,2
7871,6
7872,5
7873,4
7874,6
7875,6
7876,4
7877,3
7878,7
7879,5
7880,5
7881,7
7882,5
7883,5
7884,4
7885,4
7886,3
7887,5
7888,4
7889,4
7890,4
7891,7
7892,3
7893,4
7894,6
7895,5
7896,5
7897,5
7898,6
7899,7
7900,5
7901,6
7902,5
7903,2
7904,7
7905,5
7906,5
7907,3
7908,7
7909,4
7910,6
7911,5
7912,5
7913,3
7914,7
7915,5
7916,4
7917,5
7918,6
7919,5
7920,6
7921,5
7922,4
7923,6
7924,7
7925,2
7926,5
7927,5
7928,4
7929,6
7930,5
7931,4
7932,4
7933,7
7934,7
7935,7
7936,6
7937,6
7938,5
7939,5
7940,5
7941,4
7942,7
7943,7
7944,3
7945,5
7946,3
7947,2
7948,7
7949,5
7950,5
7951,5
7952,4
7953,7
7954,6
7955,5
7956,5
7957,5
7958,4
7959,7
7960,7
7961,4
7962,7
7963,4
7964,2
7965,7
7966,6
7967,2
7968,3
7969,5
7970,5
7971,5
7972,2
7973,4
7974,5
7975,7
7976,6
7977,6
7978,4
7979,3
7980,7
7981,4
7982,5
7983,5
7984,3
7985,5
7986,5
7987,5
7988,6
7989,6
7990,6
7991,7
7992,4
7993,3
7994,5
7995,5
7996,7
7997,3
7998,2
7999,4
8000,5
8001,3
8002,7
8003,3
8004,3
8005,5
8006,3
8007,3
8008,2
8009,5
8010,7
8011,6
8012,5
8013,4
8014,5
8015,7
8016,4
8017,5
8018,2
8019,7
8020,5
8021,5
8022,5
8023,4
8024,3
8025,5
8026,3
8027,5
8028,1
8029,5
8030,4
8031,6
8032,2
8033,5
8034,6
8035,3
8036,3
8037,7
8038,6
8039,5
8040,7
8041,7
8042,4
8043,5
8044,4
8045,5
8046,5
8047,5
8048,7
8049,6
8050,6
8051,6
8052,4
8053,3
8054,7
8055,5
8056,4
8057,4
8058,7
8059,3
8060,3
8061,6
8062,5
8063,6
8064,2
8065,6
8066,6
8067,5
8068,2
8069,6
8070,7
8071,4
8072,5
8073,5
8074,5
8075,5
8076,5
8077,5
8078,5
8079,3
8080,2
8081,7
8082,4
8083,6
8084,3
8085,4
8086,7
8087,5
8088,6
8089,6
8090,5
8091,5
8092,5
8093,2
8094,3
8095,7
8096,5
8097,5
8098,2
8099,5
8100,3
8101,5
8102,5
8103,3
8104,7
8105,7
8106,1
8107,5
8108,7
8109,2
8110,4
8111,3
8112,3
8113,7
8114,7
8115,5
8116,3
8117,4
8118,6
8119,4
8120,4
8121,3
8122,2
8123,7
8124,5
8125,6
8126,5
8127,5
8128,5
8129,4
8130,5
8131,5
8132,7
8133,5
8134,5
8135,7
8136,3
8137,3
8138,6
8139,4
8140,5
8141,3
8142,4
8143,5
8144,3
8145,2
8146,5
8147,7
8148,7
8149,6
8150,5
8151,7
8152,5
8153,5
8154,7
8155,3
8156,5
8157,6
8158,2
8159,3
8160,5
8161,3
8162,6
8163,3
8164,5
8165,6
8166,5
8167,5
8168,5
8169,4
8170,2
8171,6
8172,5
8173,5
8174,4
8175,7
8176,6
8177,4
8178,4
8179,5
8180,2
8181,1
8182,4
8183,6
8184,4
8185,6
8186,6
8187,3
8188,7
8189,7
8190,5
8191,5
8192,4
8193,5
8194,6
8195,4
8196,4
8197,6
8198,6
8199,5
8200,4
8201,5
8202,3
8203,3
8204,3
8205,6
8206,4
8207,6
8208,3
8209,3
8210,6
8211,4
8212,4
8213,4
8214,6
8215,2
8216,3
8217,3
8218,5
8219,5
8220,3
8221,7
8222,6
8223,5
8224,5
8225,7
8226,6
8227,7
8228,5
8229,4
8230,1
8231,5
8232,6
8233,3
8234,6
8235,3
8236,5
8237,3
8238,4
8239,5
8240,6
8241,5
8242,5
8243,5
8244,6
8245,5
8246,3
8247,3
8248,5
8249,4
8250,5
8251,4
8252,2
8253,7
8254,6
8255,5
8256,5
8257,2
8258,6
8259,6
8260,2
8261,3
8262,4
8263,5
8264,5
8265,6
8266,5
8267,6
8268,5
8269,6
8270,4
8271,5
8272,5
8273,2
8274,2
8275,3
8276,5
8277,7
8278,5
8279,5
8280,6
8281,6
8282,4
8283,6
8284,5
8285,3
8286,2
8287,6
8288,1
8289,4
8290,5
8291,5
8292,6
8293,4
8294,7
8295,6
8296,6
8297,6
8298,2
8299,3
8300,4
8301,3
8302,5
8303,3
8304,5
8305,3
8306,5
8307,5
8308,1
8309,5
8310,4
8311,7
8312,6
8313,4
8314,5
8315,5
8316,5
8317,4
8318,5
8319,4
8320,5
8321,3
8322,2
8323,4
8324,4
8325,4
8326,5
8327,6
8328,4
8329,5
8330,6
8331,7
8332,4
8333,6
8334,5
8335,7
8336,7
8337,2
8338,4
8339,7
8340,5
8341,7
8342,5
8343,5
8344,6
8345,2
8346,4
8347,5
8348,7
8349,2
8350,4
8351,2
8352,5
8353,2
8354,5
8355,5
8356,7
8357,6
8358,3
8359,5
8360,3
8361,4
8362,5
8363,3
8364,5
8365,2
8366,4
8367,7
8368,7
8369,5
8370,6
8371,6
8372,4
8373,6
8374,6
8375,6
8376,6
8377,4
8378,6
8379,6
8380,3
8381,4
8382,6
8383,5
8384,6
8385,2
8386,2
8387,3
8388,3
8389,5
8390,5
8391,5
8392,5
8393,7
8394,6
8395,6
8396,3
8397,4
8398,3
8399,7
8400,4
8401,6
8402,6
8403,6
8404,5
8405,6
8406,5
8407,6
8408,5
8409,2
8410,4
8411,5
8412,7
8413,4
8414,3
8415,4
8416,4
8417,4
8418,1
8419,7
8420,5
8421,3
8422,6
8423,4
8424,4
8425,7
8426,5
8427,5
8428,3
8429,3
8430,7
8431,3
8432,2
8433,6
8434,5
8435,5
8436,5
8437,6
8438,4
8439,5
8440,6
8441,4
8442,3
8443,5
8444,5
8445,4
8446,5
8447,6
8448,7
8449,1
8450,5
8451,6
8452,7
8453,2
8454,3
8455,5
8456,2
8457,5
8458,5
8459,6
8460,3
8461,4
8462,4
8463,4
8464,7
8465,6
8466,3
8467,5
8468,4
8469,6
8470,6
8471,7
8472,5
8473,4
8474,3
8475,6
8476,7
8477,6
8478,5
8479,5
8480,6
8481,3
8482,5
8483,5
8484,1
8485,2
8486,5
8487,5
8488,3
8489,6
8490,3
8491,7
8492,5
8493,4
8494,4
8495,6
8496,6
8497,4
8498,7
8499,5
8500,4
8501,5
8502,2
8503,5
8504,6
8505,6
8506,5
8507,3
8508,5
8509,6
8510,4
8511,5
8512,6
8513,6
8514,3
8515,1
8516,5
8517,4
8518,5
8519,7
8520,6
8521,6
8522,6
8523,5
8524,4
8525,6
8526,2
8527,5
8528,4
8529,6
8530,1
8531,7
8532,5
8533,4
8534,6
8535,5
8536,5
8537,4
8538,7
8539,5
8540,3
8541,6
8542,1
8543,4
8544,5
8545,3
8546,5
8547,3
8548,4
8549,5
8550,6
8551,3
8552,5
8553,3
8554,5
8555,3
8556,6
8557,5
8558,6
8559,6
8560,7
8561,5
8562,7
8563,6
8564,6
8565,4
8566,7
8567,5
8568,5
8569,6
8570,4
8571,6
8572,3
8573,6
8574,7
8575,7
8576,6
8577,4
8578,4
8579,7
8580,2
8581,4
8582,7
8583,5
8584,2
8585,5
8586,5
8587,2
8588,1
8589,5
8590,4
8591,4
8592,5
8593,2
8594,3
8595,4
8596,3
8597,5
8598,4
8599,6
8600,6
8601,5
8602,5
8603,5
8604,6
8605,5
8606,6
8607,1
8608,4
8609,5
8610,3
8611,3
8612,3
8613,5
8614,3
8615,5
8616,7
8617,4
8618,6
8619,5
8620,5
8621,7
8622,5
8623,2
8624,4
8625,6
8626,6
8627,6
8628,5
8629,3
8630,5
8631,4
8632,5
8633,6
8634,7
8635,6
8636,2
8637,5
8638,6
8639,6
8640,1
8641,3
8642,4
8643,5
8644,6
8645,6
8646,6
8647,4
8648,6
8649,4
8650,4
8651,6
8652,3
8653,4
8654,6
8655,3
8656,4
8657,7
8658,7
8659,5
8660,5
8661,7
8662,4
8663,3
8664,2
8665,5
8666,5
8667,5
8668,5
8669,5
8670,6
8671,7
8672,7
8673,6
8674,6
8675,6
8676,4
8677,5
8678,3
8679,5
8680,3
8681,3
8682,6
8683,6
8684,5
8685,6
8686,3
8687,3
8688,4
8689,5
8690,5
8691,6
8692,7
8693,5
8694,5
8695,5
8696,6
8697,5
8698,5
8699,6
8700,6
8701,5
8702,5
8703,4
8704,4
8705,6
8706,5
8707,4
8708,5
8709,4
8710,2
8711,6
8712,4
8713,4
8714,4
8715,4
8716,1
8717,1
8718,5
8719,4
8720,5
8721,7
8722,5
8723,4
8724,7
8725,4
8726,5
8727,3
8728,3
8729,3
8730,4
8731,7
8732,7
8733,6
8734,4
8735,7
8736,6
8737,3
8738,2
8739,7
8740,6
8741,6
8742,4
8743,5
8744,5
8745,7
8746,5
8747,7
8748,4
8749,7
8750,7
8751,7
8752,5
8753,5
8754,3
8755,5
8756,3
8757,3
8758,5
8759,6
8760,4
8761,5
8762,5
8763,4
8764,5
8765,7
8766,5
8767,7
8768,1
8769,7
8770,5
8771,5
8772,4
8773,5
8774,6
8775,1
8776,4
8777,5
8778,6
8779,3
8780,6
8781,7
8782,5
8783,4
8784,7
8785,1
8786,7
8787,5
8788,4
8789,5
8790,7
8791,6
8792,6
8793,4
8794,6
8795,7
8796,4
8797,5
8798,3
8799,6
8800,7
8801,5
8802,6
8803,7
8804,7
8805,6
8806,3
8807,4
8808,5
8809,4
8810,6
8811,6
8812,7
8813,6
8814,5
8815,6
8816,3
8817,5
8818,4
8819,4
8820,7
8821,6
8822,7
8823,6
8824,5
8825,4
8826,6
8827,4
8828,5
8829,4
8830,2
8831,4
8832,3
8833,5
8834,5
8835,4
8836,6
8837,7
8838,3
8839,6
8840,5
8841,5
8842,7
8843,5
8844,5
8845,3
8846,6
8847,5
8848,7
8849,6
8850,5
8851,6
8852,4
8853,7
8854,6
8855,7
8856,4
8857,4
8858,4
8859,4
8860,5
8861,7
8862,2
8863,6
8864,2
8865,5
8866,2
8867,3
8868,2
8869,7
8870,4
8871,6
8872,6
8873,6
8874,5
8875,5
8876,6
8877,6
8878,5
8879,5
8880,3
8881,4
8882,5
8883,4
8884,4
8885,6
8886,5
8887,4
8888,3
8889,6
8890,4
8891,5
8892,5
8893,6
8894,4
8895,4
8896,3
8897,6
8898,5
8899,7
8900,3
8901,4
8902,6
8903,6
8904,5
8905,4
8906,4
8907,5
8908,6
8909,7
8910,4
8911,4
8912,7
8913,5
8914,5
8915,6
8916,6
8917,6
8918,6
8919,5
8920,3
8921,6
8922,4
8923,7
8924,3
8925,4
8926,6
8927,7
8928,4
8929,4
8930,7
8931,6
8932,4
8933,5
8934,6
8935,3
8936,5
8937,4
8938,4
8939,5
8940,7
8941,5
8942,5
8943,6
8944,6
8945,3
8946,6
8947,1
8948,5
8949,7
8950,5
8951,3
8952,5
8953,4
8954,4
8955,5
8956,5
8957,5
8958,2
8959,4
8960,5
8961,6
8962,6
8963,4
8964,7
8965,2
8966,2
8967,4
8968,2
8969,6
8970,5
8971,5
8972,7
8973,5
8974,5
8975,4
8976,5
8977,5
8978,4
8979,6
8980,4
8981,5
8982,5
8983,3
8984,5
8985,3
8986,7
8987,4
8988,5
8989,6
8990,5
8991,4
8992,4
8993,5
8994,4
8995,4
8996,5
8997,4
8998,4
8999,7
9000,3
9001,5
9002,5
9003,6
9004,5
9005,7
9006,5
9007,5
9008,2
9009,4
9010,5
9011,5
9012,4
9013,5
9014,5
9015,6
9016,6
9017,5
9018,4
9019,4
9020,3
9021,5
9022,4
9023,4
9024,6
9025,6
9026,4
9027,5
9028,4
9029,3
9030,5
9031,4
9032,2
9033,7
9034,5
9035,3
9036,2
9037,2
9038,4
9039,7
9040,6
9041,5
9042,3
9043,5
9044,5
9045,5
9046,4
9047,4
9048,3
9049,6
9050,4
9051,5
9052,6
9053,3
9054,6
9055,2
9056,7
9057,5
9058,7
9059,6
9060,6
9061,6
9062,4
9063,7
9064,7
9065,5
9066,5
9067,5
9068,5
9069,5
9070,3
9071,3
9072,2
9073,5
9074,5
9075,3
9076,6
9077,3
9078,6
9079,6
9080,3
9081,2
9082,5
9083,5
9084,3
9085,5
9086,4
9087,4
9088,3
9089,4
9090,2
9091,6
9092,1
9093,3
9094,7
9095,5
9096,4
9097,5
9098,4
9099,3
9100,6
9101,6
9102,3
9103,5
9104,2
9105,5
9106,7
9107,6
9108,7
9109,3
9110,5
9111,7
9112,5
9113,5
9114,4
9115,6
9116,4
9117,6
9118,4
9119,2
9120,6
9121,5
9122,7
9123,3
9124,3
9125,5
9126,3
9127,5
9128,6
9129,2
9130,5
9131,7
9132,3
9133,7
9134,2
9135,5
9136,5
9137,5
9138,7
9139,5
9140,4
9141,7
9142,6
9143,4
9144,4
9145,7
9146,7
9147,3
9148,5
9149,6
9150,7
9151,3
9152,6
9153,6
9154,4
9155,5
9156,6
9157,6
9158,5
9159,7
9160,2
9161,5
9162,5
9163,4
9164,4
9165,6
9166,4
9167,2
9168,7
9169,5
9170,4
9171,7
9172,5
9173,5
9174,5
9175,4
9176,6
9177,4
9178,4
9179,5
9180,2
9181,7
9182,5
9183,4
9184,3
9185,4
9186,5
9187,4
9188,6
9189,7
9190,4
9191,5
9192,3
9193,6
9194,4
9195,4
9196,4
9197,5
9198,5
9199,6
9200,4
9201,5
9202,5
9203,7
9204,7
9205,5
9206,5
9207,6
9208,4
9209,4
9210,3
9211,7
9212,4
9213,5
9214,3
9215,4
9216,7
9217,5
9218,5
9219,6
9220,5
9221,3
9222,4
9223,7
9224,7
9225,4
9226,7
9227,3
9228,4
9229,2
9230,5
9231,5
9232,4
9233,7
9234,5
9235,6
9236,2
9237,5
9238,7
9239,5
9240,5
9241,6
9242,2
9243,7
9244,5
9245,1
9246,4
9247,5
9248,7
9249,4
9250,4
9251,6
9252,6
9253,4
9254,4
9255,5
9256,5
9257,7
9258,4
9259,5
9260,4
9261,6
9262,7
9263,5
9264,6
9265,3
9266,5
9267,5
9268,7
9269,6
9270,7
9271,2
9272,6
9273,7
9274,3
9275,5
9276,6
9277,1
9278,5
9279,2
9280,4
9281,3
9282,4
9283,5
9284,4
9285,4
9286,4
9287,6
9288,5
9289,4
9290,7
9291,5
9292,5
9293,7
9294,7
9295,5
9296,6
9297,2
9298,4
9299,7
9300,7
9301,5
9302,4
9303,6
9304,4
9305,4
9306,7
9307,6
9308,4
9309,6
9310,4
9311,6
9312,5
9313,1
9314,3
9315,7
9316,6
9317,4
9318,4
9319,5
9320,2
9321,6
9322,5
9323,4
9324,3
9325,7
9326,7
9327,6
9328,5
9329,4
9330,5
9331,3
9332,5
9333,7
9334,6
9335,4
9336,7
9337,3
9338,4
9339,6
9340,7
9341,5
9342,5
9343,7
9344,4
9345,2
9346,5
9347,5
9348,7
9349,4
9350,5
9351,3
9352,7
9353,5
9354,5
9355,7
9356,6
9357,4
9358,5
9359,4
9360,4
9361,6
9362,6
9363,3
9364,5
9365,5
9366,7
9367,3
9368,3
9369,3
9370,7
9371,3
9372,6
9373,6
9374,6
9375,4
9376,6
9377,4
9378,7
9379,4
9380,5
9381,7
9382,3
9383,5
9384,3
9385,5
9386,5
9387,6
9388,5
9389,1
9390,3
9391,6
9392,4
9393,5
9394,2
9395,6
9396,3
9397,6
9398,3
9399,3
9400,4
9401,4
9402,4
9403,5
9404,7
9405,5
9406,5
9407,1
9408,6
9409,5
9410,6
9411,4
9412,4
9413,3
9414,5
9415,1
9416,6
9417,5
9418,6
9419,5
9420,6
9421,5
9422,4
9423,4
9424,5
9425,5
9426,4
9427,6
9428,5
9429,2
9430,4
9431,4
9432,5
9433,4
9434,4
9435,6
9436,4
9437,6
9438,5
9439,7
9440,2
9441,5
9442,5
9443,4
9444,5
9445,7
9446,4
9447,6
9448,4
9449,1
9450,5
9451,7
9452,5
9453,5
9454,5
9455,5
9456,6
9457,6
9458,4
9459,1
9460,7
9461,4
9462,2
9463,2
9464,6
9465,5
9466,3
9467,5
9468,5
9469,6
9470,5
9471,6
9472,4
9473,4
9474,6
9475,4
9476,4
9477,5
9478,5
9479,5
9480,2
9481,7
9482,6
9483,7
9484,5
9485,6
9486,2
9487,4
9488,2
9489,4
9490,6
9491,3
9492,6
9493,7
9494,3
9495,3
9496,4
9497,6
9498,7
9499,7
9500,5
9501,3
9502,5
9503,5
9504,4
9505,7
9506,7
9507,3
9508,1
9509,4
9510,5
9511,7
9512,6
9513,6
9514,6
9515,6
9516,5
9517,6
9518,4
9519,7
9520,5
9521,5
9522,5
9523,5
9524,5
9525,4
9526,5
9527,3
9528,5
9529,5
9530,4
9531,5
9532,4
9533,6
9534,4
9535,6
9536,6
9537,3
9538,5
9539,5
9540,4
9541,4
9542,6
9543,7
9544,5
9545,1
9546,6
9547,7
9548,5
9549,6
9550,4
9551,6
9552,5
9553,4
9554,5
9555,5
9556,5
9557,4
9558,5
9559,7
9560,1
9561,6
9562,6
9563,3
9564,6
9565,2
9566,4
9567,5
9568,1
9569,5
9570,6
9571,5
9572,7
9573,5
9574,7
9575,4
9576,6
9577,7
9578,4
9579,7
9580,7
9581,4
9582,6
9583,6
9584,2
9585,5
9586,6
9587,6
9588,5
9589,5
9590,5
9591,6
9592,4
9593,6
9594,4
9595,6
9596,4
9597,5
9598,7
9599,5
9600,4
9601,4
9602,4
9603,5
9604,4
9605,6
9606,4
9607,5
9608,6
9609,5
9610,4
9611,4
9612,6
9613,1
9614,4
9615,3
9616,7
9617,6
9618,6
9619,4
9620,1
9621,3
9622,3
9623,7
9624,4
9625,7
9626,4
9627,7
9628,5
9629,2
9630,5
9631,5
9632,6
9633,5
9634,3
9635,4
9636,3
9637,6
9638,5
9639,4
9640,2
9641,4
9642,5
9643,4
9644,6
9645,7
9646,7
9647,5
9648,5
9649,4
9650,7
9651,4
9652,4
9653,7
9654,5
9655,4
9656,5
9657,4
9658,3
9659,6
9660,7
9661,5
9662,5
9663,4
9664,4
9665,3
9666,4
9667,7
9668,5
9669,2
9670,7
9671,4
9672,7
9673,6
9674,6
9675,5
9676,5
9677,6
9678,5
9679,4
9680,4
9681,6
9682,5
9683,4
9684,7
9685,6
9686,5
9687,2
9688,6
9689,4
9690,4
9691,4
9692,4
9693,6
9694,5
9695,4
9696,6
9697,7
9698,6
9699,5
9700,5
9701,4
9702,6
9703,6
9704,7
9705,6
9706,2
9707,6
9708,7
9709,3
9710,7
9711,3
9712,7
9713,7
9714,2
9715,7
9716,4
9717,6
9718,4
9719,5
9720,4
9721,4
9722,6
9723,7
9724,7
9725,6
9726,6
9727,6
9728,7
9729,4
9730,4
9731,2
9732,5
9733,4
9734,6
9735,5
9736,3
9737,5
9738,7
9739,6
9740,4
9741,2
9742,5
9743,2
9744,4
9745,3
9746,4
9747,2
9748,4
9749,2
9750,6
9751,5
9752,6
9753,5
9754,5
9755,5
9756,5
9757,4
9758,6
9759,5
9760,4
9761,5
9762,5
9763,6
9764,2
9765,7
9766,3
9767,4
9768,2
9769,2
9770,5
9771,6
9772,1
9773,4
9774,4
9775,5
9776,6
9777,6
9778,6
9779,5
9780,4
9781,6
9782,5
9783,5
9784,7
9785,5
9786,6
9787,7
9788,5
9789,6
9790,6
9791,4
9792,4
9793,1
9794,7
9795,3
9796,7
9797,5
9798,4
9799,6
9800,1
9801,1
9802,2
9803,5
9804,4
9805,4
9806,3
9807,3
9808,4
9809,7
9810,4
9811,6
9812,4
9813,5
9814,5
9815,7
9816,2
9817,5
9818,5
9819,5
9820,4
9821,7
9822,2
9823,6
9824,4
9825,2
9826,6
9827,7
9828,6
9829,6
9830,4
9831,4
9832,3
9833,5
9834,6
9835,6
9836,7
9837,3
9838,6
9839,7
9840,6
9841,3
9842,7
9843,3
9844,5
9845,5
9846,7
9847,5
9848,2
9849,4
9850,2
9851,7
9852,6
9853,5
9854,7
9855,3
9856,1
9857,3
9858,6
9859,5
9860,5
9861,4
9862,5
9863,6
9864,4
9865,6
9866,2
9867,5
9868,5
9869,3
9870,5
9871,3
9872,5
9873,3
9874,3
9875,7
9876,5
9877,5
9878,6
9879,5
9880,4
9881,6
9882,6
9883,5
9884,2
9885,3
9886,6
9887,7
9888,5
9889,5
9890,4
9891,4
9892,4
9893,5
9894,5
9895,3
9896,4
9897,7
9898,4
9899,4
9900,6
9901,5
9902,3
9903,5
9904,5
9905,2
9906,4
9907,5
9908,4
9909,5
9910,6
9911,1
9912,5
9913,3
9914,5
9915,4
9916,4
9917,5
9918,5
9919,3
9920,6
9921,5
9922,5
9923,5
9924,4
9925,6
9926,4
9927,5
9928,5
9929,7
9930,5
9931,6
9932,7
9933,3
9934,3
9935,4
9936,4
9937,5
9938,5
9939,6
9940,4
9941,4
9942,7
9943,4
9944,5
9945,6
9946,6
9947,5
9948,5
9949,7
9950,7
9951,6
9952,6
9953,3
9954,3
9955,6
9956,6
9957,4
9958,6
9959,2
9960,3
9961,5
9962,4
9963,1
9964,2
9965,3
9966,6
9967,1
9968,4
9969,6
9970,6
9971,4
9972,3
9973,4
9974,3
9975,6
9976,4
9977,7
9978,4
9979,7
9980,6
9981,5
9982,4
9983,6
9984,7
9985,2
9986,1
9987,4
9988,7
9989,5
9990,7
9991,5
9992,4
9993,6
9994,3
9995,7
9996,3
9997,6
9998,4
9999,4
10000,5
10001,4
10002,5
10003,5
10004,1
10005,6
10006,4
10007,4
10008,6
10009,6
10010,3
10011,6
10012,3
10013,2
10014,5
10015,5
10016,5
10017,5
10018,5
10019,7
10020,3
10021,5
10022,4
10023,4
10024,7
10025,6
10026,4
10027,4
10028,3
10029,7
10030,6
10031,3
10032,7
10033,3
10034,1
10035,7
10036,2
10037,4
10038,3
10039,6
10040,2
10041,4
10042,6
10043,5
10044,5
10045,7
10046,5
10047,6
10048,5
10049,5
10050,7
10051,4
10052,5
10053,5
10054,4
10055,5
10056,6
10057,1
10058,3
10059,6
10060,5
10061,4
10062,6
10063,7
10064,2
10065,4
10066,5
10067,7
10068,4
10069,5
10070,4
10071,6
10072,5
10073,7
10074,1
10075,7
10076,6
10077,6
10078,6
10079,7
10080,2
10081,5
10082,5
10083,7
10084,3
10085,5
10086,5
10087,5
10088,4
10089,6
10090,5
10091,5
10092,7
10093,5
10094,6
10095,5
10096,4
10097,3
10098,3
10099,4
10100,6
10101,1
10102,5
10103,6
10104,6
10105,5
10106,5
10107,4
10108,5
10109,6
10110,5
10111,5
10112,5
10113,6
10114,6
10115,6
10116,3
10117,7
10118,2
10119,7
10120,6
10121,5
10122,6
10123,7
10124,4
10125,4
10126,4
10127,6
10128,5
10129,4
10130,5
10131,3
10132,5
10133,4
10134,4
10135,5
10136,3
10137,6
10138,5
10139,5
10140,4
10141,6
10142,5
10143,6
10144,5
10145,5
10146,3
10147,5
10148,4
10149,5
10150,4
10151,4
10152,5
10153,5
10154,2
10155,6
10156,5
10157,7
10158,7
10159,5
10160,7
10161,4
10162,7
10163,6
10164,5
10165,2
10166,4
10167,5
10168,6
10169,1
10170,4
10171,4
10172,2
10173,6
10174,6
10175,6
10176,2
10177,5
10178,5
10179,5
10180,7
10181,4
10182,5
10183,5
10184,7
10185,6
10186,5
10187,6
10188,5
10189,4
10190,4
10191,6
10192,2
10193,7
10194,4
10195,5
10196,5
10197,3
10198,3
10199,4
10200,4
10201,4
10202,6
10203,2
10204,7
10205,5
10206,6
10207,1
10208,1
10209,5
10210,5
10211,7
10212,3
10213,6
10214,4
10215,6
10216,3
10217,4
10218,4
10219,5
10220,5
10221,6
10222,6
10223,7
10224,3
10225,7
10226,6
10227,5
10228,5
10229,5
10230,1
10231,6
10232,5
10233,4
10234,5
10235,3
10236,3
10237,7
10238,5
10239,2
10240,6
10241,4
10242,4
10243,7
10244,5
10245,6
10246,4
10247,5
10248,7
10249,4
10250,5
10251,3
10252,7
10253,5
10254,4
10255,1
10256,5
10257,5
10258,2
10259,5
10260,5
10261,5
10262,2
10263,5
10264,7
10265,5
10266,5
10267,5
10268,7
10269,5
10270,5
10271,4
10272,5
10273,2
10274,7
10275,6
10276,2
10277,3
10278,3
10279,6
10280,6
10281,6
10282,5
10283,5
10284,5
10285,2
10286,4
10287,5
10288,5
10289,5
10290,3
10291,7
10292,6
10293,3
10294,4
10295,6
10296,3
10297,7
10298,7
10299,4
10300,5
10301,6
10302,6
10303,4
10304,4
10305,1
10306,6
10307,6
10308,5
10309,5
10310,2
10311,4
10312,1
10313,6
10314,4
10315,5
10316,6
10317,5
10318,4
10319,3
10320,3
10321,6
10322,4
10323,5
10324,7
10325,4
10326,5
10327,4
10328,5
10329,4
10330,4
10331,5
10332,3
10333,5
10334,5
10335,5
10336,4
10337,5
10338,7
10339,4
10340,7
10341,6
10342,5
10343,3
10344,6
10345,5
10346,7
10347,5
10348,6
10349,3
10350,2
10351,7
10352,6
10353,5
10354,5
10355,4
10356,4
10357,6
10358,7
10359,7
10360,4
10361,5
10362,5
10363,5
10364,6
10365,6
10366,6
10367,6
10368,6
10369,6
10370,7
10371,6
10372,2
10373,3
10374,7
10375,6
10376,4
10377,7
10378,7
10379,1
10380,3
10381,3
10382,6
10383,5
10384,5
10385,4
10386,6
10387,2
10388,6
10389,5
10390,4
10391,5
10392,4
10393,5
10394,3
10395,4
10396,4
10397,5
10398,6
10399,7
10400,5
10401,6
10402,5
10403,5
10404,6
10405,5
10406,6
10407,5
10408,7
10409,3
10410,6
10411,6
10412,4
10413,7
10414,3
10415,2
10416,5
10417,4
10418,5
10419,6
10420,4
10421,6
10422,4
10423,2
10424,5
10425,5
10426,7
10427,5
10428,3
10429,4
10430,4
10431,4
10432,7
10433,5
10434,1
10435,3
10436,5
10437,4
10438,5
10439,5
10440,5
10441,7
10442,6
10443,6
10444,6
10445,5
10446,6
10447,3
10448,7
10449,4
10450,7
10451,5
10452,4
10453,4
10454,5
10455,4
10456,5
10457,2
10458,4
10459,6
10460,6
10461,7
10462,5
10463,3
10464,4
10465,1
10466,7
10467,7
10468,4
10469,4
10470,3
10471,4
10472,6
10473,6
10474,7
10475,6
10476,7
10477,4
10478,6
10479,6
10480,5
10481,7
10482,5
10483,4
10484,2
10485,5
10486,5
10487,7
10488,5
10489,5
10490,7
10491,3
10492,5
10493,4
10494,6
10495,6
10496,7
10497,5
10498,2
10499,6
10500,3
10501,5
10502,4
10503,5
10504,6
10505,4
10506,7
10507,7
10508,3
10509,6
10510,5
10511,5
10512,4
10513,5
10514,6
10515,6
10516,1
10517,4
10518,4
10519,4
10520,5
10521,5
10522,6
10523,5
10524,5
10525,4
10526,1
10527,4
10528,5
10529,3
10530,3
10531,5
10532,6
10533,5
10534,4
10535,5
10536,2
10537,2
10538,7
10539,2
10540,6
10541,5
10542,4
10543,4
10544,3
10545,2
10546,5
10547,2
10548,4
10549,4
10550,4
10551,5
10552,7
10553,6
10554,4
10555,4
10556,7
10557,6
10558,6
10559,4
10560,4
10561,2
10562,6
10563,6
10564,7
10565,5
10566,5
10567,7
10568,4
10569,6
10570,5
10571,2
10572,5
10573,3
10574,5
10575,6
10576,3
10577,5
10578,6
10579,5
10580,4
10581,2
10582,5
10583,7
10584,6
10585,7
10586,6
10587,4
10588,6
10589,2
10590,5
10591,5
10592,6
10593,6
10594,5
10595,7
10596,3
10597,7
10598,3
10599,3
10600,2
10601,4
10602,6
10603,6
10604,3
10605,6
10606,7
10607,5
10608,5
10609,5
10610,5
10611,6
10612,5
10613,4
10614,7
10615,4
10616,6
10617,7
10618,7
10619,5
10620,7
10621,5
10622,3
10623,3
10624,4
10625,6
10626,6
10627,6
10628,6
10629,1
10630,6
10631,6
10632,4
10633,3
10634,4
10635,5
10636,4
10637,3
10638,7
10639,5
10640,4
10641,4
10642,5
10643,7
10644,4
10645,5
10646,5
10647,7
10648,6
10649,3
10650,5
10651,6
10652,5
10653,7
10654,5
10655,4
10656,5
10657,5
10658,6
10659,7
10660,3
10661,5
10662,6
10663,4
10664,7
10665,5
10666,4
10667,5
10668,2
10669,5
10670,4
10671,5
10672,6
10673,4
10674,5
10675,6
10676,6
10677,6
10678,5
10679,5
10680,7
10681,6
10682,3
10683,4
10684,5
10685,6
10686,2
10687,6
10688,5
10689,5
10690,5
10691,6
10692,6
10693,7
10694,6
10695,3
10696,6
10697,5
10698,3
10699,7
10700,4
10701,7
10702,5
10703,5
10704,3
10705,2
10706,6
10707,5
10708,1
10709,2
10710,5
10711,3
10712,5
10713,3
10714,7
10715,6
10716,5
10717,4
10718,5
10719,4
10720,4
10721,3
10722,3
10723,7
10724,3
10725,7
10726,6
10727,5
10728,6
10729,6
10730,5
10731,5
10732,6
10733,1
10734,5
10735,5
10736,5
10737,4
10738,5
10739,3
10740,7
10741,7
10742,5
10743,5
10744,5
10745,5
10746,5
10747,5
10748,6
10749,5
10750,5
10751,6
10752,6
10753,5
10754,6
10755,3
10756,4
10757,3
10758,3
10759,6
10760,5
10761,7
10762,7
10763,7
10764,4
10765,5
10766,4
10767,1
10768,3
10769,6
10770,5
10771,6
10772,5
10773,6
10774,7
10775,3
10776,1
10777,3
10778,6
10779,4
10780,2
10781,5
10782,3
10783,6
10784,5
10785,5
10786,7
10787,7
10788,5
10789,4
10790,6
10791,4
10792,6
10793,6
10794,4
10795,4
10796,4
10797,5
10798,4
10799,6
10800,5
10801,1
10802,5
10803,5
10804,7
10805,4
10806,5
10807,5
10808,6
10809,5
10810,6
10811,4
10812,6
10813,4
10814,5
10815,5
10816,5
10817,5
10818,6
10819,6
10820,3
10821,5
10822,2
10823,7
10824,4
10825,5
10826,4
10827,3
10828,3
10829,5
10830,5
10831,5
10832,3
10833,6
10834,6
10835,4
10836,5
10837,5
10838,5
10839,2
10840,6
10841,3
10842,6
10843,5
10844,5
10845,4
10846,6
10847,5
10848,5
10849,6
10850,4
10851,6
10852,7
10853,5
10854,6
10855,4
10856,1
10857,6
10858,5
10859,5
10860,6
10861,4
10862,4
10863,4
10864,4
10865,5
10866,6
10867,7
10868,4
10869,2
10870,7
10871,6
10872,2
10873,7
10874,3
10875,6
10876,4
10877,6
10878,3
10879,1
10880,5
10881,3
10882,6
10883,6
10884,4
10885,5
10886,6
10887,7
10888,6
10889,4
10890,5
10891,7
10892,7
10893,5
10894,3
10895,6
10896,4
10897,7
10898,7
10899,7
10900,5
10901,5
10902,5
10903,5
10904,6
10905,4
10906,6
10907,5
10908,6
10909,4
10910,5
10911,3
10912,4
10913,4
10914,1
10915,4
10916,4
10917,6
10918,4
10919,6
10920,6
10921,4
10922,3
10923,5
10924,3
10925,7
10926,6
10927,5
10928,6
10929,4
10930,4
10931,5
10932,5
10933,5
10934,2
10935,3
10936,6
10937,6
10938,5
10939,4
10940,4
10941,7
10942,6
10943,2
10944,4
10945,6
10946,7
10947,5
10948,2
10949,5
10950,7
10951,3
10952,5
10953,6
10954,7
10955,5
10956,5
10957,7
10958,5
10959,6
10960,7
10961,6
10962,5
10963,5
10964,5
10965,6
10966,5
10967,3
10968,7
10969,4
10970,5
10971,5
10972,5
10973,7
10974,1
10975,5
10976,6
10977,4
10978,4
10979,5
10980,7
10981,7
10982,4
10983,3
10984,2
10985,4
10986,6
10987,5
10988,7
10989,5
10990,3
10991,4
10992,6
10993,2
10994,1
10995,7
10996,4
10997,6
10998,6
10999,5
11000,4
11001,1
11002,7
11003,3
11004,5
11005,3
11006,5
11007,6
11008,4
11009,5
11010,5
11011,6
11012,5
11013,6
11014,5
11015,6
11016,5
11017,6
11018,4
11019,5
11020,5
11021,4
11022,4
11023,3
11024,5
11025,5
11026,3
11027,7
11028,6
11029,5
11030,5
11031,5
11032,4
11033,3
11034,4
11035,5
11036,6
11037,3
11038,7
11039,7
11040,4
11041,5
11042,5
11043,6
11044,3
11045,5
11046,6
11047,5
11048,7
11049,6
11050,4
11051,5
11052,5
11053,1
11054,6
11055,3
11056,3
11057,4
11058,1
11059,3
11060,5
11061,5
11062,4
11063,4
11064,3
11065,3
11066,5
11067,5
11068,6
11069,3
11070,3
11071,3
11072,3
11073,5
11074,3
11075,6
11076,4
11077,6
11078,6
11079,4
11080,4
11081,5
11082,5
11083,6
11084,4
11085,5
11086,3
11087,6
11088,6
11089,2
11090,4
11091,5
11092,5
11093,2
11094,3
11095,5
11096,7
11097,3
11098,6
11099,4
11100,5
11101,5
11102,1
11103,5
11104,5
11105,4
11106,5
11107,4
11108,4
11109,5
11110,7
11111,5
11112,3
11113,4
11114,1
11115,4
11116,4
11117,5
11118,6
11119,6
11120,6
11121,6
11122,3
11123,5
11124,6
11125,5
11126,6
11127,5
11128,5
11129,5
11130,6
11131,5
11132,6
11133,7
11134,1
11135,3
11136,6
11137,6
11138,6
11139,5
11140,6
11141,6
11142,6
11143,4
11144,6
11145,7
11146,5
11147,4
11148,4
11149,5
11150,7
11151,5
11152,5
11153,5
11154,5
11155,5
11156,6
11157,6
11158,5
11159,5
11160,4
11161,7
11162,5
11163,6
11164,7
11165,5
11166,5
11167,5
11168,3
11169,2
11170,6
11171,3
11172,4
11173,3
11174,5
11175,7
11176,5
11177,5
11178,6
11179,6
11180,4
11181,5
11182,5
11183,5
11184,4
11185,2
11186,3
11187,6
11188,5
11189,4
11190,5
11191,7
11192,7
11193,5
11194,5
11195,6
11196,4
11197,4
11198,2
11199,2
11200,5
11201,6
11202,3
11203,5
11204,6
11205,4
11206,7
11207,1
11208,6
11209,6
11210,5
11211,4
11212,3
11213,7
11214,5
11215,7
11216,4
11217,4
11218,4
11219,5
11220,7
11221,3
11222,6
11223,6
11224,5
11225,5
11226,6
11227,5
11228,4
11229,1
11230,6
11231,5
11232,6
11233,5
11234,3
11235,4
11236,5
11237,4
11238,5
11239,4
11240,6
11241,4
11242,5
11243,3
11244,4
11245,6
11246,3
11247,7
11248,5
11249,5
11250,6
11251,6
11252,4
11253,7
11254,5
11255,6
11256,2
11257,5
11258,6
11259,6
11260,1
11261,2
11262,6
11263,6
11264,5
11265,3
11266,6
11267,3
11268,5
11269,5
11270,6
11271,5
11272,7
11273,6
11274,5
11275,2
11276,1
11277,5
11278,4
11279,7
11280,6
11281,5
11282,4
11283,5
11284,2
11285,7
11286,6
11287,5
11288,4
11289,3
11290,5
11291,4
11292,4
11293,4
11294,5
11295,7
11296,6
11297,2
11298,6
11299,5
11300,6
11301,4
11302,5
11303,5
11304,3
11305,4
11306,7
11307,7
11308,3
11309,6
11310,3
11311,4
11312,5
11313,5
11314,6
11315,6
11316,6
11317,4
11318,5
11319,7
11320,6
11321,5
11322,6
11323,5
11324,7
11325,7
11326,6
11327,3
11328,6
11329,6
11330,4
11331,4
11332,6
11333,5
11334,5
11335,6
11336,6
11337,7
11338,6
11339,7
11340,5
11341,5
11342,6
11343,4
11344,4
11345,6
11346,6
11347,5
11348,6
11349,5
11350,7
11351,7
11352,4
11353,3
11354,5
11355,5
11356,6
11357,4
11358,5
11359,6
11360,5
11361,5
11362,3
11363,4
11364,3
11365,5
11366,6
11367,4
11368,4
11369,7
11370,5
11371,4
11372,4
11373,5
11374,5
11375,6
11376,5
11377,6
11378,6
11379,6
11380,1
11381,7
11382,5
11383,7
11384,3
11385,6
11386,5
11387,5
11388,4
11389,6
11390,6
11391,6
11392,5
11393,7
11394,4
11395,7
11396,4
11397,4
11398,3
11399,6
11400,5
11401,5
11402,4
11403,5
11404,5
11405,2
11406,5
11407,5
11408,5
11409,5
11410,4
11411,7
11412,3
11413,6
11414,6
11415,6
11416,6
11417,5
11418,6
11419,5
11420,5
11421,4
11422,3
11423,7
11424,5
11425,5
11426,4
11427,7
11428,3
11429,4
11430,6
11431,6
11432,7
11433,5
11434,4
11435,5
11436,3
11437,7
11438,3
11439,5
11440,5
11441,6
11442,6
11443,6
11444,5
11445,3
11446,4
11447,6
11448,4
11449,7
11450,2
11451,5
11452,4
11453,5
11454,5
11455,5
11456,4
11457,6
11458,3
11459,6
11460,2
11461,6
11462,5
11463,2
11464,6
11465,4
11466,4
11467,7
11468,5
11469,4
11470,4
11471,4
11472,3
11473,7
11474,5
11475,6
11476,5
11477,4
11478,3
11479,7
11480,4
11481,7
11482,5
11483,6
11484,3
11485,4
11486,6
11487,5
11488,7
11489,4
11490,4
11491,4
11492,5
11493,5
11494,5
11495,5
11496,6
11497,1
11498,5
11499,2
11500,5
11501,5
11502,5
11503,5
11504,2
11505,3
11506,6
11507,6
11508,6
11509,6
11510,6
11511,5
11512,7
11513,6
11514,4
11515,5
11516,3
11517,7
11518,5
11519,4
11520,4
11521,3
11522,4
11523,7
11524,4
11525,2
11526,3
11527,5
11528,5
11529,2
11530,1
11531,2
11532,5
11533,4
11534,4
11535,5
11536,5
11537,3
11538,5
11539,5
11540,5
11541,5
11542,6
11543,5
11544,4
11545,7
11546,5
11547,5
11548,6
11549,5
11550,7
11551,1
11552,4
11553,5
11554,4
11555,6
11556,5
11557,7
11558,7
11559,5
11560,4
11561,5
11562,7
11563,4
11564,4
11565,6
11566,3
11567,7
11568,7
11569,5
11570,5
11571,6
11572,7
11573,4
11574,4
11575,5
11576,3
11577,5
11578,7
11579,3
11580,5
11581,5
11582,6
11583,6
11584,3
11585,5
11586,6
11587,6
11588,5
11589,5
11590,5
11591,7
11592,7
11593,6
11594,3
11595,6
11596,5
11597,6
11598,5
11599,1
11600,5
11601,3
11602,6
11603,6
11604,7
11605,5
11606,5
11607,5
11608,6
11609,3
11610,4
11611,4
11612,4
11613,3
11614,4
11615,4
11616,4
11617,5
11618,5
11619,4
11620,4
11621,7
11622,5
11623,2
11624,5
11625,4
11626,5
11627,5
11628,4
11629,6
11630,7
11631,4
11632,5
11633,5
11634,2
11635,4
11636,6
11637,3
11638,5
11639,2
11640,7
11641,3
11642,7
11643,5
11644,6
11645,5
11646,5
11647,6
11648,4
11649,2
11650,5
11651,4
11652,4
11653,4
11654,4
11655,7
11656,5
11657,2
11658,6
11659,7
11660,4
11661,4
11662,5
11663,6
11664,5
11665,5
11666,5
11667,4
11668,4
11669,5
11670,4
11671,1
11672,4
11673,5
11674,7
11675,5
11676,5
11677,6
11678,6
11679,4
11680,3
11681,4
11682,6
11683,5
11684,6
11685,4
11686,7
11687,6
11688,6
11689,5
11690,6
11691,1
11692,5
11693,3
11694,4
11695,4
11696,5
11697,5
11698,4
11699,5
11700,6
11701,5
11702,7
11703,5
11704,4
11705,6
11706,5
11707,5
11708,5
11709,5
11710,5
11711,4
11712,5
11713,7
11714,7
11715,5
11716,6
11717,5
11718,5
11719,5
11720,4
11721,6
11722,5
11723,4
11724,4
11725,6
11726,3
11727,5
11728,6
11729,4
11730,5
11731,2
11732,4
11733,7
11734,5
11735,5
11736,1
11737,5
11738,4
11739,4
11740,5
11741,6
11742,4
11743,5
11744,5
11745,3
11746,6
11747,5
11748,7
11749,5
11750,3
11751,5
11752,3
11753,6
11754,6
11755,5
11756,6
11757,6
11758,3
11759,5
11760,3
11761,3
11762,5
11763,5
11764,5
11765,5
11766,5
11767,7
11768,5
11769,3
11770,7
11771,4
11772,2
11773,5
11774,4
11775,6
11776,6
11777,6
11778,5
11779,5
11780,6
11781,5
11782,3
11783,4
11784,5
11785,4
11786,4
11787,6
11788,6
11789,4
11790,4
11791,5
11792,7
11793,7
11794,5
11795,5
11796,4
11797,3
11798,6
11799,4
11800,6
11801,5
11802,5
11803,1
11804,3
11805,5
11806,5
11807,5
11808,7
11809,5
11810,6
11811,6
11812,5
11813,4
11814,5
11815,5
11816,7
11817,2
11818,5
11819,5
11820,6
11821,5
11822,4
11823,5
11824,7
11825,6
11826,6
11827,5
11828,6
11829,6
11830,5
11831,3
11832,1
11833,7
11834,5
11835,5
11836,2
11837,7
11838,2
11839,5
11840,7
11841,2
11842,6
11843,6
11844,6
11845,4
11846,7
11847,5
11848,4
11849,1
11850,7
11851,6
11852,4
11853,5
11854,6
11855,7
11856,5
11857,3
11858,4
11859,2
11860,6
11861,5
11862,1
11863,4
11864,4
11865,5
11866,6
11867,3
11868,2
11869,5
11870,6
11871,5
11872,6
11873,2
11874,6
11875,6
11876,3
11877,6
11878,3
11879,6
11880,4
11881,4
11882,3
11883,5
11884,3
11885,3
11886,6
11887,5
11888,5
11889,6
11890,5
11891,5
11892,3
11893,4
11894,6
11895,4
11896,5
11897,2
11898,7
11899,4
11900,6
11901,6
11902,6
11903,6
11904,5
11905,4
11906,6
11907,4
11908,5
11909,7
11910,6
11911,6
11912,3
11913,5
11914,7
11915,4
11916,6
11917,5
11918,4
11919,5
11920,5
11921,5
11922,5
11923,5
11924,4
11925,5
11926,5
11927,6
11928,2
11929,6
11930,5
11931,4
11932,3
11933,5
11934,4
11935,4
11936,3
11937,5
11938,4
11939,4
11940,5
11941,5
11942,5
11943,4
11944,5
11945,1
11946,5
11947,5
11948,2
11949,5
11950,5
11951,4
11952,5
11953,5
11954,6
11955,4
11956,7
11957,7
11958,5
11959,6
11960,5
11961,3
11962,5
11963,7
11964,6
11965,4
11966,6
11967,5
11968,4
11969,6
11970,6
11971,3
11972,6
11973,6
11974,4
11975,5
11976,6
11977,5
11978,6
11979,4
11980,6
11981,5
11982,5
11983,3
11984,7
11985,3
11986,4
11987,5
11988,7
11989,6
11990,5
11991,6
11992,5
11993,5
11994,5
11995,2
11996,7
11997,4
11998,4
11999,4
12000,5
12001,6
12002,4
12003,6
12004,6
12005,3
12006,6
12007,1
12008,5
12009,4
12010,4
12011,5
12012,4
12013,5
12014,5
12015,4
12016,4
12017,4
12018,6
12019,6
12020,4
12021,2
12022,4
12023,6
12024,6
12025,5
12026,5
12027,7
12028,5
12029,7
12030,4
12031,3
12032,4
12033,5
12034,3
12035,1
12036,4
12037,6
12038,3
12039,5
12040,5
12041,5
12042,6
12043,6
12044,1
12045,4
12046,6
12047,5
12048,3
12049,4
12050,5
12051,6
12052,5
12053,3
12054,5
12055,7
12056,3
12057,4
12058,5
12059,1
12060,5
12061,4
12062,6
12063,5
12064,4
12065,7
12066,5
12067,5
12068,6
12069,6
12070,6
12071,6
12072,7
12073,7
12074,4
12075,3
12076,2
12077,5
12078,5
12079,6
12080,4
12081,3
12082,6
12083,6
12084,3
12085,4
12086,1
12087,4
12088,5
12089,5
12090,6
12091,3
12092,5
12093,5
12094,5
12095,5
12096,6
12097,5
12098,5
12099,7
12100,4
12101,4
12102,5
12103,5
12104,1
12105,4
12106,5
12107,4
12108,6
12109,1
12110,6
12111,6
12112,7
12113,5
12114,6
12115,7
12116,7
12117,5
12118,3
12119,4
12120,6
12121,4
12122,3
12123,5
12124,4
12125,5
12126,3
12127,6
12128,7
12129,5
12130,4
12131,3
12132,5
12133,5
12134,1
12135,5
12136,6
12137,5
12138,6
12139,3
12140,7
12141,4
12142,4
12143,4
12144,6
12145,5
12146,3
12147,5
12148,5
12149,6
12150,4
12151,5
12152,3
12153,6
12154,7
12155,6
12156,6
12157,3
12158,4
12159,6
12160,5
12161,5
12162,6
12163,3
12164,4
12165,2
12166,4
12167,3
12168,7
12169,3
12170,2
12171,3
12172,6
12173,5
12174,5
12175,4
12176,4
12177,5
12178,3
12179,4
12180,3
12181,5
12182,5
12183,6
12184,6
12185,7
12186,1
12187,5
12188,3
12189,5
12190,5
12191,6
12192,7
12193,6
12194,6
12195,4
12196,4
12197,1
12198,4
12199,5
12200,4
12201,6
12202,7
12203,6
12204,3
12205,6
12206,3
12207,5
12208,6
12209,5
12210,6
12211,6
12212,5
12213,6
12214,6
12215,3
12216,5
12217,5
12218,5
12219,4
12220,7
12221,5
12222,4
12223,2
12224,4
12225,4
12226,4
12227,6
12228,4
12229,6
12230,4
12231,3
12232,5
12233,6
12234,4
12235,4
12236,6
12237,5
12238,5
12239,5
12240,5
12241,5
12242,6
12243,4
12244,4
12245,4
12246,6
12247,2
12248,4
12249,6
12250,3
12251,7
12252,6
12253,7
12254,6
12255,1
12256,3
12257,6
12258,5
12259,5
12260,5
12261,3
12262,6
12263,4
12264,4
12265,5
12266,4
12267,7
12268,5
12269,4
12270,5
12271,3
12272,5
12273,4
12274,7
12275,3
12276,4
12277,4
12278,5
12279,5
12280,7
12281,5
12282,7
12283,6
12284,7
12285,5
12286,5
12287,6
12288,5
12289,4
12290,6
12291,5
12292,4
12293,2
12294,6
12295,4
12296,7
12297,7
12298,2
12299,6
12300,4
12301,2
12302,5
12303,3
12304,4
12305,6
12306,2
12307,5
12308,5
12309,5
12310,5
12311,7
12312,4
12313,5
12314,6
12315,5
12316,4
12317,4
12318,7
12319,6
12320,6
12321,7
12322,7
12323,6
12324,5
12325,3
12326,7
12327,3
12328,2
12329,4
12330,3
12331,7
12332,5
12333,5
12334,7
12335,5
12336,6
12337,5
12338,6
12339,5
12340,5
12341,2
12342,7
12343,3
12344,6
12345,3
12346,6
12347,7
12348,5
12349,5
12350,6
12351,3
12352,7
12353,7
12354,6
12355,7
12356,4
12357,7
12358,2
12359,5
12360,5
12361,7
12362,5
12363,4
12364,4
12365,7
12366,5
12367,5
12368,4
12369,7
12370,5
12371,3
12372,5
12373,4
12374,6
12375,7
12376,4
12377,4
12378,7
12379,5
12380,6
12381,5
12382,2
12383,5
12384,3
12385,2
12386,6
12387,5
12388,5
12389,5
12390,5
12391,5
12392,5
12393,5
12394,7
12395,3
12396,6
12397,6
12398,5
12399,5
12400,4
12401,7
12402,1
12403,6
12404,5
12405,7
12406,5
12407,6
12408,5
12409,7
12410,1
12411,3
12412,5
12413,4
12414,6
12415,3
12416,4
12417,6
12418,4
12419,4
12420,7
12421,6
12422,4
12423,4
12424,7
12425,5
12426,5
12427,3
12428,5
12429,5
12430,2
12431,5
12432,2
12433,3
12434,4
12435,6
12436,5
12437,4
12438,7
12439,4
12440,4
12441,7
12442,6
12443,6
12444,2
12445,4
12446,5
12447,5
12448,6
12449,1
12450,7
12451,4
12452,5
12453,5
12454,6
12455,6
12456,4
12457,4
12458,7
12459,5
12460,5
12461,5
12462,2
12463,6
12464,3
12465,5
12466,6
12467,5
12468,5
12469,6
12470,5
12471,6
12472,5
12473,2
12474,4
12475,4
12476,4
12477,5
12478,2
12479,5
12480,5
12481,5
12482,3
12483,6
12484,4
12485,6
12486,4
12487,4
12488,5
12489,4
12490,5
12491,2
12492,5
12493,6
12494,5
12495,5
12496,3
12497,4
12498,4
12499,3
12500,5
12501,4
12502,4
12503,5
12504,3
12505,3
12506,4
12507,5
12508,5
12509,6
12510,5
12511,3
12512,6
12513,2
12514,7
12515,4
12516,5
12517,6
12518,4
12519,7
12520,2
12521,3
12522,4
12523,6
12524,3
12525,6
12526,4
12527,2
12528,5
12529,5
12530,6
12531,5
12532,7
12533,7
12534,5
12535,5
12536,5
12537,5
12538,5
12539,7
12540,6
12541,4
12542,6
12543,2
12544,5
12545,6
12546,6
12547,5
12548,5
12549,5
12550,7
12551,5
12552,7
12553,5
12554,5
12555,4
12556,4
12557,6
12558,4
12559,6
12560,6
12561,7
12562,7
12563,3
12564,5
12565,6
12566,5
12567,6
12568,5
12569,3
12570,2
12571,7
12572,4
12573,5
12574,5
12575,5
12576,2
12577,5
12578,6
12579,5
12580,5
12581,5
12582,5
12583,5
12584,7
12585,5
12586,5
12587,5
12588,7
12589,5
12590,6
12591,5
12592,5
12593,6
12594,5
12595,6
12596,5
12597,4
12598,2
12599,7
12600,6
12601,3
12602,7
12603,5
12604,4
12605,6
12606,4
12607,4
12608,3
12609,3
12610,4
12611,4
12612,3
12613,6
12614,7
12615,7
12616,5
12617,3
12618,3
12619,4
12620,6
12621,6
12622,1
12623,6
12624,5
12625,5
12626,7
12627,4
12628,3
12629,5
12630,5
12631,5
12632,5
12633,4
12634,4
12635,4
12636,5
12637,6
12638,5
12639,7
12640,6
12641,4
12642,6
12643,3
12644,5
12645,3
12646,5
12647,7
12648,7
12649,5
12650,4
12651,6
12652,5
12653,6
12654,5
12655,3
12656,4
12657,5
12658,6
12659,5
12660,2
12661,4
12662,4
12663,6
12664,6
12665,7
12666,4
12667,7
12668,5
12669,7
12670,2
12671,3
12672,3
12673,7
12674,6
12675,4
12676,6
12677,4
12678,5
12679,5
12680,6
12681,2
12682,4
12683,4
12684,6
12685,7
12686,6
12687,5
12688,6
12689,3
12690,6
12691,4
12692,6
12693,5
12694,7
12695,6
12696,6
12697,3
12698,5
12699,4
12700,6
12701,4
12702,5
12703,6
12704,6
12705,5
12706,2
12707,3
12708,3
12709,6
12710,2
12711,4
12712,5
12713,4
12714,5
12715,2
12716,6
12717,7
12718,5
12719,7
12720,7
12721,1
12722,3
12723,7
12724,4
12725,5
12726,5
12727,5
12728,7
12729,3
12730,5
12731,4
12732,6
12733,1
12734,5
12735,6
12736,6
12737,3
12738,7
12739,5
12740,7
12741,5
12742,4
12743,6
12744,6
12745,5
12746,5
12747,6
12748,6
12749,7
12750,7
12751,7
12752,5
12753,5
12754,5
12755,4
12756,6
12757,3
12758,1
12759,4
12760,5
12761,4
12762,5
12763,4
12764,1
12765,5
12766,4
12767,2
12768,1
12769,4
12770,5
12771,5
12772,4
12773,4
12774,6
12775,5
12776,7
12777,4
12778,5
12779,5
12780,4
12781,5
12782,5
12783,5
12784,5
12785,6
12786,2
12787,4
12788,3
12789,5
12790,1
12791,7
12792,6
12793,5
12794,7
12795,6
12796,1
12797,4
12798,7
12799,4
12800,5
12801,7
12802,3
12803,5
12804,5
12805,4
12806,6
12807,5
12808,4
12809,5
12810,6
12811,4
12812,3
12813,4
12814,6
12815,4
12816,3
12817,3
12818,5
12819,7
12820,7
12821,5
12822,4
12823,6
12824,5
12825,7
12826,4
12827,5
12828,4
12829,6
12830,3
12831,6
12832,7
12833,1
12834,2
12835,7
12836,4
12837,5
12838,3
12839,5
12840,3
12841,7
12842,6
12843,5
12844,6
12845,5
12846,4
12847,2
12848,4
12849,4
12850,3
12851,5
12852,6
12853,5
12854,6
12855,6
12856,5
12857,5
12858,4
12859,5
12860,6
12861,6
12862,5
12863,5
12864,6
12865,2
12866,3
12867,5
12868,6
12869,5
12870,5
12871,4
12872,4
12873,7
12874,7
12875,4
12876,6
12877,5
12878,6
12879,5
12880,3
12881,2
12882,5
12883,7
12884,5
12885,3
12886,4
12887,4
12888,4
12889,6
12890,5
12891,2
12892,4
12893,7
12894,4
12895,7
12896,5
12897,6
12898,4
12899,1
12900,5
12901,5
12902,4
12903,1
12904,4
12905,5
12906,5
12907,3
12908,3
12909,5
12910,6
12911,5
12912,4
12913,2
12914,5
12915,6
12916,3
12917,5
12918,5
12919,7
12920,7
12921,2
12922,4
12923,7
12924,5
12925,2
12926,7
12927,7
12928,5
12929,4
12930,5
12931,6
12932,3
12933,5
12934,3
12935,3
12936,7
12937,3
12938,5
12939,3
12940,5
12941,5
12942,6
12943,5
12944,2
12945,5
12946,5
12947,3
12948,5
12949,2
12950,5
12951,5
12952,6
12953,6
12954,4
12955,3
12956,7
12957,4
12958,5
12959,2
12960,6
12961,1
12962,5
12963,6
12964,5
12965,6
12966,3
12967,4
12968,6
12969,4
12970,3
12971,5
12972,5
12973,4
12974,6
12975,3
12976,3
12977,5
12978,5
12979,4
12980,2
12981,4
12982,7
12983,6
12984,2
12985,7
12986,6
12987,4
12988,6
12989,5
12990,4
12991,7
12992,2
12993,7
12994,5
12995,3
12996,3
12997,2
12998,6
12999,7
13000,5
13001,4
13002,5
13003,3
13004,4
13005,5
13006,4
13007,5
13008,3
13009,5
13010,5
13011,7
13012,5
13013,6
13014,4
13015,6
13016,5
13017,5
13018,7
13019,6
13020,5
13021,3
13022,5
13023,5
13024,3
13025,7
13026,4
13027,2
13028,4
13029,5
13030,7
13031,4
13032,5
13033,6
13034,4
13035,6
13036,6
13037,5
13038,5
13039,7
13040,4
13041,5
13042,6
13043,6
13044,2
13045,5
13046,6
13047,4
13048,5
13049,4
13050,6
13051,7
13052,5
13053,5
13054,3
13055,7
13056,6
13057,5
13058,7
13059,4
13060,5
13061,5
13062,5
13063,7
13064,5
13065,5
13066,2
13067,5
13068,3
13069,3
13070,7
13071,6
13072,4
13073,5
13074,4
13075,3
13076,7
13077,4
13078,6
13079,3
13080,4
13081,7
13082,4
13083,5
13084,3
13085,6
13086,2
13087,4
13088,3
13089,6
13090,5
13091,5
13092,3
13093,5
13094,5
13095,5
13096,4
13097,5
13098,5
13099,5
13100,6
13101,3
13102,4
13103,4
13104,3
13105,7
13106,3
13107,5
13108,5
13109,6
13110,5
13111,7
13112,3
13113,3
13114,5
13115,4
13116,3
13117,4
13118,5
13119,4
13120,4
13121,4
13122,5
13123,4
13124,2
13125,4
13126,7
13127,4
13128,5
13129,6
13130,2
13131,6
13132,5
13133,5
13134,5
13135,5
13136,4
13137,7
13138,5
13139,6
13140,5
13141,6
13142,4
13143,7
13144,4
13145,6
13146,3
13147,4
13148,5
13149,5
13150,7
13151,5
13152,5
13153,7
13154,5
13155,6
13156,5
13157,1
13158,4
13159,7
13160,7
13161,6
13162,6
13163,6
13164,5
13165,6
13166,7
13167,4
13168,2
13169,7
13170,3
13171,5
13172,3
13173,6
13174,4
13175,6
13176,2
13177,4
13178,5
13179,4
13180,7
13181,6
13182,2
13183,7
13184,7
13185,4
13186,5
13187,6
13188,1
13189,1
13190,6
13191,5
13192,4
13193,6
13194,4
13195,3
13196,4
13197,5
13198,2
13199,7
13200,5
13201,5
13202,4
13203,3
13204,4
13205,6
13206,7
13207,3
13208,7
13209,3
13210,2
13211,6
13212,3
13213,5
13214,4
13215,4
13216,5
13217,7
13218,4
13219,7
13220,5
13221,6
13222,5
13223,7
13224,4
13225,5
13226,5
13227,5
13228,5
13229,3
13230,6
13231,6
13232,7
13233,5
13234,7
13235,2
13236,6
13237,6
13238,6
13239,5
13240,2
13241,6
13242,7
13243,5
13244,7
13245,5
13246,3
13247,4
13248,3
13249,6
13250,5
13251,4
13252,6
13253,3
13254,5
13255,3
13256,4
13257,4
13258,7
13259,4
13260,2
13261,5
13262,4
13263,5
13264,6
13265,6
13266,6
13267,6
13268,6
13269,3
13270,7
13271,6
13272,4
13273,6
13274,5
13275,7
13276,3
13277,3
13278,7
13279,5
13280,3
13281,5
13282,7
13283,6
13284,4
13285,6
13286,7
13287,7
13288,6
13289,3
13290,5
13291,5
13292,5
13293,4
13294,6
13295,3
13296,4
13297,7
13298,7
13299,6
13300,3
13301,3
13302,7
13303,2
13304,5
13305,5
13306,4
13307,4
13308,7
13309,5
13310,5
13311,6
13312,6
13313,4
13314,5
13315,5
13316,5
13317,4
13318,3
13319,5
13320,5
13321,5
13322,7
13323,5
13324,4
13325,7
13326,7
13327,4
13328,5
13329,5
13330,5
13331,5
13332,5
13333,5
13334,4
13335,4
13336,6
13337,7
13338,7
13339,5
13340,3
13341,3
13342,2
13343,6
13344,7
13345,5
13346,5
13347,6
13348,6
13349,5
13350,3
13351,4
13352,2
13353,7
13354,6
13355,4
13356,4
13357,5
13358,1
13359,5
13360,3
13361,4
13362,4
13363,3
13364,4
13365,7
13366,5
13367,4
13368,6
13369,3
13370,7
13371,5
13372,5
13373,2
13374,7
13375,7
13376,7
13377,5
13378,2
13379,2
13380,4
13381,6
13382,7
13383,4
13384,2
13385,6
13386,6
13387,5
13388,6
13389,6
13390,3
13391,5
13392,6
13393,5
13394,5
13395,3
13396,2
13397,1
13398,3
13399,5
13400,5
13401,6
13402,5
13403,6
13404,3
13405,4
13406,5
13407,5
13408,7
13409,3
13410,6
13411,5
13412,3
13413,3
13414,7
13415,7
13416,6
13417,6
13418,7
13419,3
13420,5
13421,2
13422,5
13423,4
13424,7
13425,4
13426,6
13427,4
13428,5
13429,5
13430,5
13431,5
13432,7
13433,7
13434,6
13435,6
13436,7
13437,4
13438,6
13439,5
13440,5
13441,5
13442,5
13443,2
13444,4
13445,5
13446,3
13447,7
13448,1
13449,6
13450,5
13451,5
13452,5
13453,4
13454,4
13455,7
13456,4
13457,4
13458,5
13459,4
13460,7
13461,7
13462,6
13463,7
13464,5
13465,6
13466,5
13467,5
13468,5
13469,5
13470,5
13471,4
13472,4
13473,5
13474,4
13475,5
13476,7
13477,7
13478,5
13479,5
13480,4
13481,4
13482,7
13483,5
13484,5
13485,5
13486,2
13487,5
13488,6
13489,6
13490,5
13491,5
13492,3
13493,5
13494,5
13495,4
13496,5
13497,5
13498,5
13499,5
13500,4
13501,5
13502,3
13503,7
13504,6
13505,5
13506,5
13507,5
13508,7
13509,3
13510,4
13511,5
13512,5
13513,6
13514,6
13515,6
13516,5
13517,4
13518,2
13519,5
13520,2
13521,4
13522,6
13523,7
13524,6
13525,1
13526,7
13527,6
13528,4
13529,7
13530,7
13531,5
13532,7
13533,2
13534,6
13535,5
13536,6
13537,4
13538,4
13539,7
13540,6
13541,4
13542,6
13543,6
13544,6
13545,5
13546,6
13547,4
13548,5
13549,4
13550,3
13551,5
13552,6
13553,6
13554,6
13555,5
13556,4
13557,1
13558,4
13559,4
13560,7
13561,3
13562,4
13563,4
13564,6
13565,5
13566,4
13567,5
13568,4
13569,6
13570,2
13571,5
13572,3
13573,7
13574,6
13575,4
13576,6
13577,5
13578,5
13579,6
13580,5
13581,7
13582,5
13583,5
13584,7
13585,7
13586,5
13587,5
13588,5
13589,6
13590,6
13591,3
13592,1
13593,6
13594,7
13595,4
13596,2
13597,4
13598,4
13599,6
13600,6
13601,4
13602,4
13603,6
13604,5
13605,5
13606,2
13607,2
13608,7
13609,5
13610,6
13611,6
13612,7
13613,5
13614,6
13615,5
13616,5
13617,2
13618,5
13619,5
13620,6
13621,2
13622,4
13623,4
13624,5
13625,5
13626,2
13627,7
13628,6
13629,5
13630,5
13631,4
13632,4
13633,5
13634,7
13635,5
13636,7
13637,3
13638,5
13639,5
13640,6
13641,5
13642,3
13643,6
13644,6
13645,5
13646,6
13647,6
13648,4
13649,5
13650,6
13651,6
13652,5
13653,3
13654,4
13655,7
13656,5
13657,7
13658,6
13659,7
13660,2
13661,4
13662,6
13663,6
13664,2
13665,5
13666,6
13667,2
13668,5
13669,4
13670,6
13671,5
13672,5
13673,5
13674,4
13675,6
13676,7
13677,5
13678,3
13679,4
13680,5
13681,5
13682,6
13683,2
13684,6
13685,5
13686,5
13687,1
13688,4
13689,5
13690,6
13691,6
13692,6
13693,4
13694,4
13695,1
13696,3
13697,6
13698,3
13699,7
13700,7
13701,5
13702,4
13703,6
13704,5
13705,6
13706,4
13707,3
13708,3
13709,5
13710,7
13711,2
13712,6
13713,2
13714,5
13715,4
13716,6
13717,4
13718,5
13719,3
13720,6
13721,6
13722,3
13723,4
13724,5
13725,7
13726,6
13727,7
13728,6
13729,5
13730,4
13731,1
13732,4
13733,5
13734,7
13735,3
13736,7
13737,5
13738,5
13739,3
13740,5
13741,4
13742,2
13743,5
13744,6
13745,3
13746,6
13747,6
13748,7
13749,2
13750,5
13751,5
13752,5
13753,4
13754,7
13755,4
13756,5
13757,5
13758,5
13759,5
13760,6
13761,3
13762,7
13763,5
13764,4
13765,4
13766,7
13767,5
13768,3
13769,4
13770,5
13771,6
13772,6
13773,4
13774,5
13775,4
13776,5
13777,5
13778,5
13779,7
13780,5
13781,1
13782,1
13783,7
13784,3
13785,7
13786,5
13787,4
13788,4
13789,5
13790,6
13791,7
13792,4
13793,4
13794,7
13795,7
13796,4
13797,6
13798,5
13799,5
13800,5
13801,5
13802,6
13803,5
13804,4
13805,5
13806,6
13807,6
13808,6
13809,3
13810,5
13811,4
13812,3
13813,3
13814,6
13815,6
13816,4
13817,2
13818,3
13819,6
13820,5
13821,6
13822,5
13823,2
13824,5
13825,4
13826,3
13827,3
13828,7
13829,7
13830,6
13831,7
13832,5
13833,2
13834,4
13835,1
13836,5
13837,4
13838,3
13839,4
13840,2
13841,5
13842,5
13843,6
13844,7
13845,4
13846,6
13847,6
13848,7
13849,5
13850,5
13851,5
13852,4
13853,6
13854,2
13855,6
13856,6
13857,3
13858,7
13859,2
13860,6
13861,6
13862,4
13863,4
13864,7
13865,5
13866,4
13867,4
13868,5
13869,6
13870,4
13871,7
13872,5
13873,5
13874,6
13875,5
13876,5
13877,7
13878,3
13879,5
13880,4
13881,4
13882,6
13883,4
13884,6
13885,5
13886,3
13887,7
13888,5
13889,5
13890,4
13891,5
13892,5
13893,6
13894,5
13895,5
13896,3
13897,5
13898,6
13899,2
13900,4
13901,6
13902,5
13903,4
13904,5
13905,4
13906,3
13907,5
13908,5
13909,1
13910,6
13911,5
13912,6
13913,7
13914,5
13915,5
13916,6
13917,6
13918,5
13919,4
13920,5
13921,7
13922,1
13923,4
13924,4
13925,4
13926,5
13927,6
13928,6
13929,7
13930,7
13931,7
13932,5
13933,6
13934,6
13935,4
13936,7
13937,4
13938,5
13939,6
13940,4
13941,7
13942,5
13943,4
13944,3
13945,5
13946,6
13947,5
13948,4
13949,5
13950,7
13951,2
13952,7
13953,5
13954,6
13955,4
13956,6
13957,5
13958,2
13959,6
13960,6
13961,7
13962,6
13963,5
13964,4
13965,5
13966,6
13967,5
13968,2
13969,4
13970,7
13971,5
13972,4
13973,4
13974,3
13975,7
13976,4
13977,5
13978,7
13979,4
13980,4
13981,5
13982,5
13983,2
13984,7
13985,6
13986,5
13987,5
13988,2
13989,4
13990,4
13991,2
13992,5
13993,5
13994,4
13995,6
13996,6
13997,4
13998,4
13999,3
14000,7
14001,4
14002,6
14003,5
14004,7
14005,3
14006,4
14007,5
14008,4
14009,7
14010,5
14011,6
14012,5
14013,3
14014,7
14015,7
14016,7
14017,6
14018,3
14019,6
14020,5
14021,3
14022,7
14023,6
14024,4
14025,4
14026,3
14027,6
14028,3
14029,4
14030,5
14031,7
14032,4
14033,4
14034,4
14035,5
14036,6
14037,7
14038,3
14039,5
14040,4
14041,4
14042,5
14043,6
14044,5
14045,6
14046,4
14047,5
14048,4
14049,6
14050,4
14051,4
14052,3
14053,5
14054,5
14055,7
14056,7
14057,6
14058,4
14059,6
14060,1
14061,6
14062,2
14063,5
14064,3
14065,5
14066,3
14067,6
14068,4
14069,5
14070,5
14071,4
14072,6
14073,4
14074,3
14075,2
14076,3
14077,4
14078,6
14079,5
14080,3
14081,6
14082,5
14083,6
14084,5
14085,6
14086,6
14087,7
14088,4
14089,5
14090,3
14091,5
14092,4
14093,4
14094,7
14095,3
14096,7
14097,6
14098,2
14099,4
14100,4
14101,7
14102,7
14103,5
14104,4
14105,7
14106,3
14107,6
14108,5
14109,5
14110,5
14111,2
14112,2
14113,3
14114,4
14115,2
14116,6
14117,5
14118,7
14119,4
14120,6
14121,5
14122,5
14123,4
14124,5
14125,7
14126,3
14127,4
14128,7
14129,6
14130,5
14131,6
14132,5
14133,5
14134,3
14135,5
14136,4
14137,5
14138,4
14139,6
14140,5
14141,6
14142,6
14143,5
14144,5
14145,5
14146,3
14147,5
14148,5
14149,7
14150,4
14151,3
14152,4
14153,4
14154,6
14155,6
14156,6
14157,5
14158,7
14159,6
14160,7
14161,6
14162,6
14163,5
14164,5
14165,7
14166,5
14167,5
14168,2
14169,6
14170,5
14171,2
14172,4
14173,4
14174,4
14175,6
14176,4
14177,3
14178,4
14179,3
14180,4
14181,5
14182,5
14183,4
14184,2
14185,2
14186,4
14187,5
14188,4
14189,6
14190,6
14191,3
14192,4
14193,7
14194,5
14195,5
14196,6
14197,4
14198,7
14199,2
14200,5
14201,3
14202,7
14203,5
14204,6
14205,6
14206,7
14207,6
14208,5
14209,2
14210,3
14211,5
14212,6
14213,5
14214,5
14215,5
14216,4
14217,6
14218,7
14219,7
14220,4
14221,3
14222,5
14223,5
14224,4
14225,6
14226,5
14227,6
14228,3
14229,5
14230,4
14231,6
14232,6
14233,7
14234,6
14235,6
14236,5
14237,3
14238,4
14239,5
14240,4
14241,7
14242,4
14243,4
14244,5
14245,5
14246,4
14247,4
14248,5
14249,5
14250,5
14251,5
14252,6
14253,5
14254,5
14255,6
14256,2
14257,6
14258,3
14259,5
14260,2
14261,6
14262,4
14263,4
14264,3
14265,7
14266,5
14267,5
14268,6
14269,3
14270,6
14271,5
14272,5
14273,6
14274,7
14275,6
14276,5
14277,4
14278,5
14279,5
14280,5
14281,7
14282,5
14283,4
14284,4
14285,3
14286,5
14287,7
14288,5
14289,5
14290,3
14291,6
14292,3
14293,4
14294,5
14295,3
14296,6
14297,6
14298,1
14299,6
14300,4
14301,6
14302,5
14303,4
14304,5
14305,4
14306,4
14307,5
14308,4
14309,7
14310,4
14311,4
14312,7
14313,6
14314,2
14315,7
14316,3
14317,5
14318,7
14319,3
14320,7
14321,7
14322,3
14323,5
14324,6
14325,5
14326,5
14327,7
14328,5
14329,4
14330,5
14331,4
14332,4
14333,4
14334,6
14335,6
14336,5
14337,7
14338,2
14339,6
14340,4
14341,6
14342,6
14343,3
14344,5
14345,4
14346,2
14347,6
14348,5
14349,3
14350,6
14351,1
14352,3
14353,5
14354,4
14355,5
14356,2
14357,6
14358,5
14359,5
14360,2
14361,5
14362,3
14363,4
14364,5
14365,4
14366,5
14367,4
14368,6
14369,7
14370,5
14371,3
14372,5
14373,4
14374,5
14375,4
14376,5
14377,4
14378,6
14379,6
14380,5
14381,4
14382,5
14383,5
14384,4
14385,3
14386,4
14387,6
14388,7
14389,5
14390,4
14391,7
14392,3
14393,4
14394,5
14395,4
14396,7
14397,1
14398,5
14399,4
14400,6
14401,5
14402,6
14403,4
14404,7
14405,6
14406,6
14407,3
14408,6
14409,7
14410,5
14411,5
14412,6
14413,5
14414,5
14415,6
14416,5
14417,7
14418,2
14419,7
14420,5
14421,7
14422,2
14423,5
14424,6
14425,5
14426,3
14427,2
14428,5
14429,5
14430,5
14431,6
14432,7
14433,6
14434,4
14435,7
14436,6
14437,5
14438,5
14439,6
14440,5
14441,7
14442,5
14443,4
14444,3
14445,6
14446,4
14447,6
14448,5
14449,5
14450,5
14451,4
14452,7
14453,5
14454,5
14455,6
14456,7
14457,5
14458,1
14459,5
14460,3
14461,3
14462,5
14463,3
14464,5
14465,6
14466,6
14467,7
14468,5
14469,5
14470,2
14471,3
14472,7
14473,4
14474,2
14475,7
14476,7
14477,7
14478,6
14479,5
14480,5
14481,6
14482,6
14483,5
14484,7
14485,5
14486,6
14487,4
14488,4
14489,6
14490,4
14491,5
14492,5
14493,4
14494,6
14495,6
14496,5
14497,4
14498,5
14499,6
14500,3
14501,4
14502,4
14503,4
14504,3
14505,3
14506,5
14507,4
14508,1
14509,4
14510,5
14511,3
14512,6
14513,5
14514,5
14515,5
14516,5
14517,7
14518,4
14519,1
14520,5
14521,5
14522,5
14523,5
14524,5
14525,3
14526,5
14527,6
14528,4
14529,3
14530,6
14531,5
14532,5
14533,6
14534,5
14535,5
14536,4
14537,6
14538,4
14539,5
14540,7
14541,4
14542,5
14543,6
14544,3
14545,5
14546,5
14547,5
14548,6
14549,5
14550,5
14551,7
14552,2
14553,5
14554,4
14555,7
14556,5
14557,5
14558,3
14559,7
14560,7
14561,5
14562,4
14563,4
14564,2
14565,4
14566,3
14567,5
14568,5
14569,5
14570,5
14571,5
14572,4
14573,6
14574,5
14575,5
14576,6
14577,4
14578,5
14579,6
14580,2
14581,7
14582,5
14583,3
14584,4
14585,7
14586,4
14587,6
14588,3
14589,5
14590,3
14591,7
14592,5
14593,4
14594,5
14595,7
14596,7
14597,2
14598,6
14599,5
14600,5
14601,7
14602,4
14603,6
14604,5
14605,6
14606,7
14607,7
14608,6
14609,6
14610,5
14611,3
14612,5
14613,4
14614,4
14615,5
14616,7
14617,5
14618,7
14619,6
14620,3
14621,7
14622,4
14623,6
14624,6
14625,6
14626,6
14627,6
14628,7
14629,4
14630,7
14631,5
14632,5
14633,5
14634,5
14635,6
14636,7
14637,5
14638,5
14639,3
14640,6
14641,5
14642,6
14643,5
14644,4
14645,5
14646,5
14647,7
14648,6
14649,5
14650,5
14651,5
14652,7
14653,4
14654,5
14655,4
14656,5
14657,5
14658,5
14659,5
14660,4
14661,3
14662,5
14663,5
14664,4
14665,6
14666,5
14667,5
14668,6
14669,6
14670,4
14671,5
14672,6
14673,7
14674,5
14675,6
14676,4
14677,5
14678,5
14679,7
14680,5
14681,6
14682,6
14683,5
14684,5
14685,4
14686,4
14687,6
14688,5
14689,7
14690,7
14691,6
14692,3
14693,5
14694,7
14695,3
14696,7
14697,6
14698,6
14699,4
14700,7
14701,5
14702,2
14703,3
14704,4
14705,3
14706,5
14707,7
14708,5
14709,3
14710,2
14711,4
14712,4
14713,5
14714,2
14715,6
14716,3
14717,4
14718,3
14719,4
14720,6
14721,4
14722,4
14723,2
14724,4
14725,3
14726,7
14727,5
14728,5
14729,5
14730,5
14731,5
14732,5
14733,2
14734,2
14735,5
14736,5
14737,3
14738,6
14739,4
14740,1
14741,5
14742,2
14743,6
14744,6
14745,5
14746,5
14747,5
14748,5
14749,5
14750,5
14751,5
14752,5
14753,5
14754,3
14755,5
14756,5
14757,5
14758,5
14759,3
14760,3
14761,7
14762,5
14763,5
14764,3
14765,4
14766,4
14767,5
14768,7
14769,4
14770,7
14771,5
14772,6
14773,4
14774,7
14775,5
14776,3
14777,2
14778,6
14779,5
14780,3
14781,6
14782,6
14783,7
14784,5
14785,5
14786,2
14787,7
14788,3
14789,4
14790,4
14791,7
14792,5
14793,6
14794,3
14795,7
14796,5
14797,1
14798,3
14799,2
14800,1
14801,5
14802,5
14803,7
14804,7
14805,7
14806,5
14807,5
14808,3
14809,4
14810,4
14811,3
14812,3
14813,3
14814,2
14815,4
14816,5
14817,4
14818,2
14819,5
14820,5
14821,5
14822,5
14823,5
14824,5
14825,4
14826,4
14827,6
14828,3
14829,5
14830,5
14831,7
14832,6
14833,7
14834,2
14835,7
14836,6
14837,6
14838,6
14839,4
14840,7
14841,5
14842,6
14843,4
14844,5
14845,6
14846,4
14847,2
14848,6
14849,4
14850,7
14851,7
14852,5
14853,5
14854,7
14855,3
14856,6
14857,5
14858,5
14859,5
14860,5
14861,3
14862,4
14863,6
14864,7
14865,5
14866,3
14867,7
14868,5
14869,5
14870,4
14871,6
14872,6
14873,2
14874,5
14875,6
14876,6
14877,3
14878,1
14879,4
14880,2
14881,2
14882,6
14883,5
14884,6
14885,6
14886,5
14887,5
14888,5
14889,2
14890,6
14891,5
14892,4
14893,5
14894,6
14895,3
14896,7
14897,6
14898,5
14899,2
14900,6
14901,5
14902,4
14903,7
14904,3
14905,4
14906,5
14907,5
14908,4
14909,5
14910,5
14911,5
14912,4
14913,7
14914,4
14915,4
14916,7
14917,4
14918,7
14919,5
14920,2
14921,5
14922,5
14923,7
14924,5
14925,5
14926,5
14927,7
14928,4
14929,5
14930,5
14931,5
14932,6
14933,5
14934,3
14935,6
14936,5
14937,6
14938,6
14939,5
14940,4
14941,6
14942,4
14943,6
14944,1
14945,6
14946,5
14947,6
14948,7
14949,6
14950,5
14951,7
14952,1
14953,5
14954,5
14955,5
14956,5
14957,5
14958,5
14959,5
14960,5
14961,6
14962,4
14963,5
14964,4
14965,2
14966,5
14967,6
14968,2
14969,4
14970,5
14971,6
14972,3
14973,5
14974,6
14975,4
14976,6
14977,4
14978,5
14979,5
14980,7
14981,5
14982,5
14983,4
14984,6
14985,6
14986,5
14987,3
14988,5
14989,7
14990,7
14991,6
14992,5
14993,4
14994,3
14995,3
14996,4
14997,4
14998,7
14999,6
15000,2
15001,7
15002,6
15003,5
15004,4
15005,4
15006,6
15007,6
15008,7
15009,4
15010,5
15011,7
15012,4
15013,5
15014,7
15015,3
15016,6
15017,4
15018,5
15019,7
15020,2
15021,4
15022,5
15023,2
15024,5
15025,4
15026,2
15027,6
15028,5
15029,5
15030,4
15031,4
15032,3
15033,6
15034,6
15035,5
15036,5
15037,6
15038,3
15039,4
15040,7
15041,6
15042,6
15043,3
15044,3
15045,2
15046,6
15047,5
15048,5
15049,3
15050,2
15051,4
15052,5
15053,5
15054,6
15055,4
15056,6
15057,2
15058,7
15059,7
15060,5
15061,4
15062,6
15063,6
15064,4
15065,6
15066,4
15067,5
15068,7
15069,6
15070,6
15071,2
15072,3
15073,4
15074,3
15075,6
15076,2
15077,4
15078,3
15079,5
15080,3
15081,2
15082,4
15083,6
15084,6
15085,3
15086,1
15087,5
15088,3
15089,5
15090,4
15091,7
15092,6
15093,5
15094,6
15095,4
15096,5
15097,6
15098,3
15099,5
15100,7
15101,6
15102,2
15103,2
15104,5
15105,2
15106,6
15107,4
15108,5
15109,6
15110,5
15111,5
15112,4
15113,2
15114,4
15115,5
15116,7
15117,6
15118,5
15119,5
15120,4
15121,5
15122,5
15123,5
15124,6
15125,6
15126,6
15127,7
15128,4
15129,4
15130,3
15131,4
15132,5
15133,5
15134,6
15135,4
15136,5
15137,3
15138,5
15139,4
15140,5
15141,4
15142,2
15143,4
15144,5
15145,5
15146,7
15147,6
15148,4
15149,5
15150,7
15151,3
15152,6
15153,4
15154,4
15155,7
15156,4
15157,5
15158,5
15159,5
15160,4
15161,3
15162,5
15163,7
15164,5
15165,6
15166,5
15167,4
15168,5
15169,6
15170,6
15171,5
15172,5
15173,5
15174,4
15175,6
15176,6
15177,4
15178,1
15179,5
15180,4
15181,3
15182,6
15183,4
15184,4
15185,4
15186,2
15187,7
15188,6
15189,6
15190,5
15191,6
15192,5
15193,6
15194,3
15195,4
15196,5
15197,5
15198,5
15199,5
15200,6
15201,3
15202,6
15203,5
15204,3
15205,6
15206,4
15207,6
15208,4
15209,4
15210,6
15211,5
15212,6
15213,6
15214,5
15215,2
15216,3
15217,3
15218,4
15219,3
15220,4
15221,2
15222,4
15223,5
15224,7
15225,3
15226,7
15227,7
15228,3
15229,4
15230,7
15231,3
15232,4
15233,7
15234,7
15235,6
15236,7
15237,6
15238,6
15239,5
15240,5
15241,6
15242,7
15243,6
15244,4
15245,6
15246,4
15247,6
15248,5
15249,4
15250,4
15251,6
15252,2
15253,4
15254,7
15255,4
15256,5
15257,4
15258,4
15259,4
15260,5
15261,6
15262,4
15263,7
15264,4
15265,3
15266,3
15267,6
15268,6
15269,4
15270,3
15271,4
15272,3
15273,3
15274,4
15275,4
15276,5
15277,2
15278,5
15279,6
15280,5
15281,7
15282,4
15283,2
15284,6
15285,4
15286,7
15287,4
15288,3
15289,6
15290,7
15291,5
15292,2
15293,5
15294,6
15295,5
15296,1
15297,7
15298,5
15299,4
15300,2
15301,4
15302,5
15303,5
15304,7
15305,7
15306,5
15307,6
15308,6
15309,4
15310,6
15311,4
15312,6
15313,5
15314,5
15315,4
15316,5
15317,7
15318,7
15319,5
15320,3
15321,7
15322,5
15323,5
15324,6
15325,7
15326,5
15327,4
15328,4
15329,5
15330,4
15331,5
15332,5
15333,6
15334,4
15335,5
15336,5
15337,5
15338,5
15339,5
15340,5
15341,6
15342,5
15343,7
15344,4
15345,4
15346,7
15347,6
15348,3
15349,6
15350,7
15351,6
15352,5
15353,3
15354,7
15355,6
15356,6
15357,4
15358,3
15359,4
15360,4
15361,4
15362,7
15363,5
15364,5
15365,6
15366,6
15367,5
15368,5
15369,3
15370,2
15371,6
15372,6
15373,5
15374,7
15375,4
15376,4
15377,6
15378,5
15379,6
15380,3
15381,3
15382,4
15383,5
15384,6
15385,5
15386,2
15387,5
15388,5
15389,3
15390,5
15391,5
15392,6
15393,7
15394,5
15395,4
15396,6
15397,3
15398,4
15399,6
15400,7
15401,5
15402,5
15403,7
15404,5
15405,6
15406,6
15407,5
15408,4
15409,6
15410,5
15411,7
15412,5
15413,2
15414,6
15415,4
15416,5
15417,4
15418,4
15419,5
15420,6
15421,6
15422,6
15423,5
15424,5
15425,5
15426,5
15427,3
15428,6
15429,7
15430,6
15431,7
15432,7
15433,2
15434,1
15435,6
15436,4
15437,1
15438,4
15439,4
15440,7
15441,3
15442,5
15443,5
15444,2
15445,6
15446,6
15447,6
15448,7
15449,5
15450,6
15451,5
15452,6
15453,6
15454,6
15455,5
15456,7
15457,7
15458,4
15459,7
15460,7
15461,4
15462,5
15463,6
15464,5
15465,5
15466,6
15467,5
15468,5
15469,7
15470,3
15471,5
15472,6
15473,4
15474,3
15475,3
15476,6
15477,7
15478,6
15479,4
15480,2
15481,3
15482,5
15483,5
15484,5
15485,7
15486,5
15487,3
15488,4
15489,3
15490,6
15491,6
15492,4
15493,6
15494,5
15495,5
15496,4
15497,6
15498,5
15499,6
15500,4
15501,4
15502,5
15503,7
15504,5
15505,4
15506,4
15507,6
15508,5
15509,4
15510,4
15511,6
15512,3
15513,5
15514,4
15515,6
15516,5
15517,5
15518,5
15519,5
15520,5
15521,6
15522,3
15523,4
15524,7
15525,3
15526,4
15527,5
15528,6
15529,7
15530,4
15531,5
15532,5
15533,3
15534,6
15535,4
15536,7
15537,5
15538,7
15539,6
15540,7
15541,4
15542,5
15543,1
15544,5
15545,6
15546,3
15547,5
15548,4
15549,7
15550,4
15551,5
15552,5
15553,5
15554,5
15555,5
15556,3
15557,1
15558,4
15559,6
15560,5
15561,6
15562,4
15563,4
15564,3
15565,1
15566,6
15567,1
15568,6
15569,7
15570,7
15571,5
15572,7
15573,5
15574,5
15575,7
15576,5
15577,5
15578,5
15579,6
15580,6
15581,2
15582,6
15583,5
15584,5
15585,6
15586,5
15587,5
15588,4
15589,4
15590,4
15591,4
15592,4
15593,5
15594,4
15595,7
15596,5
15597,6
15598,4
15599,4
15600,7
15601,3
15602,6
15603,4
15604,6
15605,7
15606,5
15607,5
15608,6
15609,3
15610,3
15611,5
15612,5
15613,5
15614,5
15615,4
15616,7
15617,4
15618,1
15619,6
15620,3
15621,6
15622,3
15623,6
15624,1
15625,5
15626,6
15627,4
15628,4
15629,4
15630,5
15631,4
15632,5
15633,5
15634,4
15635,4
15636,5
15637,4
15638,5
15639,5
15640,4
15641,4
15642,5
15643,6
15644,4
15645,5
15646,7
15647,5
15648,2
15649,3
15650,4
15651,7
15652,5
15653,7
15654,7
15655,3
15656,3
15657,6
15658,6
15659,5
15660,4
15661,5
15662,6
15663,5
15664,1
15665,6
15666,6
15667,4
15668,3
15669,6
15670,5
15671,3
15672,5
15673,5
15674,5
15675,7
15676,6
15677,6
15678,3
15679,7
15680,5
15681,3
15682,2
15683,6
15684,4
15685,3
15686,1
15687,5
15688,5
15689,7
15690,6
15691,5
15692,6
15693,5
15694,6
15695,6
15696,4
15697,5
15698,5
15699,5
15700,6
15701,5
15702,5
15703,5
15704,4
15705,4
15706,3
15707,5
15708,2
15709,6
15710,6
15711,6
15712,7
15713,4
15714,5
15715,4
15716,5
15717,6
15718,2
15719,3
15720,4
15721,1
15722,3
15723,6
15724,4
15725,4
15726,5
15727,5
15728,3
15729,4
15730,2
15731,5
15732,4
15733,5
15734,3
15735,4
15736,2
15737,5
15738,4
15739,6
15740,5
15741,6
15742,6
15743,5
15744,5
15745,5
15746,4
15747,7
15748,4
15749,6
15750,7
15751,6
15752,4
15753,6
15754,7
15755,4
15756,5
15757,4
15758,4
15759,4
15760,4
15761,5
15762,4
15763,5
15764,5
15765,1
15766,5
15767,4
15768,6
15769,4
15770,7
15771,5
15772,6
15773,3
15774,7
15775,6
15776,5
15777,3
15778,4
15779,5
15780,5
15781,4
15782,5
15783,4
15784,7
15785,4
15786,5
15787,3
15788,7
15789,3
15790,4
15791,7
15792,6
15793,6
15794,5
15795,4
15796,3
15797,6
15798,5
15799,3
15800,3
15801,5
15802,5
15803,5
15804,5
15805,4
15806,2
15807,6
15808,4
15809,5
15810,6
15811,5
15812,5
15813,4
15814,6
15815,4
15816,5
15817,7
15818,4
15819,6
15820,5
15821,5
15822,5
15823,3
15824,6
15825,5
15826,6
15827,4
15828,5
15829,4
15830,3
15831,5
15832,5
15833,6
15834,4
15835,7
15836,4
15837,5
15838,4
15839,5
15840,4
15841,6
15842,3
15843,2
15844,4
15845,4
15846,1
15847,3
15848,5
15849,6
15850,7
15851,5
15852,6
15853,7
15854,6
15855,7
15856,7
15857,7
15858,5
15859,7
15860,7
15861,6
15862,7
15863,5
15864,2
15865,1
15866,4
15867,5
15868,7
15869,4
15870,2
15871,5
15872,4
15873,4
15874,4
15875,5
15876,6
15877,5
15878,3
15879,4
15880,4
15881,3
15882,1
15883,4
15884,6
15885,6
15886,5
15887,4
15888,6
15889,5
15890,1
15891,2
15892,6
15893,4
15894,2
15895,5
15896,5
15897,3
15898,5
15899,4
15900,5
15901,6
15902,3
15903,4
15904,5
15905,6
15906,6
15907,5
15908,7
15909,6
15910,4
15911,6
15912,1
15913,5
15914,6
15915,4
15916,4
15917,5
15918,5
15919,5
15920,5
15921,2
15922,5
15923,7
15924,5
15925,1
15926,3
15927,4
15928,5
15929,1
15930,5
15931,5
15932,3
15933,3
15934,2
15935,6
15936,4
15937,5
15938,6
15939,4
15940,2
15941,5
15942,5
15943,5
15944,5
15945,5
15946,5
15947,5
15948,6
15949,4
15950,5
15951,5
15952,5
15953,5
15954,2
15955,4
15956,5
15957,6
15958,7
15959,2
15960,5
15961,5
15962,4
15963,6
15964,5
15965,5
15966,5
15967,5
15968,3
15969,4
15970,3
15971,6
15972,6
15973,6
15974,7
15975,6
15976,5
15977,6
15978,4
15979,3
15980,5
15981,5
15982,5
15983,6
15984,5
15985,6
15986,5
15987,5
15988,6
15989,6
15990,5
15991,2
15992,6
15993,1
15994,2
15995,6
15996,6
15997,6
15998,5
15999,7
16000,2
16001,6
16002,4
16003,4
16004,4
16005,4
16006,4
16007,4
16008,5
16009,5
16010,5
16011,2
16012,7
16013,5
16014,6
16015,5
16016,7
16017,3
16018,4
16019,5
16020,3
16021,6
16022,6
16023,1
16024,5
16025,5
16026,6
16027,5
16028,3
16029,4
16030,7
16031,3
16032,4
16033,5
16034,6
16035,4
16036,5
16037,2
16038,4
16039,6
16040,6
16041,2
16042,5
16043,5
16044,7
16045,5
16046,6
16047,5
16048,5
16049,4
16050,4
16051,4
16052,6
16053,6
16054,6
16055,4
16056,4
16057,6
16058,4
16059,6
16060,6
16061,6
16062,4
16063,4
16064,6
16065,3
16066,5
16067,5
16068,4
16069,3
16070,5
16071,5
16072,6
16073,4
16074,6
16075,3
16076,6
16077,5
16078,5
16079,4
16080,5
16081,4
16082,3
16083,4
16084,1
16085,5
16086,7
16087,3
16088,5
16089,6
16090,7
16091,5
16092,4
16093,5
16094,5
16095,7
16096,7
16097,6
16098,4
16099,5
16100,4
16101,3
16102,5
16103,4
16104,5
16105,3
16106,2
16107,3
16108,3
16109,4
16110,5
16111,3
16112,6
16113,4
16114,4
16115,4
16116,3
16117,5
16118,4
16119,4
16120,3
16121,2
16122,1
16123,3
16124,4
16125,5
16126,7
16127,6
16128,7
16129,5
16130,5
16131,4
16132,3
16133,5
16134,7
16135,3
16136,5
16137,5
16138,6
16139,2
16140,6
16141,3
16142,5
16143,7
16144,5
16145,4
16146,4
16147,7
16148,5
16149,6
16150,3
16151,5
16152,3
16153,6
16154,5
16155,7
16156,5
16157,6
16158,5
16159,5
16160,5
16161,4
16162,6
16163,7
16164,5
16165,5
16166,2
16167,5
16168,6
16169,5
16170,2
16171,7
16172,3
16173,6
16174,6
16175,5
16176,6
16177,6
16178,7
16179,4
16180,6
16181,3
16182,6
16183,5
16184,5
16185,6
16186,6
16187,6
16188,3
16189,6
16190,7
16191,3
16192,6
16193,4
16194,4
16195,6
16196,4
16197,4
16198,5
16199,4
16200,5
16201,7
16202,5
16203,4
16204,7
16205,7
16206,5
16207,5
16208,6
16209,7
16210,2
16211,5
16212,5
16213,5
16214,6
16215,6
16216,6
16217,5
16218,6
16219,4
16220,5
16221,6
16222,3
16223,5
16224,5
16225,4
16226,5
16227,1
16228,5
16229,5
16230,7
16231,6
16232,7
16233,4
16234,7
16235,4
16236,6
16237,6
16238,2
16239,7
16240,5
16241,5
16242,4
16243,4
16244,5
16245,6
16246,7
16247,6
16248,5
16249,1
16250,5
16251,3
16252,4
16253,3
16254,5
16255,3
16256,4
16257,5
16258,4
16259,5
16260,7
16261,7
16262,7
16263,4
16264,6
16265,4
16266,5
16267,4
16268,3
16269,3
16270,7
16271,3
16272,5
16273,5
16274,6
16275,4
16276,5
16277,2
16278,5
16279,6
16280,5
16281,7
16282,7
16283,7
16284,5
16285,4
16286,7
16287,5
16288,5
16289,6
16290,6
16291,3
16292,5
16293,5
16294,7
16295,4
16296,5
16297,4
16298,5
16299,5
16300,3
16301,4
16302,3
16303,5
16304,7
16305,3
16306,6
16307,5
16308,4
16309,2
16310,6
16311,5
16312,7
16313,3
16314,6
16315,5
16316,5
16317,2
16318,5
16319,5
16320,4
16321,4
16322,4
16323,4
16324,4
16325,5
16326,3
16327,6
16328,4
16329,4
16330,5
16331,5
16332,5
16333,4
16334,5
16335,4
16336,3
16337,5
16338,5
16339,3
16340,5
16341,7
16342,5
16343,5
16344,6
16345,5
16346,5
16347,6
16348,4
16349,3
16350,5
16351,3
16352,5
16353,5
16354,5
16355,6
16356,4
16357,6
16358,6
16359,7
16360,4
16361,5
16362,4
16363,2
16364,7
16365,7
16366,2
16367,5
16368,2
16369,5
16370,7
16371,5
16372,4
16373,4
16374,4
16375,7
16376,5
16377,5
16378,4
16379,3
16380,6
16381,6
16382,6
16383,2
16384,6
16385,1
16386,5
16387,1
16388,6
16389,5
16390,3
16391,7
16392,7
16393,7
16394,6
16395,5
16396,4
16397,4
16398,7
16399,2
16400,2
16401,5
16402,6
16403,5
16404,5
16405,3
16406,6
16407,6
16408,4
16409,3
16410,5
16411,7
16412,7
16413,5
16414,4
16415,3
16416,6
16417,5
16418,4
16419,5
16420,6
16421,5
16422,5
16423,6
16424,5
16425,7
16426,2
16427,6
16428,6
16429,3
16430,3
16431,5
16432,4
16433,1
16434,2
16435,7
16436,6
16437,3
16438,5
16439,6
16440,3
16441,4
16442,7
16443,6
16444,6
16445,1
16446,5
16447,5
16448,5
16449,5
16450,7
16451,3
16452,4
16453,4
16454,2
16455,3
16456,4
16457,2
16458,4
16459,6
16460,5
16461,6
16462,5
16463,4
16464,5
16465,6
16466,3
16467,6
16468,5
16469,3
16470,4
16471,6
16472,3
16473,5
16474,6
16475,3
16476,6
16477,4
16478,3
16479,5
16480,3
16481,7
16482,4
16483,3
16484,6
16485,5
16486,1
16487,3
16488,3
16489,5
16490,4
16491,6
16492,7
16493,4
16494,3
16495,4
16496,5
16497,5
16498,2
16499,6
16500,4
16501,2
16502,5
16503,5
16504,3
16505,7
16506,6
16507,4
16508,4
16509,5
16510,6
16511,6
16512,4
16513,5
16514,7
16515,5
16516,7
16517,5
16518,3
16519,6
16520,7
16521,7
16522,6
16523,3
16524,4
16525,4
16526,5
16527,7
16528,5
16529,4
16530,4
16531,5
16532,6
16533,4
16534,4
16535,5
16536,5
16537,3
16538,5
16539,5
16540,4
16541,4
16542,5
16543,5
16544,4
16545,3
16546,2
16547,7
16548,4
16549,6
16550,5
16551,7
16552,5
16553,4
16554,5
16555,6
16556,5
16557,5
16558,6
16559,4
16560,4
16561,5
16562,4
16563,5
16564,5
16565,4
16566,7
16567,3
16568,4
16569,6
16570,6
16571,5
16572,3
16573,5
16574,6
16575,4
16576,4
16577,6
16578,6
16579,6
16580,6
16581,4
16582,6
16583,5
16584,5
16585,1
16586,4
16587,4
16588,7
16589,5
16590,1
16591,5
16592,5
16593,6
16594,5
16595,4
16596,6
16597,6
16598,5
16599,5
16600,4
16601,5
16602,6
16603,3
16604,3
16605,5
16606,6
16607,6
16608,5
16609,4
16610,5
16611,5
16612,2
16613,3
16614,4
16615,7
16616,4
16617,7
16618,4
16619,6
16620,4
16621,2
16622,3
16623,7
16624,2
16625,6
16626,5
16627,5
16628,5
16629,7
16630,3
16631,3
16632,4
16633,3
16634,5
16635,7
16636,7
16637,6
16638,2
16639,6
16640,5
16641,5
16642,3
16643,6
16644,7
16645,7
16646,4
16647,3
16648,4
16649,5
16650,5
16651,6
16652,4
16653,3
16654,5
16655,5
16656,4
16657,6
16658,6
16659,3
16660,6
16661,7
16662,4
16663,2
16664,2
16665,5
16666,3
16667,7
16668,5
16669,5
16670,4
16671,5
16672,6
16673,5
16674,7
16675,5
16676,3
16677,7
16678,5
16679,6
16680,5
16681,3
16682,4
16683,5
16684,3
16685,3
16686,5
16687,7
16688,7
16689,4
16690,2
16691,2
16692,4
16693,6
16694,5
16695,5
16696,4
16697,4
16698,7
16699,6
16700,5
16701,5
16702,4
16703,4
16704,3
16705,4
16706,3
16707,7
16708,7
16709,5
16710,5
16711,5
16712,4
16713,3
16714,7
16715,2
16716,3
16717,4
16718,7
16719,5
16720,7
16721,6
16722,7
16723,3
16724,5
16725,3
16726,3
16727,5
16728,1
16729,3
16730,7
16731,5
16732,7
16733,7
16734,6
16735,6
16736,5
16737,4
16738,5
16739,6
16740,2
16741,4
16742,7
16743,5
16744,4
16745,6
16746,6
16747,5
16748,4
16749,6
16750,3
16751,5
16752,4
16753,5
16754,7
16755,7
16756,6
16757,6
16758,4
16759,6
16760,5
16761,6
16762,5
16763,7
16764,2
16765,3
16766,5
16767,4
16768,7
16769,6
16770,6
16771,6
16772,6
16773,5
16774,7
16775,6
16776,5
16777,6
16778,6
16779,4
16780,3
16781,5
16782,5
16783,5
16784,5
16785,6
16786,5
16787,6
16788,7
16789,4
16790,5
16791,5
16792,5
16793,5
16794,5
16795,5
16796,7
16797,4
16798,5
16799,7
16800,4
16801,4
16802,4
16803,7
16804,4
16805,4
16806,4
16807,6
16808,5
16809,1
16810,5
16811,1
16812,4
16813,7
16814,6
16815,6
16816,7
16817,5
16818,4
16819,3
16820,4
16821,5
16822,7
16823,5
16824,5
16825,4
16826,5
16827,7
16828,7
16829,5
16830,7
16831,5
16832,6
16833,6
16834,2
16835,5
16836,4
16837,5
16838,4
16839,5
16840,6
16841,5
16842,3
16843,3
16844,4
16845,1
16846,1
16847,7
16848,4
16849,6
16850,7
16851,7
16852,3
16853,4
16854,4
16855,7
16856,6
16857,5
16858,5
16859,2
16860,1
16861,1
16862,3
16863,4
16864,5
16865,7
16866,3
16867,5
16868,4
16869,7
16870,2
16871,7
16872,4
16873,3
16874,6
16875,5
16876,5
16877,2
16878,7
16879,5
16880,2
16881,4
16882,6
16883,4
16884,7
16885,5
16886,5
16887,6
16888,3
16889,5
16890,7
16891,3
16892,4
16893,6
16894,5
16895,6
16896,5
16897,5
16898,7
16899,7
16900,6
16901,6
16902,5
16903,5
16904,7
16905,6
16906,7
16907,7
16908,5
16909,5
16910,4
16911,4
16912,7
16913,5
16914,5
16915,3
16916,5
16917,4
16918,3
16919,6
16920,6
16921,7
16922,7
16923,7
16924,4
16925,3
16926,5
16927,6
16928,7
16929,5
16930,3
16931,6
16932,4
16933,3
16934,4
16935,2
16936,6
16937,5
16938,5
16939,3
16940,3
16941,5
16942,4
16943,5
16944,6
16945,5
16946,5
16947,7
16948,5
16949,4
16950,6
16951,4
16952,7
16953,6
16954,4
16955,5
16956,6
16957,5
16958,7
16959,5
16960,3
16961,5
16962,5
16963,4
16964,6
16965,5
16966,7
16967,3
16968,4
16969,6
16970,6
16971,2
16972,4
16973,5
16974,6
16975,5
16976,5
16977,4
16978,4
16979,3
16980,5
16981,5
16982,2
16983,5
16984,5
16985,1
16986,6
16987,5
16988,5
16989,5
16990,4
16991,7
16992,2
16993,4
16994,4
16995,5
16996,5
16997,5
16998,5
16999,4
17000,5
17001,4
17002,2
17003,6
17004,6
17005,5
17006,4
17007,1
17008,5
17009,7
17010,5
17011,4
17012,4
17013,6
17014,6
17015,5
17016,2
17017,3
17018,6
17019,6
17020,6
17021,5
17022,6
17023,5
17024,5
17025,4
17026,6
17027,7
17028,6
17029,6
17030,6
17031,4
17032,4
17033,6
17034,5
17035,7
17036,5
17037,3
17038,6
17039,5
17040,4
17041,5
17042,5
17043,4
17044,4
17045,6
17046,7
17047,5
17048,4
17049,6
17050,5
17051,5
17052,3
17053,4
17054,4
17055,6
17056,6
17057,7
17058,4
17059,2
17060,6
17061,7
17062,3
17063,5
17064,4
17065,3
17066,6
17067,7
17068,3
17069,5
17070,3
17071,7
17072,3
17073,5
17074,5
17075,6
17076,6
17077,3
17078,1
17079,4
17080,4
17081,5
17082,5
17083,4
17084,2
17085,5
17086,2
17087,4
17088,4
17089,7
17090,1
17091,4
17092,6
17093,2
17094,5
17095,1
17096,5
17097,4
17098,3
17099,4
17100,4
17101,1
17102,7
17103,6
17104,5
17105,5
17106,5
17107,2
17108,4
17109,6
17110,7
17111,5
17112,5
17113,3
17114,7
17115,6
17116,6
17117,4
17118,6
17119,4
17120,5
17121,2
17122,7
17123,7
17124,6
17125,5
17126,4
17127,3
17128,7
17129,6
17130,4
17131,3
17132,2
17133,1
17134,6
17135,5
17136,7
17137,5
17138,4
17139,1
17140,4
17141,4
17142,4
17143,5
17144,3
17145,1
17146,4
17147,6
17148,4
17149,6
17150,5
17151,2
17152,4
17153,4
17154,4
17155,4
17156,5
17157,7
17158,5
17159,6
17160,4
17161,7
17162,6
17163,2
17164,7
17165,3
17166,6
17167,6
17168,6
17169,4
17170,5
17171,5
17172,4
17173,6
17174,5
17175,4
17176,6
17177,2
17178,4
17179,5
17180,6
17181,4
17182,7
17183,6
17184,5
17185,5
17186,5
17187,5
17188,6
17189,5
17190,3
17191,5
17192,6
17193,2
17194,6
17195,5
17196,7
17197,7
17198,6
17199,2
17200,4
17201,4
17202,3
17203,4
17204,4
17205,2
17206,6
17207,4
17208,5
17209,5
17210,5
17211,4
17212,6
17213,5
17214,4
17215,1
17216,5
17217,5
17218,5
17219,5
17220,6
17221,6
17222,7
17223,3
17224,7
17225,7
17226,7
17227,5
17228,4
17229,6
17230,7
17231,6
17232,6
17233,3
17234,2
17235,7
17236,4
17237,4
17238,4
17239,5
17240,3
17241,5
17242,2
17243,3
17244,3
17245,4
17246,5
17247,5
17248,6
17249,3
17250,5
17251,7
17252,6
17253,3
17254,5
17255,7
17256,5
17257,7
17258,5
17259,7
17260,5
17261,4
17262,2
17263,4
17264,7
17265,6
17266,4
17267,5
17268,6
17269,5
17270,4
17271,6
17272,6
17273,5
17274,7
17275,4
17276,4
17277,5
17278,3
17279,7
17280,6
17281,2
17282,4
17283,7
17284,4
17285,7
17286,4
17287,6
17288,5
17289,5
17290,6
17291,1
17292,5
17293,4
17294,4
17295,5
17296,4
17297,6
17298,5
17299,3
17300,4
17301,3
17302,4
17303,4
17304,5
17305,5
17306,7
17307,4
17308,7
17309,6
17310,3
17311,7
17312,5
17313,7
17314,5
17315,4
17316,7
17317,5
17318,6
17319,5
17320,4
17321,5
17322,5
17323,7
17324,4
17325,5
17326,5
17327,4
17328,5
17329,5
17330,6
17331,5
17332,7
17333,6
17334,5
17335,3
17336,7
17337,1
17338,5
17339,7
17340,4
17341,5
17342,5
17343,6
17344,5
17345,7
17346,5
17347,5
17348,7
17349,4
17350,4
17351,2
17352,5
17353,7
17354,5
17355,6
17356,4
17357,4
17358,7
17359,6
17360,7
17361,5
17362,6
17363,5
17364,6
17365,5
17366,4
17367,3
17368,5
17369,6
17370,5
17371,3
17372,7
17373,5
17374,4
17375,7
17376,4
17377,5
17378,5
17379,5
17380,4
17381,5
17382,7
17383,7
17384,5
17385,5
17386,2
17387,4
17388,6
17389,4
17390,2
17391,7
17392,7
17393,3
17394,5
17395,5
17396,1
17397,5
17398,3
17399,6
17400,6
17401,1
17402,4
17403,5
17404,6
17405,2
17406,6
17407,5
17408,7
17409,3
17410,7
17411,5
17412,5
17413,6
17414,3
17415,4
17416,5
17417,5
17418,5
17419,4
17420,6
17421,5
17422,5
17423,7
17424,4
17425,7
17426,6
17427,1
17428,6
17429,2
17430,4
17431,4
17432,6
17433,4
17434,7
17435,3
17436,7
17437,7
17438,6
17439,5
17440,6
17441,4
17442,6
17443,7
17444,4
17445,7
17446,2
17447,6
17448,5
17449,4
17450,3
17451,7
17452,6
17453,5
17454,5
17455,7
17456,4
17457,4
17458,7
17459,5
17460,5
17461,6
17462,5
17463,5
17464,3
17465,6
17466,2
17467,4
17468,7
17469,3
17470,6
17471,4
17472,5
17473,5
17474,5
17475,5
17476,5
17477,3
17478,5
17479,2
17480,7
17481,2
17482,5
17483,4
17484,5
17485,7
17486,5
17487,4
17488,4
17489,3
17490,6
17491,5
17492,5
17493,3
17494,4
17495,7
17496,3
17497,7
17498,6
17499,3
17500,6
17501,1
17502,5
17503,6
17504,4
17505,2
17506,3
17507,7
17508,3
17509,5
17510,4
17511,4
17512,4
17513,7
17514,5
17515,3
17516,6
17517,7
17518,5
17519,5
17520,3
17521,5
17522,7
17523,3
17524,5
17525,7
17526,6
17527,7
17528,4
17529,5
17530,2
17531,7
17532,5
17533,6
17534,4
17535,7
17536,5
17537,5
17538,4
17539,7
17540,2
17541,5
17542,6
17543,5
17544,4
17545,4
17546,7
17547,7
17548,1
17549,5
17550,5
17551,4
17552,7
17553,3
17554,4
17555,7
17556,4
17557,5
17558,5
17559,5
17560,4
17561,5
17562,6
17563,4
17564,3
17565,7
17566,4
17567,6
17568,6
17569,7
17570,4
17571,3
17572,7
17573,3
17574,5
17575,6
17576,5
17577,6
17578,5
17579,3
17580,4
17581,5
17582,7
17583,6
17584,5
17585,4
17586,5
17587,5
17588,4
17589,4
17590,5
17591,5
17592,5
17593,4
17594,4
17595,3
17596,7
17597,4
17598,5
17599,5
17600,4
17601,5
17602,6
17603,6
17604,5
17605,6
17606,5
17607,7
17608,4
17609,5
17610,3
17611,2
17612,6
17613,3
17614,7
17615,6
17616,6
17617,6
17618,5
17619,7
17620,5
17621,5
17622,5
17623,7
17624,5
17625,7
17626,6
17627,3
17628,5
17629,4
17630,4
17631,7
17632,6
17633,6
17634,6
17635,4
17636,3
17637,5
17638,7
17639,7
17640,5
17641,3
17642,2
17643,7
17644,4
17645,4
17646,7
17647,3
17648,2
17649,2
17650,2
17651,4
17652,5
17653,4
17654,4
17655,1
17656,5
17657,6
17658,5
17659,5
17660,4
17661,5
17662,3
17663,5
17664,6
17665,4
17666,4
17667,5
17668,6
17669,6
17670,5
17671,6
17672,5
17673,4
17674,5
17675,5
17676,6
17677,5
17678,5
17679,4
17680,5
17681,5
17682,4
17683,1
17684,5
17685,7
17686,5
17687,4
17688,6
17689,1
17690,5
17691,3
17692,6
17693,5
17694,3
17695,6
17696,7
17697,5
17698,2
17699,3
17700,5
17701,6
17702,4
17703,4
17704,4
17705,5
17706,4
17707,6
17708,5
17709,5
17710,5
17711,6
17712,5
17713,3
17714,3
17715,6
17716,5
17717,4
17718,3
17719,7
17720,6
17721,4
17722,5
17723,7
17724,4
17725,5
17726,3
17727,7
17728,2
17729,5
17730,7
17731,4
17732,6
17733,6
17734,5
17735,6
17736,5
17737,7
17738,4
17739,4
17740,5
17741,3
17742,4
17743,5
17744,7
17745,4
17746,6
17747,5
17748,5
17749,7
17750,6
17751,7
17752,7
17753,5
17754,5
17755,5
17756,7
17757,5
17758,6
17759,6
17760,5
17761,6
17762,5
17763,6
17764,5
17765,6
17766,1
17767,6
17768,4
17769,5
17770,3
17771,6
17772,6
17773,5
17774,1
17775,5
17776,4
17777,5
17778,5
17779,7
17780,4
17781,5
17782,3
17783,6
17784,6
17785,6
17786,3
17787,5
17788,5
17789,5
17790,3
17791,3
17792,6
17793,1
17794,5
17795,3
17796,3
17797,5
17798,7
17799,1
17800,6
17801,6
17802,4
17803,3
17804,6
17805,5
17806,4
17807,1
17808,3
17809,2
17810,6
17811,7
17812,2
17813,7
17814,6
17815,5
17816,2
17817,4
17818,5
17819,7
17820,4
17821,3
17822,6
17823,4
17824,4
17825,5
17826,4
17827,4
17828,5
17829,6
17830,5
17831,7
17832,6
17833,7
17834,3
17835,4
17836,6
17837,5
17838,5
17839,5
17840,5
17841,5
17842,3
17843,3
17844,5
17845,5
17846,3
17847,7
17848,6
17849,7
17850,3
17851,5
17852,5
17853,5
17854,5
17855,3
17856,6
17857,6
17858,4
17859,5
17860,6
17861,5
17862,7
17863,5
17864,3
17865,6
17866,7
17867,5
17868,7
17869,6
17870,7
17871,5
17872,7
17873,5
17874,4
17875,6
17876,4
17877,5
17878,5
17879,6
17880,5
17881,5
17882,3
17883,6
17884,2
17885,2
17886,6
17887,5
17888,1
17889,7
17890,4
17891,5
17892,5
17893,7
17894,4
17895,7
17896,3
17897,5
17898,5
17899,6
17900,3
17901,4
17902,2
17903,3
17904,4
17905,7
17906,4
17907,7
17908,5
17909,2
17910,4
17911,5
17912,4
17913,6
17914,6
17915,7
17916,3
17917,3
17918,4
17919,4
17920,5
17921,5
17922,2
17923,7
17924,5
17925,6
17926,7
17927,4
17928,3
17929,5
17930,6
17931,4
17932,6
17933,3
17934,6
17935,7
17936,7
17937,4
17938,1
17939,4
17940,3
17941,6
17942,4
17943,3
17944,5
17945,5
17946,4
17947,5
17948,4
17949,7
17950,5
17951,3
17952,3
17953,4
17954,5
17955,7
17956,6
17957,4
17958,3
17959,6
17960,2
17961,6
17962,5
17963,7
17964,6
17965,5
17966,3
17967,6
17968,5
17969,2
17970,2
17971,4
17972,5
17973,5
17974,7
17975,6
17976,3
17977,7
17978,5
17979,7
17980,7
17981,7
17982,6
17983,5
17984,5
17985,4
17986,7
17987,5
17988,1
17989,6
17990,2
17991,7
17992,2
17993,3
17994,2
17995,4
17996,5
17997,5
17998,4
17999,3
18000,4
18001,6
18002,5
18003,7
18004,6
18005,4
18006,7
18007,6
18008,6
18009,4
18010,5
18011,4
18012,7
18013,6
18014,7
18015,5
18016,3
18017,5
18018,6
18019,4
18020,5
18021,5
18022,5
18023,6
18024,5
18025,5
18026,4
18027,6
18028,4
18029,6
18030,3
18031,5
18032,7
18033,7
18034,4
18035,5
18036,6
18037,5
18038,6
18039,7
18040,6
18041,5
18042,3
18043,3
18044,4
18045,5
18046,7
18047,4
18048,6
18049,6
18050,4
18051,5
18052,4
18053,5
18054,4
18055,7
18056,5
18057,6
18058,7
18059,2
18060,4
18061,3
18062,7
18063,5
18064,5
18065,6
18066,6
18067,4
18068,2
18069,6
18070,3
18071,4
18072,5
18073,4
18074,5
18075,3
18076,6
18077,4
18078,7
18079,6
18080,6
18081,2
18082,7
18083,4
18084,4
18085,6
18086,2
18087,6
18088,4
18089,5
18090,5
18091,4
18092,5
18093,5
18094,7
18095,4
18096,1
18097,4
18098,3
18099,6
18100,5
18101,6
18102,5
18103,6
18104,6
18105,4
18106,3
18107,3
18108,3
18109,7
18110,5
18111,7
18112,6
18113,4
18114,6
18115,5
18116,5
18117,5
18118,6
18119,4
18120,6
18121,6
18122,5
18123,6
18124,5
18125,6
18126,4
18127,3
18128,7
18129,7
18130,6
18131,7
18132,4
18133,7
18134,5
18135,2
18136,5
18137,7
18138,5
18139,7
18140,6
18141,6
18142,6
18143,5
18144,6
18145,6
18146,6
18147,5
18148,4
18149,3
18150,7
18151,5
18152,4
18153,7
18154,7
18155,5
18156,2
18157,4
18158,4
18159,5
18160,6
18161,4
18162,4
18163,4
18164,3
18165,5
18166,3
18167,4
18168,5
18169,5
18170,7
18171,4
18172,7
18173,7
18174,1
18175,7
18176,5
18177,4
18178,4
18179,6
18180,5
18181,6
18182,4
18183,5
18184,4
18185,4
18186,6
18187,5
18188,2
18189,6
18190,2
18191,6
18192,5
18193,4
18194,3
18195,7
18196,5
18197,4
18198,4
18199,5
18200,2
18201,6
18202,7
18203,6
18204,6
18205,6
18206,2
18207,7
18208,4
18209,5
18210,5
18211,2
18212,5
18213,5
18214,3
18215,5
18216,5
18217,7
18218,6
18219,5
18220,7
18221,7
18222,7
18223,7
18224,3
18225,6
18226,4
18227,5
18228,5
18229,5
18230,6
18231,6
18232,3
18233,6
18234,7
18235,4
18236,4
18237,1
18238,2
18239,4
18240,5
18241,4
18242,6
18243,5
18244,7
18245,7
18246,4
18247,6
18248,5
18249,7
18250,4
18251,4
18252,6
18253,6
18254,4
18255,3
18256,5
18257,6
18258,7
18259,5
18260,7
18261,1
18262,5
18263,3
18264,4
18265,4
18266,4
18267,3
18268,4
18269,6
18270,5
18271,4
18272,5
18273,6
18274,4
18275,6
18276,2
18277,1
18278,6
18279,4
18280,5
18281,6
18282,3
18283,4
18284,4
18285,5
18286,4
18287,4
18288,4
18289,3
18290,4
18291,5
18292,6
18293,5
18294,5
18295,6
18296,5
18297,6
18298,5
18299,6
18300,7
18301,6
18302,6
18303,4
18304,3
18305,3
18306,5
18307,6
18308,5
18309,2
18310,5
18311,4
18312,4
18313,7
18314,2
18315,7
18316,6
18317,5
18318,2
18319,6
18320,7
18321,4
18322,7
18323,6
18324,5
18325,6
18326,5
18327,5
18328,6
18329,1
18330,5
18331,5
18332,7
18333,5
18334,6
18335,4
18336,5
18337,4
18338,6
18339,3
18340,2
18341,7
18342,5
18343,7
18344,5
18345,5
18346,3
18347,7
18348,7
18349,5
18350,6
18351,6
18352,7
18353,3
18354,5
18355,5
18356,2
18357,4
18358,5
18359,5
18360,6
18361,2
18362,5
18363,6
18364,2
18365,3
18366,1
18367,4
18368,5
18369,4
18370,6
18371,5
18372,5
18373,6
18374,5
18375,5
18376,3
18377,2
18378,2
18379,6
18380,6
18381,6
18382,6
18383,5
18384,5
18385,7
18386,5
18387,7
18388,7
18389,6
18390,7
18391,5
18392,4
18393,6
18394,6
18395,5
18396,6
18397,5
18398,7
18399,5
18400,6
18401,7
18402,4
18403,4
18404,3
18405,4
18406,5
18407,5
18408,3
18409,5
18410,2
18411,5
18412,6
18413,7
18414,5
18415,4
18416,7
18417,6
18418,6
18419,6
18420,7
18421,5
18422,6
18423,6
18424,2
18425,5
18426,4
18427,5
18428,5
18429,5
18430,3
18431,7
18432,7
18433,6
18434,5
18435,1
18436,2
18437,3
18438,5
18439,5
18440,3
18441,7
18442,2
18443,5
18444,4
18445,6
18446,7
18447,7
18448,6
18449,5
18450,2
18451,6
18452,3
18453,4
18454,6
18455,6
18456,4
18457,2
18458,7
18459,6
18460,6
18461,6
18462,7
18463,4
18464,4
18465,4
18466,5
18467,4
18468,5
18469,5
18470,6
18471,5
18472,7
18473,7
18474,6
18475,3
18476,5
18477,6
18478,2
18479,5
18480,7
18481,7
18482,1
18483,5
18484,7
18485,5
18486,3
18487,5
18488,3
18489,6
18490,6
18491,6
18492,7
18493,4
18494,4
18495,5
18496,6
18497,7
18498,4
18499,4
18500,7
18501,2
18502,4
18503,6
18504,3
18505,3
18506,3
18507,5
18508,5
18509,3
18510,6
18511,4
18512,5
18513,3
18514,5
18515,3
18516,1
18517,6
18518,5
18519,6
18520,7
18521,6
18522,5
18523,5
18524,6
18525,5
18526,4
18527,6
18528,6
18529,6
18530,5
18531,7
18532,5
18533,4
18534,5
18535,4
18536,5
18537,4
18538,2
18539,6
18540,2
18541,6
18542,5
18543,4
18544,5
18545,5
18546,7
18547,5
18548,3
18549,5
18550,3
18551,5
18552,7
18553,5
18554,7
18555,2
18556,6
18557,7
18558,6
18559,6
18560,5
18561,5
18562,5
18563,4
18564,6
18565,7
18566,5
18567,7
18568,5
18569,7
18570,4
18571,4
18572,6
18573,4
18574,7
18575,3
18576,4
18577,2
18578,5
18579,5
18580,5
18581,6
18582,4
18583,5
18584,6
18585,6
18586,6
18587,5
18588,4
18589,5
18590,6
18591,3
18592,5
18593,4
18594,6
18595,5
18596,5
18597,5
18598,5
18599,7
18600,6
18601,5
18602,4
18603,7
18604,5
18605,6
18606,4
18607,3
18608,5
18609,3
18610,4
18611,4
18612,1
18613,4
18614,5
18615,7
18616,4
18617,4
18618,4
18619,5
18620,5
18621,5
18622,5
18623,5
18624,5
18625,7
18626,6
18627,5
18628,6
18629,4
18630,7
18631,4
18632,4
18633,6
18634,7
18635,4
18636,7
18637,4
18638,4
18639,5
18640,5
18641,5
18642,3
18643,3
18644,2
18645,5
18646,3
18647,5
18648,5
18649,6
18650,7
18651,7
18652,5
18653,7
18654,3
18655,5
18656,6
18657,6
18658,4
18659,7
18660,4
18661,4
18662,5
18663,5
18664,5
18665,6
18666,5
18667,6
18668,5
18669,5
18670,5
18671,5
18672,4
18673,5
18674,4
18675,5
18676,5
18677,6
18678,5
18679,7
18680,3
18681,5
18682,7
18683,7
18684,3
18685,5
18686,6
18687,5
18688,4
18689,5
18690,7
18691,4
18692,6
18693,1
18694,4
18695,3
18696,6
18697,2
18698,4
18699,2
18700,5
18701,5
18702,5
18703,4
18704,2
18705,6
18706,7
18707,5
18708,6
18709,5
18710,7
18711,7
18712,7
18713,4
18714,5
18715,6
18716,7
18717,7
18718,7
18719,4
18720,6
18721,6
18722,6
18723,6
18724,4
18725,5
18726,5
18727,6
18728,5
18729,4
18730,6
18731,4
18732,3
18733,6
18734,5
18735,4
18736,5
18737,5
18738,6
18739,4
18740,3
18741,5
18742,4
18743,4
18744,6
18745,6
18746,5
18747,5
18748,3
18749,3
18750,7
18751,5
18752,7
18753,6
18754,4
18755,4
18756,5
18757,4
18758,4
18759,6
18760,5
18761,6
18762,4
18763,6
18764,7
18765,3
18766,2
18767,2
18768,6
18769,4
18770,4
18771,6
18772,5
18773,7
18774,6
18775,5
18776,5
18777,7
18778,6
18779,7
18780,7
18781,5
18782,7
18783,1
18784,4
18785,5
18786,4
18787,4
18788,6
18789,6
18790,3
18791,4
18792,6
18793,6
18794,4
18795,5
18796,6
18797,7
18798,6
18799,4
18800,6
18801,4
18802,6
18803,6
18804,6
18805,5
18806,1
18807,6
18808,7
18809,2
18810,7
18811,7
18812,6
18813,5
18814,5
18815,5
18816,4
18817,6
18818,7
18819,6
18820,6
18821,4
18822,2
18823,2
18824,4
18825,7
18826,5
18827,5
18828,6
18829,5
18830,3
18831,5
18832,4
18833,5
18834,5
18835,4
18836,7
18837,5
18838,6
18839,4
18840,3
18841,5
18842,7
18843,5
18844,5
18845,4
18846,6
18847,3
18848,6
18849,3
18850,6
18851,5
18852,5
18853,6
18854,5
18855,6
18856,6
18857,4
18858,6
18859,6
18860,7
18861,5
18862,6
18863,5
18864,6
18865,6
18866,6
18867,6
18868,6
18869,6
18870,6
18871,6
18872,5
18873,3
18874,4
18875,7
18876,1
18877,5
18878,5
18879,2
18880,4
18881,7
18882,3
18883,6
18884,5
18885,6
18886,6
18887,6
18888,6
18889,7
18890,7
18891,7
18892,5
18893,2
18894,5
18895,7
18896,7
18897,3
18898,6
18899,6
18900,4
18901,7
18902,5
18903,6
18904,2
18905,4
18906,5
18907,5
18908,4
18909,7
18910,3
18911,6
18912,3
18913,3
18914,4
18915,4
18916,4
18917,5
18918,4
18919,4
18920,7
18921,4
18922,1
18923,5
18924,3
18925,5
18926,7
18927,5
18928,5
18929,6
18930,6
18931,5
18932,5
18933,4
18934,4
18935,7
18936,4
18937,5
18938,4
18939,1
18940,5
18941,7
18942,5
18943,4
18944,5
18945,5
18946,5
18947,4
18948,6
18949,7
18950,2
18951,7
18952,6
18953,6
18954,6
18955,4
18956,4
18957,6
18958,5
18959,3
18960,3
18961,7
18962,4
18963,5
18964,5
18965,5
18966,7
18967,2
18968,6
18969,3
18970,7
18971,5
18972,4
18973,6
18974,4
18975,5
18976,4
18977,5
18978,4
18979,5
18980,5
18981,4
18982,6
18983,6
18984,6
18985,5
18986,2
18987,5
18988,5
18989,6
18990,5
18991,7
18992,4
18993,4
18994,5
18995,4
18996,5
18997,5
18998,6
18999,4
19000,2
19001,1
19002,4
19003,4
19004,7
19005,6
19006,5
19007,6
19008,6
19009,6
19010,4
19011,5
19012,4
19013,5
19014,6
19015,6
19016,5
19017,5
19018,5
19019,5
19020,6
19021,3
19022,4
19023,7
19024,5
19025,5
19026,6
19027,7
19028,4
19029,4
19030,4
19031,4
19032,4
19033,3
19034,6
19035,6
19036,5
19037,5
19038,7
19039,2
19040,5
19041,4
19042,5
19043,5
19044,4
19045,3
19046,4
19047,5
19048,3
19049,6
19050,3
19051,5
19052,5
19053,3
19054,3
19055,2
19056,3
19057,6
19058,4
19059,4
19060,5
19061,5
19062,5
19063,5
19064,5
19065,3
19066,6
19067,5
19068,6
19069,7
19070,5
19071,6
19072,5
19073,5
19074,6
19075,7
19076,2
19077,4
19078,6
19079,5
19080,7
19081,7
19082,4
19083,5
19084,5
19085,5
19086,1
19087,6
19088,5
19089,6
19090,6
19091,5
19092,3
19093,3
19094,7
19095,5
19096,7
19097,5
19098,5
19099,5
19100,4
19101,5
19102,5
19103,5
19104,6
19105,5
19106,7
19107,6
19108,5
19109,4
19110,5
19111,6
19112,7
19113,4
19114,4
19115,5
19116,2
19117,3
19118,4
19119,5
19120,4
19121,4
19122,4
19123,4
19124,5
19125,7
19126,4
19127,6
19128,5
19129,6
19130,6
19131,5
19132,2
19133,2
19134,5
19135,5
19136,5
19137,7
19138,5
19139,3
19140,6
19141,5
19142,6
19143,5
19144,4
19145,5
19146,4
19147,5
19148,5
19149,4
19150,4
19151,5
19152,5
19153,5
19154,5
19155,6
19156,4
19157,1
19158,5
19159,3
19160,4
19161,5
19162,6
19163,3
19164,5
19165,5
19166,2
19167,6
19168,5
19169,7
19170,5
19171,5
19172,4
19173,5
19174,4
19175,5
19176,4
19177,4
19178,7
19179,5
19180,6
19181,5
19182,7
19183,2
19184,4
19185,4
19186,7
19187,5
19188,6
19189,7
19190,4
19191,1
19192,4
19193,5
19194,5
19195,5
19196,3
19197,6
19198,6
19199,7
19200,6
19201,3
19202,4
19203,6
19204,7
19205,5
19206,6
19207,4
19208,4
19209,4
19210,5
19211,5
19212,3
19213,5
19214,6
19215,7
19216,4
19217,6
19218,6
19219,2
19220,5
19221,7
19222,5
19223,4
19224,2
19225,4
19226,5
19227,7
19228,4
19229,5
19230,5
19231,5
19232,5
19233,7
19234,5
19235,6
19236,6
19237,6
19238,2
19239,6
19240,5
19241,5
19242,5
19243,7
19244,4
19245,6
19246,4
19247,7
19248,7
19249,2
19250,5
19251,6
19252,3
19253,7
19254,6
19255,5
19256,7
19257,7
19258,4
19259,4
19260,5
19261,3
19262,5
19263,4
19264,1
19265,4
19266,5
19267,5
19268,2
19269,5
19270,5
19271,4
19272,6
19273,6
19274,7
19275,4
19276,6
19277,5
19278,7
19279,4
19280,4
19281,5
19282,4
19283,5
19284,4
19285,6
19286,4
19287,3
19288,1
19289,5
19290,5
19291,2
19292,5
19293,6
19294,3
19295,7
19296,6
19297,3
19298,4
19299,7
19300,5
19301,6
19302,5
19303,5
19304,5
19305,6
19306,3
19307,5
19308,3
19309,7
19310,5
19311,7
19312,7
19313,3
19314,7
19315,5
19316,3
19317,7
19318,5
19319,5
19320,1
19321,5
19322,2
19323,6
19324,4
19325,4
19326,1
19327,5
19328,5
19329,7
19330,5
19331,1
19332,6
19333,5
19334,5
19335,5
19336,6
19337,5
19338,1
19339,7
19340,5
19341,5
19342,2
19343,6
19344,1
19345,6
19346,6
19347,3
19348,5
19349,6
19350,5
19351,5
19352,6
19353,5
19354,5
19355,4
19356,6
19357,5
19358,7
19359,5
19360,6
19361,6
19362,5
19363,7
19364,5
19365,7
19366,5
19367,7
19368,5
19369,5
19370,3
19371,5
19372,3
19373,2
19374,6
19375,6
19376,5
19377,4
19378,7
19379,7
19380,4
19381,2
19382,3
19383,6
19384,6
19385,4
19386,4
19387,5
19388,6
19389,5
19390,3
19391,6
19392,6
19393,3
19394,5
19395,4
19396,7
19397,5
19398,4
19399,3
19400,7
19401,3
19402,6
19403,3
19404,7
19405,7
19406,2
19407,3
19408,4
19409,5
19410,5
19411,6
19412,3
19413,6
19414,5
19415,3
19416,5
19417,4
19418,6
19419,7
19420,4
19421,1
19422,6
19423,5
19424,4
19425,5
19426,3
19427,5
19428,2
19429,6
19430,4
19431,4
19432,5
19433,7
19434,4
19435,4
19436,3
19437,5
19438,1
19439,6
19440,6
19441,7
19442,4
19443,5
19444,5
19445,7
19446,6
19447,7
19448,6
19449,4
19450,4
19451,6
19452,7
19453,7
19454,4
19455,5
19456,7
19457,6
19458,5
19459,4
19460,5
19461,5
19462,4
19463,5
19464,2
19465,5
19466,6
19467,5
19468,5
19469,2
19470,6
19471,3
19472,4
19473,4
19474,4
19475,7
19476,2
19477,7
19478,7
19479,5
19480,7
19481,5
19482,7
19483,6
19484,5
19485,4
19486,6
19487,4
19488,4
19489,7
19490,4
19491,4
19492,5
19493,3
19494,5
19495,2
19496,5
19497,5
19498,5
19499,5
19500,5
19501,5
19502,5
19503,3
19504,5
19505,4
19506,5
19507,5
19508,5
19509,6
19510,4
19511,3
19512,6
19513,5
19514,5
19515,5
19516,6
19517,6
19518,4
19519,4
19520,4
19521,4
19522,4
19523,1
19524,7
19525,4
19526,5
19527,7
19528,5
19529,5
19530,5
19531,4
19532,4
19533,4
19534,7
19535,6
19536,4
19537,4
19538,4
19539,5
19540,5
19541,5
19542,5
19543,5
19544,5
19545,5
19546,5
19547,5
19548,7
19549,6
19550,6
19551,4
19552,6
19553,5
19554,3
19555,7
19556,6
19557,7
19558,4
19559,5
19560,6
19561,4
19562,7
19563,5
19564,4
19565,3
19566,2
19567,5
19568,4
19569,6
19570,2
19571,5
19572,7
19573,5
19574,5
19575,3
19576,5
19577,4
19578,4
19579,5
19580,5
19581,4
19582,5
19583,7
19584,4
19585,4
19586,5
19587,5
19588,4
19589,6
19590,7
19591,3
19592,5
19593,3
19594,6
19595,5
19596,6
19597,5
19598,4
19599,3
19600,6
19601,6
19602,7
19603,6
19604,4
19605,3
19606,7
19607,7
19608,4
19609,4
19610,4
19611,4
19612,5
19613,5
19614,3
19615,4
19616,5
19617,4
19618,4
19619,4
19620,7
19621,4
19622,6
19623,4
19624,3
19625,4
19626,6
19627,6
19628,3
19629,5
19630,5
19631,4
19632,5
19633,5
19634,4
19635,4
19636,2
19637,6
19638,6
19639,6
19640,7
19641,2
19642,5
19643,6
19644,5
19645,5
19646,3
19647,5
19648,6
19649,3
19650,5
19651,4
19652,5
19653,4
19654,5
19655,5
19656,6
19657,4
19658,6
19659,5
19660,5
19661,6
19662,4
19663,4
19664,4
19665,4
19666,3
19667,2
19668,4
19669,5
19670,4
19671,5
19672,5
19673,7
19674,5
19675,6
19676,5
19677,5
19678,2
19679,5
19680,7
19681,6
19682,3
19683,3
19684,6
19685,5
19686,5
19687,4
19688,5
19689,3
19690,7
19691,5
19692,6
19693,7
19694,3
19695,3
19696,4
19697,4
19698,7
19699,4
19700,5
19701,7
19702,4
19703,4
19704,4
19705,1
19706,6
19707,5
19708,4
19709,4
19710,7
19711,6
19712,6
19713,6
19714,6
19715,5
19716,5
19717,7
19718,7
19719,1
19720,5
19721,4
19722,6
19723,6
19724,6
19725,5
19726,4
19727,5
19728,4
19729,5
19730,5
19731,6
19732,7
19733,4
19734,4
19735,4
19736,6
19737,5
19738,5
19739,6
19740,7
19741,5
19742,5
19743,5
19744,5
19745,5
19746,7
19747,1
19748,5
19749,5
19750,7
19751,6
19752,6
19753,6
19754,2
19755,3
19756,5
19757,6
19758,5
19759,6
19760,7
19761,5
19762,6
19763,6
19764,7
19765,5
19766,6
19767,5
19768,6
19769,5
19770,5
19771,1
19772,7
19773,3
19774,6
19775,5
19776,5
19777,7
19778,6
19779,1
19780,4
19781,3
19782,2
19783,6
19784,7
19785,5
19786,5
19787,5
19788,6
19789,7
19790,4
19791,6
19792,3
19793,3
19794,5
19795,5
19796,6
19797,3
19798,6
19799,4
19800,5
19801,7
19802,7
19803,5
19804,4
19805,7
19806,6
19807,4
19808,6
19809,3
19810,5
19811,4
19812,7
19813,5
19814,4
19815,6
19816,5
19817,6
19818,7
19819,2
19820,6
19821,5
19822,5
19823,4
19824,5
19825,1
19826,5
19827,6
19828,6
19829,5
19830,5
19831,4
19832,7
19833,7
19834,7
19835,3
19836,4
19837,6
19838,3
19839,4
19840,5
19841,2
19842,7
19843,7
19844,3
19845,7
19846,4
19847,6
19848,6
19849,5
19850,5
19851,4
19852,4
19853,6
19854,4
19855,6
19856,5
19857,4
19858,6
19859,4
19860,5
19861,4
19862,6
19863,4
19864,5
19865,4
19866,4
19867,2
19868,5
19869,6
19870,6
19871,5
19872,5
19873,7
19874,6
19875,6
19876,4
19877,7
19878,4
19879,3
19880,7
19881,4
19882,5
19883,4
19884,5
19885,5
19886,6
19887,6
19888,2
19889,4
19890,1
19891,5
19892,5
19893,7
19894,5
19895,6
19896,6
19897,4
19898,5
19899,5
19900,6
19901,5
19902,5
19903,4
19904,4
19905,7
19906,3
19907,5
19908,6
19909,7
19910,4
19911,3
19912,5
19913,5
19914,6
19915,5
19916,4
19917,4
19918,4
19919,6
19920,6
19921,4
19922,7
19923,4
19924,7
19925,7
19926,6
19927,2
19928,5
19929,7
19930,3
19931,5
19932,4
19933,6
19934,3
19935,2
19936,6
19937,5
19938,5
19939,5
19940,3
19941,5
19942,5
19943,5
19944,4
19945,4
19946,6
19947,1
19948,6
19949,7
19950,5
19951,3
19952,5
19953,4
19954,5
19955,5
19956,5
19957,4
19958,5
19959,5
19960,3
19961,7
19962,5
19963,7
19964,6
19965,6
19966,4
19967,5
19968,4
19969,4
19970,3
19971,3
19972,5
19973,7
19974,5
19975,5
19976,5
19977,6
19978,6
19979,7
19980,5
19981,6
19982,4
19983,7
19984,7
19985,7
19986,3
19987,4
19988,6
19989,5
19990,6
19991,5
19992,5
19993,3
19994,3
19995,4
19996,2
19997,3
19998,4
19999,6
20000,6
20001,6
20002,2
20003,6
20004,5
20005,5
20006,6
20007,6
20008,5
20009,4
20010,5
20011,5
20012,5
20013,3
20014,5
20015,6
20016,6
20017,1
20018,6
20019,3
20020,5
20021,5
20022,5
20023,2
20024,4
20025,6
20026,6
20027,7
20028,3
20029,7
20030,7
20031,6
20032,6
20033,5
20034,4
20035,6
20036,2
20037,7
20038,5
20039,7
20040,5
20041,3
20042,6
20043,5
20044,7
20045,5
20046,6
20047,3
20048,7
20049,5
20050,6
20051,6
20052,5
20053,6
20054,7
20055,7
20056,5
20057,4
20058,5
20059,4
20060,6
20061,6
20062,5
20063,5
20064,4
20065,6
20066,4
20067,6
20068,6
20069,5
20070,4
20071,6
20072,6
20073,6
20074,2
20075,5
20076,6
20077,4
20078,6
20079,6
20080,6
20081,5
20082,5
20083,7
20084,4
20085,5
20086,4
20087,5
20088,7
20089,4
20090,4
20091,4
20092,6
20093,3
20094,6
20095,7
20096,6
20097,4
20098,7
20099,6
20100,5
20101,5
20102,3
20103,4
20104,5
20105,6
20106,6
20107,2
20108,6
20109,4
20110,2
20111,3
20112,4
20113,5
20114,5
20115,4
20116,6
20117,6
20118,5
20119,7
20120,7
20121,6
20122,5
20123,3
20124,4
20125,3
20126,5
20127,4
20128,5
20129,5
20130,6
20131,4
20132,6
20133,5
20134,2
20135,3
20136,3
20137,6
20138,7
20139,6
20140,4
20141,2
20142,3
20143,5
20144,6
20145,2
20146,4
20147,6
20148,5
20149,1
20150,3
20151,3
20152,3
20153,5
20154,2
20155,6
20156,5
20157,6
20158,6
20159,6
20160,4
20161,4
20162,6
20163,5
20164,4
20165,3
20166,7
20167,3
20168,6
20169,4
20170,5
20171,6
20172,4
20173,6
20174,6
20175,5
20176,5
20177,4
20178,6
20179,6
20180,4
20181,5
20182,6
20183,5
20184,2
20185,4
20186,6
20187,4
20188,5
20189,2
20190,4
20191,7
20192,6
20193,4
20194,4
20195,6
20196,6
20197,5
20198,4
20199,4
20200,6
20201,5
20202,7
20203,5
20204,7
20205,2
20206,6
20207,6
20208,3
20209,7
20210,5
20211,7
20212,4
20213,6
20214,3
20215,5
20216,3
20217,7
20218,1
20219,5
20220,5
20221,6
20222,5
20223,7
20224,5
20225,5
20226,7
20227,7
20228,2
20229,3
20230,4
20231,4
20232,4
20233,4
20234,5
20235,5
20236,5
20237,4
20238,6
20239,6
20240,5
20241,5
20242,4
20243,7
20244,5
20245,6
20246,2
20247,6
20248,5
20249,7
20250,4
20251,3
20252,5
20253,6
20254,5
20255,4
20256,5
20257,7
20258,4
20259,4
20260,3
20261,7
20262,7
20263,6
20264,4
20265,3
20266,3
20267,6
20268,6
20269,5
20270,5
20271,2
20272,2
20273,5
20274,5
20275,3
20276,6
20277,7
20278,4
20279,4
20280,5
20281,4
20282,7
20283,4
20284,6
20285,4
20286,6
20287,2
20288,3
20289,1
20290,4
20291,6
20292,7
20293,6
20294,5
20295,5
20296,3
20297,4
20298,4
20299,5
20300,4
20301,5
20302,5
20303,5
20304,5
20305,6
20306,6
20307,7
20308,5
20309,5
20310,3
20311,4
20312,1
20313,6
20314,7
20315,6
20316,5
20317,7
20318,6
20319,4
20320,4
20321,2
20322,5
20323,1
20324,3
20325,7
20326,6
20327,6
20328,4
20329,1
20330,7
20331,5
20332,1
20333,6
20334,7
20335,5
20336,6
20337,5
20338,5
20339,7
20340,7
20341,7
20342,5
20343,3
20344,4
20345,3
20346,5
20347,7
20348,5
20349,3
20350,2
20351,6
20352,6
20353,4
20354,6
20355,4
20356,4
20357,4
20358,4
20359,5
20360,5
20361,6
20362,5
20363,5
20364,5
20365,6
20366,6
20367,6
20368,5
20369,5
20370,6
20371,4
20372,4
20373,5
20374,2
20375,5
20376,6
20377,7
20378,6
20379,3
20380,4
20381,6
20382,4
20383,4
20384,4
20385,3
20386,3
20387,4
20388,4
20389,5
20390,4
20391,4
20392,5
20393,6
20394,4
20395,4
20396,3
20397,4
20398,2
20399,5
20400,7
20401,5
20402,5
20403,7
20404,6
20405,7
20406,2
20407,5
20408,6
20409,4
20410,6
20411,3
20412,3
20413,6
20414,5
20415,6
20416,5
20417,6
20418,5
20419,4
20420,3
20421,2
20422,6
20423,4
20424,1
20425,4
20426,3
20427,3
20428,3
20429,4
20430,6
20431,4
20432,5
20433,7
20434,5
20435,6
20436,4
20437,6
20438,3
20439,5
20440,5
20441,6
20442,6
20443,7
20444,5
20445,3
20446,4
20447,4
20448,5
20449,6
20450,5
20451,4
20452,5
20453,6
20454,4
20455,7
20456,4
20457,5
20458,6
20459,6
20460,3
20461,5
20462,5
20463,6
20464,4
20465,5
20466,5
20467,4
20468,5
20469,7
20470,5
20471,4
20472,5
20473,6
20474,4
20475,7
20476,6
20477,1
20478,4
20479,6
20480,7
20481,6
20482,4
20483,7
20484,5
20485,1
20486,4
20487,6
20488,5
20489,5
20490,3
20491,5
20492,3
20493,6
20494,5
20495,6
20496,4
20497,5
20498,6
20499,6
20500,4
20501,7
20502,6
20503,6
20504,3
20505,5
20506,6
20507,3
20508,6
20509,5
20510,2
20511,7
20512,5
20513,4
20514,7
20515,4
20516,7
20517,4
20518,7
20519,6
20520,5
20521,4
20522,5
20523,6
20524,4
20525,7
20526,4
20527,5
20528,7
20529,6
20530,6
20531,3
20532,4
20533,5
20534,5
20535,7
20536,5
20537,6
20538,6
20539,5
20540,6
20541,5
20542,5
20543,7
20544,4
20545,4
20546,6
20547,5
20548,6
20549,6
20550,5
20551,4
20552,7
20553,4
20554,4
20555,4
20556,6
20557,5
20558,4
20559,5
20560,6
20561,6
20562,4
20563,4
20564,4
20565,4
20566,5
20567,4
20568,7
20569,5
20570,7
20571,6
20572,4
20573,4
20574,4
20575,5
20576,2
20577,5
20578,6
20579,3
20580,7
20581,4
20582,5
20583,4
20584,3
20585,6
20586,7
20587,4
20588,6
20589,2
20590,4
20591,3
20592,2
20593,5
20594,6
20595,3
20596,4
20597,5
20598,5
20599,6
20600,3
20601,5
20602,2
20603,5
20604,7
20605,4
20606,5
20607,7
20608,6
20609,4
20610,5
20611,5
20612,6
20613,7
20614,6
20615,5
20616,6
20617,6
20618,5
20619,5
20620,6
20621,5
20622,5
20623,7
20624,5
20625,5
20626,4
20627,5
20628,7
20629,6
20630,5
20631,3
20632,6
20633,7
20634,5
20635,5
20636,7
20637,4
20638,3
20639,4
20640,6
20641,5
20642,5
20643,4
20644,6
20645,4
20646,5
20647,6
20648,7
20649,4
20650,4
20651,3
20652,6
20653,7
20654,6
20655,4
20656,5
20657,6
20658,4
20659,5
20660,6
20661,7
20662,6
20663,4
20664,4
20665,7
20666,4
20667,7
20668,6
20669,4
20670,5
20671,4
20672,4
20673,6
20674,7
20675,5
20676,1
20677,5
20678,5
20679,5
20680,5
20681,2
20682,5
20683,7
20684,4
20685,7
20686,2
20687,4
20688,5
20689,3
20690,5
20691,3
20692,4
20693,3
20694,6
20695,6
20696,5
20697,5
20698,7
20699,3
20700,7
20701,2
20702,5
20703,3
20704,5
20705,5
20706,6
20707,5
20708,4
20709,5
20710,7
20711,6
20712,7
20713,2
20714,5
20715,7
20716,4
20717,4
20718,7
20719,7
20720,6
20721,5
20722,5
20723,6
20724,5
20725,4
20726,3
20727,7
20728,7
20729,2
20730,4
20731,4
20732,3
20733,2
20734,3
20735,6
20736,7
20737,5
20738,1
20739,5
20740,5
20741,5
20742,6
20743,5
20744,6
20745,4
20746,3
20747,3
20748,4
20749,6
20750,5
20751,4
20752,5
20753,4
20754,7
20755,3
20756,4
20757,5
20758,5
20759,7
20760,3
20761,3
20762,5
20763,6
20764,6
20765,6
20766,5
20767,4
20768,7
20769,7
20770,6
20771,4
20772,5
20773,7
20774,2
20775,4
20776,5
20777,4
20778,5
20779,6
20780,5
20781,5
20782,2
20783,5
20784,2
20785,6
20786,5
20787,4
20788,4
20789,4
20790,4
20791,4
20792,2
20793,7
20794,3
20795,6
20796,2
20797,4
20798,4
20799,5
20800,6
20801,4
20802,2
20803,4
20804,4
20805,5
20806,5
20807,4
20808,6
20809,5
20810,5
20811,4
20812,6
20813,5
20814,4
20815,5
20816,4
20817,6
20818,4
20819,5
20820,5
20821,1
20822,5
20823,3
20824,6
20825,6
20826,5
20827,7
20828,6
20829,5
20830,5
20831,4
20832,3
20833,5
20834,5
20835,7
20836,5
20837,5
20838,4
20839,4
20840,6
20841,5
20842,7
20843,4
20844,7
20845,6
20846,6
20847,5
20848,4
20849,4
20850,6
20851,5
20852,3
20853,7
20854,7
20855,3
20856,2
20857,5
20858,6
20859,7
20860,4
20861,5
20862,4
20863,6
20864,4
20865,4
20866,6
20867,4
20868,5
20869,6
20870,5
20871,7
20872,5
20873,4
20874,4
20875,5
20876,3
20877,4
20878,6
20879,5
20880,4
20881,5
20882,5
20883,7
20884,6
20885,3
20886,7
20887,7
20888,6
20889,5
20890,2
20891,5
20892,4
20893,5
20894,5
20895,6
20896,4
20897,4
20898,5
20899,6
20900,5
20901,3
20902,4
20903,5
20904,4
20905,5
20906,4
20907,5
20908,4
20909,4
20910,3
20911,4
20912,7
20913,5
20914,5
20915,2
20916,5
20917,6
20918,4
20919,5
20920,2
20921,4
20922,4
20923,5
20924,4
20925,5
20926,4
20927,6
20928,5
20929,6
20930,5
20931,7
20932,5
20933,5
20934,7
20935,6
20936,7
20937,4
20938,4
20939,3
20940,7
20941,6
20942,4
20943,6
20944,6
20945,5
20946,4
20947,6
20948,4
20949,5
20950,5
20951,2
20952,5
20953,5
20954,4
20955,5
20956,6
20957,2
20958,3
20959,4
20960,5
20961,5
20962,5
20963,2
20964,4
20965,5
20966,4
20967,4
20968,6
20969,5
20970,6
20971,5
20972,4
20973,7
20974,3
20975,6
20976,6
20977,6
20978,6
20979,6
20980,2
20981,5
20982,1
20983,6
20984,5
20985,5
20986,6
20987,5
20988,4
20989,4
20990,5
20991,4
20992,6
20993,5
20994,4
20995,6
20996,6
20997,3
20998,3
20999,3
21000,5
21001,3
21002,7
21003,5
21004,7
21005,5
21006,3
21007,5
21008,7
21009,3
21010,7
21011,4
21012,6
21013,4
21014,2
21015,5
21016,6
21017,5
21018,3
21019,4
21020,6
21021,7
21022,6
21023,7
21024,6
21025,2
21026,5
21027,5
21028,5
21029,7
21030,5
21031,4
21032,3
21033,6
21034,4
21035,6
21036,5
21037,6
21038,7
21039,4
21040,6
21041,5
21042,1
21043,6
21044,6
21045,6
21046,4
21047,4
21048,6
21049,6
21050,1
21051,6
21052,6
21053,7
21054,5
21055,6
21056,4
21057,5
21058,5
21059,6
21060,4
21061,1
21062,5
21063,4
21064,5
21065,6
21066,4
21067,3
21068,5
21069,5
21070,6
21071,5
21072,7
21073,1
21074,5
21075,3
21076,6
21077,3
21078,5
21079,3
21080,5
21081,5
21082,6
21083,2
21084,5
21085,6
21086,5
21087,5
21088,6
21089,4
21090,4
21091,5
21092,4
21093,6
21094,6
21095,5
21096,7
21097,5
21098,4
21099,4
21100,5
21101,5
21102,5
21103,4
21104,3
21105,3
21106,5
21107,6
21108,5
21109,7
21110,7
21111,7
21112,5
21113,6
21114,7
21115,3
21116,7
21117,6
21118,5
21119,7
21120,5
21121,5
21122,5
21123,4
21124,3
21125,5
21126,4
21127,4
21128,2
21129,4
21130,5
21131,2
21132,5
21133,2
21134,3
21135,7
21136,7
21137,7
21138,4
21139,5
21140,5
21141,5
21142,5
21143,6
21144,5
21145,7
21146,7
21147,5
21148,5
21149,4
21150,4
21151,5
21152,6
21153,5
21154,4
21155,5
21156,4
21157,4
21158,5
21159,7
21160,7
21161,5
21162,6
21163,7
21164,5
21165,6
21166,4
21167,6
21168,5
21169,4
21170,4
21171,3
21172,4
21173,6
21174,7
21175,5
21176,4
21177,4
21178,3
21179,6
21180,2
21181,4
21182,1
21183,5
21184,4
21185,5
21186,7
21187,6
21188,1
21189,5
21190,5
21191,6
21192,4
21193,5
21194,3
21195,7
21196,6
21197,5
21198,5
21199,5
21200,3
21201,4
21202,1
21203,4
21204,1
21205,2
21206,6
21207,5
21208,5
21209,3
21210,6
21211,7
21212,3
21213,7
21214,2
21215,7
21216,3
21217,2
21218,5
21219,2
21220,4
21221,5
21222,5
21223,6
21224,6
21225,7
21226,4
21227,4
21228,5
21229,6
21230,1
21231,4
21232,4
21233,2
21234,6
21235,5
21236,7
21237,5
21238,5
21239,4
21240,3
21241,5
21242,4
21243,1
21244,5
21245,6
21246,7
21247,7
21248,3
21249,5
21250,3
21251,4
21252,4
21253,5
21254,5
21255,5
21256,5
21257,3
21258,5
21259,5
21260,7
21261,3
21262,5
21263,3
21264,5
21265,5
21266,7
21267,5
21268,5
21269,5
21270,5
21271,3
21272,7
21273,4
21274,4
21275,6
21276,6
21277,4
21278,6
21279,3
21280,5
21281,4
21282,5
21283,6
21284,4
21285,3
21286,3
21287,4
21288,4
21289,5
21290,2
21291,4
21292,4
21293,6
21294,7
21295,6
21296,5
21297,4
21298,3
21299,6
21300,7
21301,3
21302,7
21303,5
21304,6
21305,5
21306,6
21307,7
21308,6
21309,6
21310,3
21311,5
21312,4
21313,7
21314,6
21315,5
21316,3
21317,5
21318,6
21319,6
21320,2
21321,5
21322,6
21323,7
21324,4
21325,4
21326,4
21327,5
21328,5
21329,3
21330,1
21331,1
21332,3
21333,5
21334,5
21335,2
21336,6
21337,6
21338,7
21339,4
21340,5
21341,6
21342,6
21343,7
21344,3
21345,6
21346,5
21347,2
21348,7
21349,4
21350,2
21351,5
21352,4
21353,5
21354,4
21355,6
21356,5
21357,4
21358,4
21359,6
21360,5
21361,5
21362,5
21363,5
21364,7
21365,5
21366,5
21367,5
21368,4
21369,7
21370,2
21371,5
21372,4
21373,4
21374,5
21375,7
21376,4
21377,5
21378,5
21379,5
21380,5
21381,5
21382,7
21383,3
21384,7
21385,7
21386,5
21387,6
21388,4
21389,3
21390,3
21391,5
21392,7
21393,4
21394,5
21395,5
21396,3
21397,5
21398,5
21399,7
21400,6
21401,3
21402,5
21403,3
21404,4
21405,4
21406,5
21407,5
21408,5
21409,6
21410,6
21411,5
21412,5
21413,4
21414,5
21415,5
21416,5
21417,5
21418,5
21419,6
21420,1
21421,7
21422,3
21423,7
21424,6
21425,4
21426,4
21427,4
21428,4
21429,7
21430,5
21431,6
21432,5
21433,3
21434,4
21435,6
21436,6
21437,5
21438,4
21439,6
21440,6
21441,6
21442,4
21443,5
21444,1
21445,4
21446,3
21447,7
21448,4
21449,4
21450,6
21451,5
21452,6
21453,7
21454,6
21455,6
21456,5
21457,4
21458,2
21459,4
21460,2
21461,4
21462,6
21463,6
21464,5
21465,5
21466,6
21467,2
21468,3
21469,6
21470,4
21471,6
21472,4
21473,4
21474,5
21475,6
21476,7
21477,5
21478,5
21479,4
21480,6
21481,7
21482,7
21483,1
21484,5
21485,5
21486,4
21487,4
21488,5
21489,7
21490,5
21491,6
21492,4
21493,3
21494,7
21495,6
21496,5
21497,7
21498,7
21499,5
21500,4
21501,7
21502,4
21503,3
21504,5
21505,7
21506,4
21507,5
21508,3
21509,3
21510,6
21511,5
21512,4
21513,7
21514,5
21515,5
21516,5
21517,5
21518,4
21519,6
21520,6
21521,2
21522,5
21523,7
21524,3
21525,2
21526,4
21527,4
21528,5
21529,5
21530,3
21531,1
21532,4
21533,6
21534,7
21535,5
21536,2
21537,6
21538,7
21539,5
21540,7
21541,6
21542,5
21543,2
21544,4
21545,5
21546,4
21547,3
21548,3
21549,4
21550,3
21551,7
21552,6
21553,4
21554,3
21555,5
21556,5
21557,4
21558,7
21559,4
21560,4
21561,7
21562,2
21563,6
21564,4
21565,4
21566,4
21567,4
21568,6
21569,5
21570,4
21571,4
21572,1
21573,7
21574,5
21575,5
21576,2
21577,4
21578,4
21579,1
21580,5
21581,6
21582,6
21583,4
21584,4
21585,3
21586,5
21587,4
21588,7
21589,6
21590,6
21591,4
21592,4
21593,2
21594,7
21595,6
21596,6
21597,6
21598,5
21599,6
21600,4
21601,7
21602,5
21603,6
21604,5
21605,2
21606,5
21607,7
21608,4
21609,4
21610,1
21611,5
21612,4
21613,6
21614,7
21615,5
21616,3
21617,3
21618,4
21619,2
21620,4
21621,6
21622,4
21623,6
21624,5
21625,6
21626,4
21627,3
21628,7
21629,5
21630,6
21631,6
21632,4
21633,1
21634,7
21635,5
21636,4
21637,7
21638,4
21639,7
21640,6
21641,6
21642,1
21643,2
21644,3
21645,7
21646,4
21647,5
21648,5
21649,2
21650,7
21651,6
21652,7
21653,7
21654,5
21655,4
21656,5
21657,4
21658,5
21659,4
21660,7
21661,6
21662,6
21663,4
21664,3
21665,6
21666,5
21667,5
21668,5
21669,5
21670,4
21671,5
21672,6
21673,3
21674,5
21675,7
21676,7
21677,5
21678,5
21679,6
21680,5
21681,4
21682,3
21683,5
21684,5
21685,3
21686,4
21687,5
21688,7
21689,6
21690,4
21691,2
21692,4
21693,5
21694,5
21695,5
21696,5
21697,6
21698,5
21699,5
21700,6
21701,6
21702,4
21703,4
21704,6
21705,7
21706,6
21707,7
21708,6
21709,5
21710,7
21711,3
21712,5
21713,6
21714,1
21715,6
21716,2
21717,4
21718,6
21719,4
21720,6
21721,5
21722,4
21723,7
21724,4
21725,5
21726,7
21727,4
21728,4
21729,7
21730,5
21731,3
21732,5
21733,3
21734,6
21735,5
21736,4
21737,6
21738,4
21739,6
21740,7
21741,7
21742,6
21743,7
21744,5
21745,2
21746,6
21747,6
21748,5
21749,4
21750,5
21751,5
21752,4
21753,7
21754,6
21755,6
21756,5
21757,3
21758,2
21759,5
21760,5
21761,6
21762,7
21763,6
21764,2
21765,4
21766,3
21767,6
21768,5
21769,5
21770,4
21771,2
21772,5
21773,5
21774,5
21775,4
21776,7
21777,7
21778,3
21779,1
21780,5
21781,6
21782,6
21783,4
21784,6
21785,5
21786,7
21787,6
21788,5
21789,5
21790,7
21791,5
21792,5
21793,5
21794,7
21795,5
21796,4
21797,5
21798,5
21799,2
21800,7
21801,5
21802,5
21803,6
21804,5
21805,2
21806,3
21807,5
21808,5
21809,3
21810,6
21811,5
21812,5
21813,4
21814,6
21815,5
21816,5
21817,4
21818,1
21819,5
21820,4
21821,4
21822,1
21823,5
21824,5
21825,5
21826,6
21827,6
21828,7
21829,5
21830,4
21831,2
21832,6
21833,6
21834,5
21835,5
21836,5
21837,5
21838,6
21839,4
21840,7
21841,5
21842,4
21843,5
21844,4
21845,5
21846,2
21847,5
21848,7
21849,5
21850,5
21851,4
21852,2
21853,6
21854,5
21855,5
21856,6
21857,4
21858,6
21859,4
21860,7
21861,4
21862,5
21863,5
21864,6
21865,3
21866,5
21867,5
21868,4
21869,7
21870,5
21871,7
21872,5
21873,7
21874,1
21875,3
21876,4
21877,6
21878,7
21879,4
21880,4
21881,6
21882,3
21883,5
21884,7
21885,3
21886,5
21887,6
21888,4
21889,3
21890,4
21891,2
21892,5
21893,3
21894,6
21895,3
21896,5
21897,2
21898,4
21899,3
21900,4
21901,6
21902,6
21903,5
21904,3
21905,4
21906,3
21907,5
21908,2
21909,4
21910,5
21911,5
21912,6
21913,4
21914,5
21915,6
21916,5
21917,3
21918,6
21919,6
21920,5
21921,2
21922,1
21923,6
21924,4
21925,4
21926,6
21927,5
21928,7
21929,5
21930,2
21931,5
21932,6
21933,5
21934,6
21935,5
21936,5
21937,2
21938,2
21939,4
21940,3
21941,6
21942,3
21943,4
21944,6
21945,7
21946,5
21947,4
21948,5
21949,4
21950,7
21951,7
21952,7
21953,5
21954,6
21955,5
21956,7
21957,4
21958,6
21959,5
21960,4
21961,5
21962,6
21963,7
21964,6
21965,7
21966,7
21967,5
21968,5
21969,4
21970,2
21971,3
21972,5
21973,6
21974,6
21975,4
21976,6
21977,5
21978,3
21979,6
21980,5
21981,6
21982,5
21983,6
21984,5
21985,6
21986,7
21987,5
21988,5
21989,2
21990,7
21991,4
21992,4
21993,6
21994,5
21995,4
21996,4
21997,5
21998,5
21999,5
22000,5
22001,3
22002,7
22003,6
22004,7
22005,4
22006,4
22007,6
22008,6
22009,6
22010,5
22011,7
22012,4
22013,5
22014,4
22015,6
22016,6
22017,6
22018,3
22019,5
22020,5
22021,7
22022,7
22023,5
22024,3
22025,7
22026,5
22027,6
22028,4
22029,5
22030,5
22031,5
22032,6
22033,6
22034,6
22035,7
22036,5
22037,4
22038,7
22039,7
22040,3
22041,5
22042,6
22043,4
22044,3
22045,4
22046,6
22047,4
22048,2
22049,5
22050,4
22051,3
22052,6
22053,6
22054,7
22055,5
22056,5
22057,5
22058,3
22059,5
22060,5
22061,6
22062,5
22063,3
22064,6
22065,1
22066,7
22067,5
22068,1
22069,5
22070,5
22071,5
22072,3
22073,5
22074,3
22075,5
22076,1
22077,4
22078,5
22079,5
22080,6
22081,4
22082,2
22083,6
22084,7
22085,5
22086,7
22087,4
22088,2
22089,7
22090,4
22091,7
22092,6
22093,3
22094,6
22095,5
22096,6
22097,5
22098,6
22099,6
22100,3
22101,7
22102,5
22103,5
22104,4
22105,5
22106,7
22107,3
22108,5
22109,5
22110,6
22111,5
22112,4
22113,6
22114,4
22115,5
22116,5
22117,5
22118,4
22119,5
22120,7
22121,4
22122,4
22123,2
22124,4
22125,7
22126,6
22127,5
22128,6
22129,3
22130,5
22131,4
22132,6
22133,4
22134,4
22135,7
22136,4
22137,5
22138,2
22139,2
22140,2
22141,4
22142,5
22143,3
22144,6
22145,2
22146,5
22147,7
22148,4
22149,6
22150,5
22151,5
22152,5
22153,3
22154,5
22155,5
22156,4
22157,4
22158,5
22159,3
22160,5
22161,1
22162,1
22163,3
22164,5
22165,5
22166,5
22167,6
22168,2
22169,6
22170,6
22171,6
22172,5
22173,7
22174,5
22175,4
22176,7
22177,5
22178,5
22179,5
22180,2
22181,5
22182,4
22183,5
22184,7
22185,6
22186,5
22187,6
22188,4
22189,2
22190,5
22191,5
22192,4
22193,5
22194,6
22195,2
22196,2
22197,2
22198,4
22199,4
22200,7
22201,4
22202,5
22203,5
22204,5
22205,5
22206,5
22207,4
22208,3
22209,4
22210,5
22211,6
22212,5
22213,7
22214,5
22215,3
22216,7
22217,6
22218,3
22219,3
22220,4
22221,6
22222,4
22223,4
22224,5
22225,7
22226,4
22227,3
22228,5
22229,5
22230,5
22231,5
22232,6
22233,6
22234,7
22235,7
22236,4
22237,5
22238,6
22239,6
22240,5
22241,3
22242,5
22243,6
22244,6
22245,1
22246,5
22247,7
22248,6
22249,5
22250,3
22251,2
22252,4
22253,3
22254,5
22255,5
22256,5
22257,2
22258,5
22259,5
22260,5
22261,5
22262,6
22263,7
22264,5
22265,6
22266,5
22267,7
22268,4
22269,5
22270,7
22271,6
22272,5
22273,4
22274,3
22275,6
22276,6
22277,5
22278,5
22279,4
22280,7
22281,5
22282,4
22283,4
22284,3
22285,6
22286,5
22287,4
22288,4
22289,5
22290,6
22291,5
22292,5
22293,3
22294,5
22295,5
22296,5
22297,3
22298,5
22299,4
22300,4
22301,6
22302,6
22303,5
22304,5
22305,1
22306,6
22307,6
22308,3
22309,4
22310,7
22311,7
22312,3
22313,3
22314,6
22315,4
22316,3
22317,1
22318,3
22319,4
22320,6
22321,3
22322,2
22323,5
22324,5
22325,5
22326,5
22327,5
22328,5
22329,4
22330,5
22331,5
22332,2
22333,5
22334,4
22335,7
22336,7
22337,3
22338,4
22339,7
22340,5
22341,6
22342,3
22343,5
22344,5
22345,5
22346,1
22347,4
22348,4
22349,5
22350,4
22351,5
22352,5
22353,5
22354,3
22355,6
22356,3
22357,3
22358,7
22359,7
22360,5
22361,7
22362,6
22363,2
22364,5
22365,7
22366,5
22367,1
22368,4
22369,4
22370,4
22371,4
22372,4
22373,4
22374,6
22375,2
22376,2
22377,6
22378,5
22379,3
22380,6
22381,5
22382,5
22383,7
22384,2
22385,4
22386,5
22387,6
22388,5
22389,5
22390,6
22391,2
22392,4
22393,5
22394,5
22395,5
22396,5
22397,7
22398,5
22399,5
22400,5
22401,5
22402,5
22403,5
22404,3
22405,6
22406,7
22407,5
22408,2
22409,5
22410,4
22411,4
22412,5
22413,5
22414,5
22415,5
22416,5
22417,5
22418,5
22419,5
22420,4
22421,4
22422,4
22423,3
22424,3
22425,5
22426,4
22427,6
22428,4
22429,4
22430,5
22431,4
22432,7
22433,6
22434,5
22435,4
22436,2
22437,5
22438,4
22439,4
22440,6
22441,5
22442,3
22443,7
22444,4
22445,6
22446,5
22447,6
22448,5
22449,6
22450,5
22451,6
22452,1
22453,6
22454,2
22455,7
22456,3
22457,7
22458,6
22459,5
22460,2
22461,3
22462,6
22463,5
22464,5
22465,5
22466,2
22467,7
22468,5
22469,4
22470,6
22471,1
22472,3
22473,2
22474,5
22475,5
22476,5
22477,5
22478,5
22479,5
22480,5
22481,1
22482,1
22483,4
22484,7
22485,6
22486,4
22487,4
22488,5
22489,6
22490,3
22491,4
22492,4
22493,6
22494,3
22495,7
22496,5
22497,3
22498,3
22499,2
22500,3
22501,3
22502,4
22503,7
22504,6
22505,4
22506,6
22507,5
22508,7
22509,5
22510,1
22511,2
22512,5
22513,4
22514,1
22515,5
22516,4
22517,5
22518,5
22519,5
22520,5
22521,7
22522,7
22523,3
22524,5
22525,2
22526,4
22527,5
22528,5
22529,5
22530,5
22531,1
22532,5
22533,5
22534,5
22535,7
22536,2
22537,7
22538,4
22539,5
22540,5
22541,7
22542,3
22543,4
22544,4
22545,2
22546,6
22547,7
22548,5
22549,6
22550,2
22551,4
22552,4
22553,5
22554,5
22555,2
22556,4
22557,5
22558,7
22559,5
22560,2
22561,6
22562,4
22563,2
22564,7
22565,5
22566,7
22567,7
22568,4
22569,3
22570,4
22571,4
22572,4
22573,6
22574,6
22575,7
22576,5
22577,4
22578,5
22579,5
22580,4
22581,4
22582,3
22583,4
22584,3
22585,3
22586,5
22587,6
22588,6
22589,6
22590,5
22591,7
22592,7
22593,5
22594,5
22595,4
22596,6
22597,4
22598,6
22599,5
22600,5
22601,7
22602,6
22603,4
22604,3
22605,4
22606,6
22607,5
22608,6
22609,7
22610,6
22611,2
22612,5
22613,2
22614,6
22615,5
22616,6
22617,5
22618,7
22619,6
22620,3
22621,7
22622,5
22623,7
22624,6
22625,5
22626,5
22627,4
22628,6
22629,6
22630,3
22631,4
22632,5
22633,4
22634,4
22635,4
22636,5
22637,3
22638,4
22639,5
22640,7
22641,6
22642,4
22643,6
22644,5
22645,6
22646,4
22647,5
22648,6
22649,5
22650,5
22651,5
22652,6
22653,3
22654,4
22655,5
22656,3
22657,4
22658,7
22659,4
22660,4
22661,6
22662,6
22663,6
22664,5
22665,6
22666,5
22667,6
22668,6
22669,6
22670,4
22671,4
22672,5
22673,6
22674,4
22675,1
22676,2
22677,6
22678,7
22679,5
22680,4
22681,7
22682,3
22683,6
22684,5
22685,4
22686,7
22687,7
22688,5
22689,5
22690,5
22691,3
22692,1
22693,5
22694,6
22695,4
22696,5
22697,7
22698,7
22699,7
22700,7
22701,5
22702,4
22703,5
22704,4
22705,5
22706,5
22707,7
22708,7
22709,6
22710,5
22711,5
22712,5
22713,5
22714,4
22715,5
22716,6
22717,2
22718,7
22719,5
22720,7
22721,1
22722,6
22723,4
22724,7
22725,3
22726,5
22727,4
22728,4
22729,7
22730,6
22731,5
22732,6
22733,4
22734,7
22735,4
22736,5
22737,6
22738,5
22739,5
22740,2
22741,5
22742,4
22743,5
22744,6
22745,5
22746,4
22747,3
22748,5
22749,4
22750,7
22751,4
22752,3
22753,5
22754,4
22755,7
22756,7
22757,5
22758,6
22759,7
22760,7
22761,4
22762,5
22763,6
22764,7
22765,4
22766,4
22767,7
22768,4
22769,7
22770,5
22771,2
22772,5
22773,5
22774,4
22775,3
22776,6
22777,5
22778,5
22779,3
22780,4
22781,4
22782,4
22783,7
22784,3
22785,4
22786,6
22787,4
22788,5
22789,4
22790,6
22791,4
22792,4
22793,5
22794,4
22795,4
22796,6
22797,6
22798,4
22799,4
22800,6
22801,5
22802,2
22803,5
22804,4
22805,3
22806,4
22807,5
22808,5
22809,6
22810,4
22811,4
22812,7
22813,4
22814,4
22815,2
22816,5
22817,7
22818,5
22819,2
22820,7
22821,6
22822,5
22823,5
22824,5
22825,4
22826,1
22827,1
22828,4
22829,6
22830,5
22831,2
22832,4
22833,5
22834,4
22835,6
22836,6
22837,3
22838,5
22839,5
22840,5
22841,5
22842,5
22843,7
22844,3
22845,5
22846,2
22847,2
22848,5
22849,3
22850,3
22851,3
22852,4
22853,4
22854,4
22855,4
22856,2
22857,7
22858,3
22859,7
22860,7
22861,2
22862,4
22863,6
22864,4
22865,5
22866,5
22867,6
22868,5
22869,5
22870,7
22871,5
22872,5
22873,4
22874,6
22875,4
22876,5
22877,7
22878,6
22879,6
22880,4
22881,5
22882,4
22883,5
22884,5
22885,3
22886,4
22887,4
22888,2
22889,3
22890,6
22891,6
22892,4
22893,4
22894,4
22895,2
22896,4
22897,2
22898,5
22899,4
22900,2
22901,5
22902,6
22903,6
22904,3
22905,6
22906,5
22907,2
22908,4
22909,7
22910,6
22911,6
22912,6
22913,5
22914,3
22915,5
22916,6
22917,4
22918,2
22919,5
22920,3
22921,5
22922,4
22923,7
22924,5
22925,3
22926,5
22927,6
22928,5
22929,6
22930,6
22931,5
22932,5
22933,5
22934,3
22935,5
22936,5
22937,5
22938,5
22939,5
22940,3
22941,7
22942,7
22943,5
22944,5
22945,7
22946,3
22947,5
22948,6
22949,7
22950,2
22951,4
22952,6
22953,5
22954,3
22955,5
22956,6
22957,4
22958,2
22959,5
22960,6
22961,4
22962,7
22963,7
22964,5
22965,4
22966,4
22967,2
22968,3
22969,3
22970,4
22971,5
22972,7
22973,5
22974,6
22975,6
22976,5
22977,4
22978,4
22979,1
22980,5
22981,2
22982,5
22983,4
22984,3
22985,5
22986,7
22987,5
22988,4
22989,4
22990,4
22991,7
22992,3
22993,7
22994,5
22995,6
22996,3
22997,4
22998,5
22999,6
23000,7
23001,4
23002,6
23003,5
23004,3
23005,2
23006,5
23007,6
23008,3
23009,7
23010,4
23011,5
23012,5
23013,7
23014,6
23015,4
23016,5
23017,5
23018,4
23019,4
23020,7
23021,5
23022,6
23023,3
23024,6
23025,6
23026,4
23027,5
23028,7
23029,4
23030,5
23031,5
23032,4
23033,3
23034,5
23035,3
23036,2
23037,5
23038,4
23039,3
23040,5
23041,5
23042,1
23043,4
23044,2
23045,6
23046,5
23047,5
23048,6
23049,5
23050,4
23051,6
23052,5
23053,6
23054,4
23055,4
23056,4
23057,6
23058,5
23059,4
23060,5
23061,6
23062,6
23063,5
23064,4
23065,6
23066,7
23067,6
23068,5
23069,4
23070,3
23071,5
23072,4
23073,7
23074,5
23075,4
23076,5
23077,4
23078,7
23079,4
23080,7
23081,6
23082,4
23083,4
23084,7
23085,2
23086,3
23087,5
23088,4
23089,4
23090,5
23091,4
23092,6
23093,7
23094,6
23095,6
23096,1
23097,4
23098,5
23099,7
23100,5
23101,7
23102,5
23103,3
23104,7
23105,7
23106,4
23107,2
23108,4
23109,5
23110,5
23111,6
23112,2
23113,4
23114,5
23115,4
23116,5
23117,5
23118,4
23119,6
23120,4
23121,4
23122,6
23123,5
23124,4
23125,5
23126,5
23127,3
23128,4
23129,5
23130,6
23131,3
23132,6
23133,3
23134,3
23135,5
23136,5
23137,6
23138,5
23139,3
23140,5
23141,4
23142,4
23143,6
23144,7
23145,3
23146,6
23147,2
23148,5
23149,4
23150,6
23151,5
23152,6
23153,6
23154,2
23155,5
23156,3
23157,7
23158,7
23159,6
23160,5
23161,5
23162,5
23163,2
23164,6
23165,5
23166,5
23167,5
23168,1
23169,3
23170,4
23171,4
23172,5
23173,4
23174,4
23175,4
23176,7
23177,4
23178,5
23179,3
23180,6
23181,2
23182,4
23183,4
23184,4
23185,5
23186,5
23187,5
23188,6
23189,4
23190,3
23191,6
23192,5
23193,5
23194,7
23195,6
23196,6
23197,5
23198,6
23199,5
23200,4
23201,4
23202,4
23203,4
23204,5
23205,5
23206,1
23207,5
23208,6
23209,5
23210,5
23211,7
23212,4
23213,4
23214,3
23215,7
23216,1
23217,5
23218,4
23219,4
23220,2
23221,7
23222,6
23223,1
23224,5
23225,6
23226,7
23227,3
23228,3
23229,6
23230,6
23231,5
23232,5
23233,6
23234,5
23235,5
23236,4
23237,7
23238,5
23239,4
23240,3
23241,7
23242,3
23243,7
23244,4
23245,5
23246,5
23247,7
23248,7
23249,4
23250,3
23251,5
23252,5
23253,4
23254,5
23255,4
23256,5
23257,4
23258,4
23259,6
23260,4
23261,6
23262,6
23263,7
23264,6
23265,5
23266,5
23267,4
23268,6
23269,5
23270,5
23271,5
23272,2
23273,5
23274,6
23275,4
23276,5
23277,7
23278,6
23279,7
23280,5
23281,5
23282,6
23283,4
23284,5
23285,6
23286,5
23287,6
23288,6
23289,5
23290,6
23291,2
23292,5
23293,4
23294,5
23295,6
23296,6
23297,4
23298,4
23299,4
23300,4
23301,4
23302,3
23303,7
23304,2
23305,6
23306,5
23307,5
23308,6
23309,5
23310,5
23311,6
23312,4
23313,3
23314,3
23315,5
23316,4
23317,5
23318,7
23319,4
23320,4
23321,6
23322,7
23323,6
23324,7
23325,5
23326,2
23327,3
23328,6
23329,3
23330,6
23331,5
23332,5
23333,6
23334,6
23335,6
23336,4
23337,4
23338,2
23339,4
23340,4
23341,5
23342,6
23343,2
23344,4
23345,3
23346,2
23347,7
23348,2
23349,5
23350,6
23351,5
23352,3
23353,5
23354,5
23355,4
23356,6
23357,3
23358,7
23359,6
23360,3
23361,5
23362,3
23363,6
23364,3
23365,4
23366,5
23367,6
23368,1
23369,4
23370,5
23371,5
23372,2
23373,5
23374,4
23375,6
23376,6
23377,5
23378,3
23379,5
23380,6
23381,7
23382,5
23383,5
23384,3
23385,5
23386,5
23387,4
23388,5
23389,1
23390,5
23391,5
23392,4
23393,4
23394,7
23395,5
23396,4
23397,2
23398,5
23399,5
23400,6
23401,5
23402,6
23403,4
23404,7
23405,6
23406,7
23407,7
23408,4
23409,6
23410,5
23411,6
23412,4
23413,5
23414,7
23415,3
23416,6
23417,5
23418,7
23419,7
23420,6
23421,3
23422,6
23423,5
23424,7
23425,5
23426,6
23427,6
23428,3
23429,3
23430,5
23431,5
23432,4
23433,4
23434,6
23435,5
23436,5
23437,5
23438,7
23439,5
23440,4
23441,5
23442,3
23443,5
23444,5
23445,4
23446,5
23447,6
23448,6
23449,4
23450,7
23451,1
23452,6
23453,5
23454,7
23455,5
23456,6
23457,7
23458,5
23459,3
23460,5
23461,4
23462,5
23463,5
23464,1
23465,6
23466,3
23467,5
23468,7
23469,3
23470,5
23471,6
23472,5
23473,4
23474,5
23475,5
23476,4
23477,7
23478,5
23479,6
23480,5
23481,7
23482,4
23483,2
23484,5
23485,5
23486,2
23487,5
23488,2
23489,4
23490,4
23491,6
23492,4
23493,6
23494,7
23495,4
23496,4
23497,4
23498,3
23499,5
23500,2
23501,4
23502,5
23503,5
23504,4
23505,4
23506,5
23507,7
23508,3
23509,6
23510,6
23511,5
23512,5
23513,5
23514,7
23515,5
23516,5
23517,6
23518,4
23519,5
23520,5
23521,5
23522,3
23523,7
23524,4
23525,5
23526,4
23527,4
23528,5
23529,7
23530,5
23531,6
23532,5
23533,3
23534,5
23535,5
23536,5
23537,5
23538,7
23539,6
23540,3
23541,2
23542,5
23543,6
23544,5
23545,5
23546,3
23547,5
23548,5
23549,6
23550,3
23551,4
23552,3
23553,6
23554,5
23555,7
23556,6
23557,3
23558,6
23559,7
23560,4
23561,5
23562,2
23563,4
23564,4
23565,4
23566,5
23567,4
23568,4
23569,6
23570,4
23571,5
23572,4
23573,5
23574,5
23575,6
23576,6
23577,5
23578,5
23579,4
23580,7
23581,6
23582,4
23583,5
23584,7
23585,3
23586,6
23587,3
23588,7
23589,4
23590,5
23591,5
23592,6
23593,7
23594,4
23595,5
23596,4
23597,6
23598,4
23599,5
23600,5
23601,3
23602,4
23603,5
23604,5
23605,5
23606,4
23607,1
23608,4
23609,6
23610,7
23611,6
23612,4
23613,3
23614,2
23615,5
23616,3
23617,3
23618,3
23619,4
23620,7
23621,4
23622,4
23623,5
23624,6
23625,7
23626,3
23627,7
23628,4
23629,4
23630,7
23631,5
23632,6
23633,2
23634,7
23635,4
23636,5
23637,5
23638,6
23639,1
23640,5
23641,4
23642,3
23643,7
23644,6
23645,5
23646,4
23647,6
23648,7
23649,5
23650,6
23651,6
23652,4
23653,4
23654,6
23655,5
23656,6
23657,6
23658,4
23659,6
23660,7
23661,5
23662,6
23663,5
23664,5
23665,4
23666,6
23667,7
23668,6
23669,4
23670,5
23671,3
23672,6
23673,6
23674,5
23675,6
23676,5
23677,4
23678,6
23679,5
23680,5
23681,5
23682,6
23683,5
23684,6
23685,5
23686,7
23687,4
23688,4
23689,5
23690,5
23691,5
23692,6
23693,5
23694,3
23695,5
23696,5
23697,5
23698,4
23699,4
23700,1
23701,5
23702,7
23703,5
23704,5
23705,5
23706,5
23707,5
23708,4
23709,7
23710,4
23711,2
23712,7
23713,1
23714,6
23715,6
23716,5
23717,4
23718,5
23719,5
23720,6
23721,7
23722,3
23723,5
23724,6
23725,5
23726,4
23727,6
23728,5
23729,4
23730,5
23731,5
23732,5
23733,6
23734,5
23735,3
23736,7
23737,6
23738,5
23739,6
23740,5
23741,6
23742,6
23743,4
23744,4
23745,4
23746,4
23747,3
23748,4
23749,5
23750,5
23751,4
23752,5
23753,5
23754,4
23755,3
23756,5
23757,4
23758,5
23759,5
23760,5
23761,4
23762,6
23763,6
23764,5
23765,3
23766,6
23767,4
23768,5
23769,4
23770,6
23771,6
23772,5
23773,6
23774,3
23775,5
23776,2
23777,5
23778,5
23779,7
23780,5
23781,4
23782,4
23783,7
23784,6
23785,4
23786,2
23787,5
23788,6
23789,7
23790,5
23791,5
23792,6
23793,3
23794,5
23795,5
23796,6
23797,2
23798,5
23799,5
23800,3
23801,4
23802,5
23803,6
23804,5
23805,6
23806,7
23807,2
23808,5
23809,4
23810,5
23811,5
23812,3
23813,7
23814,3
23815,5
23816,5
23817,6
23818,6
23819,2
23820,6
23821,5
23822,4
23823,5
23824,5
23825,3
23826,5
23827,4
23828,4
23829,3
23830,5
23831,5
23832,7
23833,5
23834,6
23835,4
23836,4
23837,6
23838,5
23839,4
23840,5
23841,5
23842,6
23843,7
23844,6
23845,5
23846,5
23847,4
23848,6
23849,6
23850,2
23851,5
23852,6
23853,5
23854,5
23855,4
23856,5
23857,5
23858,6
23859,5
23860,5
23861,5
23862,6
23863,6
23864,3
23865,4
23866,4
23867,7
23868,3
23869,4
23870,5
23871,4
23872,5
23873,5
23874,4
23875,4
23876,4
23877,5
23878,4
23879,6
23880,5
23881,6
23882,3
23883,7
23884,4
23885,5
23886,6
23887,5
23888,2
23889,5
23890,5
23891,5
23892,4
23893,6
23894,7
23895,7
23896,7
23897,4
23898,4
23899,4
23900,7
23901,5
23902,4
23903,4
23904,6
23905,4
23906,4
23907,4
23908,3
23909,5
23910,5
23911,4
23912,4
23913,4
23914,5
23915,6
23916,5
23917,3
23918,2
23919,6
23920,5
23921,7
23922,3
23923,5
23924,7
23925,4
23926,5
23927,2
23928,6
23929,4
23930,6
23931,4
23932,4
23933,6
23934,3
23935,5
23936,5
23937,7
23938,5
23939,3
23940,5
23941,6
23942,2
23943,4
23944,4
23945,6
23946,5
23947,6
23948,5
23949,4
23950,5
23951,5
23952,3
23953,6
23954,7
23955,5
23956,4
23957,4
23958,6
23959,4
23960,4
23961,7
23962,5
23963,5
23964,5
23965,5
23966,6
23967,5
23968,5
23969,5
23970,5
23971,4
23972,5
23973,5
23974,5
23975,5
23976,4
23977,4
23978,3
23979,6
23980,7
23981,5
23982,5
23983,5
23984,6
23985,5
23986,6
23987,5
23988,6
23989,6
23990,6
23991,3
23992,7
23993,5
23994,5
23995,4
23996,6
23997,3
23998,5
23999,4
24000,6
24001,4
24002,6
24003,5
24004,3
24005,3
24006,7
24007,4
24008,5
24009,6
24010,7
24011,4
24012,2
24013,7
24014,6
24015,6
24016,5
24017,7
24018,2
24019,5
24020,5
24021,7
24022,4
24023,5
24024,4
24025,4
24026,5
24027,3
24028,5
24029,3
24030,4
24031,5
24032,4
24033,5
24034,4
24035,4
24036,6
24037,5
24038,3
24039,4
24040,5
24041,7
24042,7
24043,6
24044,7
24045,6
24046,6
24047,7
24048,7
24049,6
24050,4
24051,3
24052,6
24053,5
24054,5
24055,5
24056,7
24057,2
24058,4
24059,6
24060,4
24061,3
24062,5
24063,6
24064,5
24065,7
24066,7
24067,6
24068,5
24069,6
24070,5
24071,5
24072,5
24073,5
24074,2
24075,5
24076,3
24077,4
24078,7
24079,6
24080,5
24081,5
24082,5
24083,4
24084,5
24085,5
24086,7
24087,2
24088,6
24089,2
24090,5
24091,5
24092,5
24093,5
24094,3
24095,2
24096,2
24097,6
24098,5
24099,5
24100,3
24101,5
24102,4
24103,6
24104,5
24105,4
24106,4
24107,7
24108,5
24109,3
24110,7
24111,6
24112,6
24113,7
24114,6
24115,3
24116,7
24117,5
24118,2
24119,4
24120,5
24121,5
24122,4
24123,4
24124,5
24125,4
24126,7
24127,6
24128,3
24129,4
24130,6
24131,6
24132,4
24133,5
24134,7
24135,6
24136,3
24137,5
24138,3
24139,4
24140,5
24141,3
24142,7
24143,4
24144,5
24145,4
24146,2
24147,4
24148,3
24149,7
24150,5
24151,5
24152,6
24153,2
24154,6
24155,7
24156,3
24157,7
24158,5
24159,6
24160,7
24161,5
24162,3
24163,5
24164,4
24165,6
24166,6
24167,5
24168,2
24169,3
24170,5
24171,3
24172,5
24173,3
24174,6
24175,3
24176,6
24177,4
24178,5
24179,1
24180,3
24181,6
24182,4
24183,5
24184,6
24185,3
24186,5
24187,5
24188,7
24189,4
24190,5
24191,5
24192,5
24193,7
24194,5
24195,3
24196,3
24197,5
24198,4
24199,5
24200,5
24201,4
24202,4
24203,6
24204,6
24205,1
24206,5
24207,6
24208,6
24209,7
24210,5
24211,5
24212,6
24213,4
24214,7
24215,5
24216,5
24217,5
24218,5
24219,3
24220,5
24221,4
24222,3
24223,5
24224,6
24225,1
24226,3
24227,6
24228,1
24229,7
24230,6
24231,3
24232,5
24233,6
24234,4
24235,7
24236,5
24237,5
24238,6
24239,4
24240,4
24241,5
24242,2
24243,6
24244,7
24245,3
24246,7
24247,6
24248,4
24249,5
24250,3
24251,4
24252,5
24253,6
24254,1
24255,1
24256,6
24257,5
24258,5
24259,4
24260,3
24261,6
24262,3
24263,4
24264,3
24265,7
24266,7
24267,5
24268,2
24269,4
24270,4
24271,2
24272,6
24273,3
24274,6
24275,7
24276,7
24277,6
24278,1
24279,5
24280,6
24281,3
24282,4
24283,4
24284,7
24285,4
24286,7
24287,4
24288,4
24289,7
24290,1
24291,4
24292,2
24293,5
24294,4
24295,5
24296,6
24297,5
24298,4
24299,6
24300,4
24301,2
24302,4
24303,3
24304,2
24305,5
24306,2
24307,5
24308,4
24309,6
24310,5
24311,4
24312,5
24313,6
24314,7
24315,5
24316,4
24317,5
24318,5
24319,4
24320,4
24321,2
24322,6
24323,5
24324,5
24325,5
24326,5
24327,5
24328,5
24329,5
24330,4
24331,7
24332,7
24333,6
24334,3
24335,6
24336,6
24337,4
24338,5
24339,6
24340,3
24341,2
24342,6
24343,5
24344,5
24345,5
24346,5
24347,6
24348,5
24349,3
24350,4
24351,7
24352,5
24353,7
24354,4
24355,7
24356,5
24357,6
24358,7
24359,7
24360,3
24361,1
24362,5
24363,7
24364,7
24365,4
24366,4
24367,4
24368,5
24369,7
24370,5
24371,2
24372,4
24373,4
24374,4
24375,7
24376,5
24377,6
24378,5
24379,5
24380,2
24381,6
24382,5
24383,5
24384,4
24385,5
24386,3
24387,6
24388,4
24389,4
24390,6
24391,4
24392,5
24393,7
24394,5
24395,5
24396,3
24397,6
24398,6
24399,5
24400,4
24401,1
24402,7
24403,3
24404,5
24405,4
24406,6
24407,6
24408,5
24409,6
24410,6
24411,4
24412,5
24413,7
24414,3
24415,5
24416,4
24417,5
24418,3
24419,3
24420,3
24421,7
24422,4
24423,4
24424,4
24425,7
24426,7
24427,3
24428,3
24429,5
24430,4
24431,2
24432,3
24433,5
24434,7
24435,2
24436,5
24437,7
24438,5
24439,4
24440,7
24441,6
24442,6
24443,4
24444,5
24445,4
24446,5
24447,6
24448,6
24449,6
24450,4
24451,4
24452,6
24453,3
24454,4
24455,5
24456,7
24457,4
24458,3
24459,5
24460,5
24461,6
24462,5
24463,6
24464,4
24465,7
24466,6
24467,4
24468,7
24469,4
24470,6
24471,6
24472,5
24473,6
24474,6
24475,7
24476,7
24477,5
24478,5
24479,6
24480,2
24481,3
24482,6
24483,4
24484,3
24485,3
24486,3
24487,4
24488,6
24489,7
24490,4
24491,5
24492,5
24493,7
24494,4
24495,6
24496,5
24497,7
24498,6
24499,1
24500,4
24501,5
24502,7
24503,5
24504,7
24505,6
24506,4
24507,4
24508,2
24509,5
24510,5
24511,5
24512,7
24513,5
24514,5
24515,2
24516,7
24517,5
24518,6
24519,4
24520,2
24521,4
24522,5
24523,6
24524,6
24525,7
24526,3
24527,5
24528,4
24529,5
24530,5
24531,3
24532,7
24533,4
24534,5
24535,4
24536,5
24537,6
24538,5
24539,6
24540,2
24541,7
24542,3
24543,5
24544,3
24545,6
24546,3
24547,3
24548,5
24549,5
24550,5
24551,6
24552,5
24553,4
24554,5
24555,6
24556,5
24557,3
24558,5
24559,6
24560,2
24561,7
24562,4
24563,3
24564,7
24565,4
24566,3
24567,5
24568,4
24569,5
24570,6
24571,7
24572,6
24573,6
24574,5
24575,5
24576,6
24577,4
24578,4
24579,4
24580,5
24581,5
24582,5
24583,7
24584,2
24585,6
24586,3
24587,5
24588,6
24589,4
24590,7
24591,5
24592,4
24593,5
24594,5
24595,5
24596,4
24597,6
24598,4
24599,3
24600,4
24601,6
24602,5
24603,6
24604,3
24605,4
24606,4
24607,7
24608,3
24609,5
24610,7
24611,6
24612,5
24613,5
24614,6
24615,5
24616,2
24617,2
24618,5
24619,5
24620,5
24621,1
24622,6
24623,4
24624,7
24625,5
24626,3
24627,7
24628,5
24629,4
24630,6
24631,5
24632,7
24633,1
24634,5
24635,2
24636,3
24637,6
24638,5
24639,4
24640,5
24641,5
24642,5
24643,5
24644,3
24645,1
24646,7
24647,4
24648,7
24649,3
24650,4
24651,7
24652,6
24653,5
24654,6
24655,5
24656,6
24657,6
24658,1
24659,5
24660,5
24661,4
24662,7
24663,5
24664,7
24665,7
24666,5
24667,5
24668,4
24669,5
24670,3
24671,7
24672,5
24673,5
24674,6
24675,7
24676,4
24677,3
24678,4
24679,5
24680,5
24681,1
24682,5
24683,4
24684,3
24685,6
24686,3
24687,6
24688,5
24689,5
24690,4
24691,5
24692,4
24693,5
24694,5
24695,4
24696,2
24697,6
24698,3
24699,6
24700,3
24701,6
24702,6
24703,4
24704,7
24705,5
24706,6
24707,5
24708,6
24709,4
24710,7
24711,3
24712,6
24713,5
24714,5
24715,6
24716,6
24717,5
24718,5
24719,5
24720,1
24721,5
24722,4
24723,6
24724,5
24725,4
24726,5
24727,2
24728,6
24729,4
24730,5
24731,6
24732,5
24733,6
24734,6
24735,5
24736,3
24737,5
24738,6
24739,5
24740,5
24741,4
24742,7
24743,4
24744,4
24745,3
24746,5
24747,7
24748,5
24749,5
24750,5
24751,4
24752,5
24753,4
24754,1
24755,4
24756,5
24757,5
24758,4
24759,6
24760,3
24761,5
24762,6
24763,6
24764,6
24765,3
24766,5
24767,5
24768,4
24769,6
24770,5
24771,4
24772,4
24773,4
24774,4
24775,5
24776,6
24777,5
24778,7
24779,5
24780,6
24781,5
24782,7
24783,7
24784,3
24785,5
24786,5
24787,7
24788,2
24789,3
24790,6
24791,5
24792,4
24793,5
24794,6
24795,5
24796,5
24797,5
24798,6
24799,4
24800,5
24801,7
24802,6
24803,5
24804,4
24805,5
24806,6
24807,4
24808,5
24809,6
24810,4
24811,4
24812,7
24813,6
24814,6
24815,5
24816,6
24817,7
24818,4
24819,6
24820,4
24821,5
24822,5
24823,6
24824,7
24825,2
24826,3
24827,4
24828,5
24829,5
24830,2
24831,3
24832,5
24833,5
24834,5
24835,2
24836,3
24837,5
24838,6
24839,6
24840,3
24841,7
24842,5
24843,6
24844,5
24845,5
24846,4
24847,5
24848,7
24849,6
24850,7
24851,5
24852,7
24853,7
24854,4
24855,5
24856,4
24857,6
24858,1
24859,6
24860,5
24861,6
24862,5
24863,7
24864,6
24865,5
24866,5
24867,4
24868,7
24869,6
24870,5
24871,3
24872,7
24873,5
24874,3
24875,5
24876,3
24877,4
24878,3
24879,5
24880,7
24881,6
24882,5
24883,4
24884,6
24885,3
24886,7
24887,6
24888,6
24889,3
24890,4
24891,5
24892,5
24893,6
24894,5
24895,2
24896,4
24897,6
24898,5
24899,6
24900,5
24901,6
24902,5
24903,4
24904,4
24905,3
24906,7
24907,2
24908,5
24909,4
24910,6
24911,4
24912,4
24913,4
24914,4
24915,4
24916,5
24917,4
24918,4
24919,5
24920,6
24921,2
24922,6
24923,6
24924,5
24925,2
24926,4
24927,5
24928,2
24929,4
24930,5
24931,4
24932,6
24933,7
24934,5
24935,5
24936,1
24937,5
24938,7
24939,6
24940,3
24941,1
24942,3
24943,7
24944,6
24945,6
24946,5
24947,5
24948,6
24949,1
24950,5
24951,4
24952,6
24953,3
24954,4
24955,6
24956,6
24957,5
24958,6
24959,6
24960,4
24961,4
24962,5
24963,7
24964,5
24965,6
24966,3
24967,6
24968,3
24969,6
24970,6
24971,5
24972,5
24973,4
24974,2
24975,4
24976,7
24977,6
24978,3
24979,6
24980,4
24981,5
24982,2
24983,5
24984,5
24985,6
24986,2
24987,5
24988,4
24989,3
24990,6
24991,5
24992,5
24993,5
24994,6
24995,7
24996,2
24997,6
24998,1
24999,3
25000,5
25001,4
25002,5
25003,5
25004,6
25005,5
25006,5
25007,5
25008,6
25009,5
25010,4
25011,6
25012,7
25013,2
25014,3
25015,6
25016,7
25017,5
25018,4
25019,5
25020,4
25021,7
25022,4
25023,4
25024,1
25025,7
25026,6
25027,7
25028,3
25029,6
25030,4
25031,3
25032,4
25033,4
25034,5
25035,3
25036,5
25037,4
25038,5
25039,7
25040,5
25041,7
25042,5
25043,1
25044,4
25045,5
25046,5
25047,5
25048,7
25049,2
25050,6
25051,6
25052,6
25053,7
25054,7
25055,2
25056,7
25057,6
25058,5
25059,4
25060,3
25061,4
25062,6
25063,6
25064,5
25065,7
25066,7
25067,5
25068,5
25069,3
25070,4
25071,6
25072,2
25073,5
25074,7
25075,4
25076,3
25077,6
25078,4
25079,5
25080,4
25081,3
25082,5
25083,6
25084,4
25085,4
25086,7
25087,5
25088,5
25089,6
25090,4
25091,5
25092,7
25093,4
25094,6
25095,6
25096,3
25097,7
25098,3
25099,5
25100,5
25101,6
25102,5
25103,4
25104,7
25105,3
25106,5
25107,3
25108,7
25109,5
25110,4
25111,7
25112,3
25113,7
25114,3
25115,5
25116,3
25117,3
25118,7
25119,4
25120,4
25121,4
25122,4
25123,4
25124,6
25125,2
25126,5
25127,1
25128,6
25129,7
25130,5
25131,1
25132,7
25133,7
25134,4
25135,6
25136,5
25137,4
25138,5
25139,5
25140,6
25141,5
25142,2
25143,3
25144,2
25145,3
25146,5
25147,4
25148,4
25149,4
25150,5
25151,6
25152,7
25153,6
25154,7
25155,2
25156,7
25157,5
25158,2
25159,6
25160,7
25161,5
25162,4
25163,6
25164,2
25165,7
25166,4
25167,6
25168,6
25169,2
25170,7
25171,2
25172,4
25173,7
25174,6
25175,7
25176,6
25177,7
25178,4
25179,6
25180,4
25181,7
25182,6
25183,5
25184,6
25185,6
25186,6
25187,5
25188,4
25189,5
25190,5
25191,4
25192,7
25193,3
25194,5
25195,4
25196,5
25197,5
25198,5
25199,7
25200,7
25201,5
25202,5
25203,6
25204,5
25205,7
25206,3
25207,6
25208,4
25209,7
25210,6
25211,7
25212,7
25213,7
25214,6
25215,5
25216,7
25217,5
25218,2
25219,3
25220,4
25221,3
25222,4
25223,3
25224,6
25225,7
25226,7
25227,5
25228,6
25229,5
25230,7
25231,5
25232,4
25233,5
25234,7
25235,2
25236,3
25237,6
25238,6
25239,4
25240,3
25241,4
25242,5
25243,3
25244,5
25245,7
25246,4
25247,6
25248,3
25249,3
25250,5
25251,6
25252,5
25253,5
25254,7
25255,4
25256,2
25257,7
25258,6
25259,3
25260,6
25261,3
25262,6
25263,7
25264,7
25265,5
25266,5
25267,7
25268,3
25269,5
25270,2
25271,2
25272,4
25273,7
25274,5
25275,5
25276,6
25277,3
25278,4
25279,5
25280,2
25281,5
25282,3
25283,6
25284,5
25285,7
25286,7
25287,5
25288,2
25289,5
25290,6
25291,6
25292,5
25293,5
25294,7
25295,7
25296,6
25297,5
25298,5
25299,5
25300,5
25301,5
25302,4
25303,5
25304,3
25305,3
25306,3
25307,7
25308,3
25309,5
25310,5
25311,6
25312,6
25313,7
25314,7
25315,5
25316,4
25317,5
25318,6
25319,5
25320,6
25321,1
25322,6
25323,6
25324,3
25325,4
25326,5
25327,5
25328,4
25329,5
25330,6
25331,5
25332,5
25333,7
25334,4
25335,5
25336,7
25337,6
25338,4
25339,6
25340,5
25341,4
25342,4
25343,5
25344,6
25345,5
25346,5
25347,6
25348,6
25349,4
25350,3
25351,7
25352,6
25353,2
25354,3
25355,7
25356,4
25357,3
25358,7
25359,3
25360,5
25361,3
25362,4
25363,7
25364,6
25365,4
25366,7
25367,6
25368,5
25369,6
25370,6
25371,4
25372,7
25373,4
25374,5
25375,3
25376,7
25377,2
25378,7
25379,5
25380,6
25381,4
25382,5
25383,4
25384,3
25385,6
25386,4
25387,5
25388,4
25389,5
25390,5
25391,5
25392,6
25393,4
25394,6
25395,6
25396,1
25397,4
25398,7
25399,5
25400,7
25401,6
25402,4
25403,7
25404,4
25405,5
25406,2
25407,6
25408,5
25409,5
25410,7
25411,6
25412,7
25413,3
25414,5
25415,3
25416,7
25417,6
25418,5
25419,5
25420,6
25421,4
25422,6
25423,5
25424,7
25425,6
25426,6
25427,6
25428,7
25429,5
25430,6
25431,3
25432,5
25433,7
25434,6
25435,5
25436,4
25437,5
25438,6
25439,5
25440,6
25441,6
25442,5
25443,5
25444,5
25445,5
25446,5
25447,4
25448,6
25449,4
25450,4
25451,4
25452,4
25453,5
25454,2
25455,1
25456,4
25457,3
25458,6
25459,4
25460,3
25461,5
25462,3
25463,7
25464,7
25465,5
25466,3
25467,6
25468,6
25469,4
25470,5
25471,5
25472,5
25473,6
25474,4
25475,4
25476,5
25477,7
25478,6
25479,5
25480,3
25481,6
25482,4
25483,5
25484,7
25485,6
25486,5
25487,3
25488,5
25489,4
25490,3
25491,5
25492,5
25493,3
25494,6
25495,6
25496,4
25497,6
25498,6
25499,6
25500,6
25501,5
25502,5
25503,3
25504,3
25505,5
25506,4
25507,4
25508,5
25509,7
25510,5
25511,5
25512,7
25513,2
25514,2
25515,2
25516,7
25517,5
25518,3
25519,5
25520,5
25521,2
25522,4
25523,3
25524,5
25525,6
25526,4
25527,6
25528,3
25529,3
25530,5
25531,4
25532,5
25533,6
25534,4
25535,2
25536,5
25537,5
25538,4
25539,4
25540,6
25541,3
25542,6
25543,5
25544,6
25545,6
25546,3
25547,5
25548,7
25549,4
25550,1
25551,5
25552,5
25553,4
25554,5
25555,2
25556,4
25557,5
25558,5
25559,4
25560,4
25561,5
25562,7
25563,7
25564,2
25565,6
25566,6
25567,5
25568,7
25569,2
25570,7
25571,5
25572,3
25573,5
25574,4
25575,4
25576,4
25577,5
25578,5
25579,6
25580,4
25581,5
25582,4
25583,3
25584,3
25585,6
25586,5
25587,4
25588,6
25589,4
25590,5
25591,5
25592,5
25593,6
25594,4
25595,5
25596,3
25597,5
25598,5
25599,1
25600,5
25601,5
25602,4
25603,6
25604,4
25605,4
25606,5
25607,4
25608,4
25609,4
25610,6
25611,7
25612,6
25613,5
25614,5
25615,6
25616,2
25617,5
25618,4
25619,5
25620,5
25621,5
25622,5
25623,4
25624,6
25625,6
25626,5
25627,6
25628,4
25629,4
25630,5
25631,5
25632,6
25633,4
25634,6
25635,6
25636,2
25637,7
25638,2
25639,4
25640,6
25641,5
25642,6
25643,6
25644,6
25645,5
25646,7
25647,5
25648,5
25649,3
25650,6
25651,1
25652,3
25653,5
25654,5
25655,4
25656,3
25657,5
25658,5
25659,6
25660,5
25661,3
25662,5
25663,6
25664,3
25665,5
25666,1
25667,5
25668,4
25669,7
25670,7
25671,5
25672,5
25673,6
25674,4
25675,4
25676,3
25677,5
25678,5
25679,4
25680,7
25681,6
25682,7
25683,4
25684,5
25685,4
25686,2
25687,4
25688,7
25689,5
25690,5
25691,4
25692,5
25693,6
25694,1
25695,4
25696,7
25697,4
25698,1
25699,3
25700,5
25701,6
25702,5
25703,5
25704,4
25705,4
25706,7
25707,6
25708,2
25709,6
25710,6
25711,4
25712,4
25713,6
25714,4
25715,3
25716,5
25717,5
25718,5
25719,6
25720,4
25721,4
25722,5
25723,6
25724,5
25725,5
25726,5
25727,6
25728,5
25729,5
25730,7
25731,5
25732,6
25733,6
25734,6
25735,7
25736,5
25737,5
25738,4
25739,3
25740,4
25741,6
25742,7
25743,6
25744,4
25745,5
25746,5
25747,4
25748,6
25749,6
25750,4
25751,6
25752,7
25753,5
25754,5
25755,5
25756,4
25757,5
25758,7
25759,4
25760,5
25761,3
25762,7
25763,5
25764,4
25765,5
25766,5
25767,7
25768,3
25769,4
25770,5
25771,5
25772,5
25773,5
25774,5
25775,5
25776,1
25777,6
25778,5
25779,4
25780,4
25781,4
25782,6
25783,5
25784,6
25785,5
25786,7
25787,7
25788,5
25789,6
25790,3
25791,7
25792,5
25793,7
25794,4
25795,4
25796,5
25797,5
25798,3
25799,5
25800,5
25801,5
25802,6
25803,7
25804,7
25805,4
25806,4
25807,6
25808,5
25809,6
25810,5
25811,5
25812,5
25813,5
25814,5
25815,6
25816,7
25817,3
25818,7
25819,5
25820,5
25821,4
25822,6
25823,3
25824,4
25825,5
25826,4
25827,4
25828,3
25829,4
25830,6
25831,4
25832,6
25833,5
25834,1
25835,6
25836,6
25837,5
25838,4
25839,1
25840,4
25841,3
25842,5
25843,5
25844,4
25845,6
25846,7
25847,6
25848,7
25849,6
25850,7
25851,3
25852,4
25853,6
25854,4
25855,6
25856,4
25857,6
25858,5
25859,4
25860,6
25861,5
25862,5
25863,5
25864,6
25865,2
25866,4
25867,4
25868,7
25869,5
25870,5
25871,5
25872,5
25873,7
25874,6
25875,6
25876,3
25877,5
25878,6
25879,5
25880,1
25881,5
25882,7
25883,6
25884,2
25885,5
25886,6
25887,7
25888,7
25889,7
25890,6
25891,6
25892,6
25893,4
25894,6
25895,4
25896,6
25897,5
25898,6
25899,5
25900,6
25901,6
25902,5
25903,5
25904,3
25905,4
25906,5
25907,6
25908,6
25909,6
25910,6
25911,2
25912,7
25913,7
25914,2
25915,6
25916,7
25917,1
25918,5
25919,2
25920,3
25921,1
25922,5
25923,4
25924,6
25925,4
25926,3
25927,6
25928,4
25929,4
25930,7
25931,5
25932,5
25933,3
25934,5
25935,4
25936,4
25937,4
25938,5
25939,5
25940,7
25941,6
25942,4
25943,5
25944,3
25945,4
25946,5
25947,5
25948,7
25949,7
25950,3
25951,2
25952,3
25953,4
25954,6
25955,5
25956,5
25957,6
25958,7
25959,4
25960,4
25961,6
25962,4
25963,2
25964,7
25965,7
25966,5
25967,2
25968,5
25969,4
25970,7
25971,4
25972,5
25973,7
25974,5
25975,5
25976,5
25977,6
25978,7
25979,2
25980,6
25981,5
25982,3
25983,6
25984,5
25985,7
25986,3
25987,6
25988,3
25989,5
25990,6
25991,5
25992,6
25993,2
25994,4
25995,7
25996,7
25997,6
25998,4
25999,4
26000,5
26001,6
26002,3
26003,5
26004,4
26005,3
26006,3
26007,6
26008,7
26009,7
26010,4
26011,7
26012,6
26013,4
26014,5
26015,5
26016,5
26017,6
26018,5
26019,7
26020,4
26021,4
26022,2
26023,5
26024,6
26025,5
26026,4
26027,2
26028,4
26029,2
26030,5
26031,4
26032,6
26033,6
26034,6
26035,6
26036,4
26037,5
26038,5
26039,6
26040,5
26041,5
26042,4
26043,4
26044,7
26045,4
26046,6
26047,2
26048,7
26049,5
26050,5
26051,3
26052,4
26053,7
26054,5
26055,5
26056,6
26057,6
26058,4
26059,7
26060,3
26061,2
26062,5
26063,4
26064,5
26065,5
26066,2
26067,6
26068,7
26069,4
26070,5
26071,3
26072,5
26073,4
26074,5
26075,5
26076,2
26077,4
26078,3
26079,6
26080,6
26081,5
26082,7
26083,3
26084,3
26085,3
26086,5
26087,3
26088,7
26089,5
26090,6
26091,6
26092,5
26093,5
26094,6
26095,5
26096,2
26097,5
26098,5
26099,7
26100,4
26101,4
26102,5
26103,5
26104,7
26105,5
26106,5
26107,3
26108,6
26109,4
26110,4
26111,6
26112,3
26113,7
26114,6
26115,4
26116,7
26117,3
26118,7
26119,7
26120,4
26121,3
26122,1
26123,6
26124,7
26125,4
26126,5
26127,7
26128,3
26129,4
26130,5
26131,6
26132,1
26133,3
26134,2
26135,5
26136,5
26137,5
26138,6
26139,5
26140,7
26141,3
26142,4
26143,7
26144,5
26145,5
26146,6
26147,6
26148,3
26149,6
26150,5
26151,7
26152,5
26153,6
26154,7
26155,4
26156,4
26157,2
26158,6
26159,2
26160,3
26161,5
26162,4
26163,7
26164,3
26165,7
26166,6
26167,6
26168,3
26169,4
26170,2
26171,7
26172,7
26173,7
26174,4
26175,6
26176,4
26177,7
26178,4
26179,6
26180,6
26181,6
26182,6
26183,3
26184,5
26185,4
26186,6
26187,5
26188,4
26189,6
26190,5
26191,4
26192,6
26193,4
26194,4
26195,4
26196,5
26197,4
26198,7
26199,4
26200,1
26201,3
26202,5
26203,6
26204,5
26205,5
26206,6
26207,7
26208,3
26209,6
26210,5
26211,5
26212,5
26213,4
26214,5
26215,7
26216,4
26217,4
26218,7
26219,3
26220,5
26221,3
26222,5
26223,4
26224,5
26225,6
26226,4
26227,6
26228,5
26229,7
26230,3
26231,4
26232,2
26233,6
26234,3
26235,5
26236,3
26237,3
26238,6
26239,3
26240,2
26241,4
26242,7
26243,6
26244,6
26245,6
26246,5
26247,6
26248,6
26249,6
26250,6
26251,7
26252,1
26253,7
26254,5
26255,6
26256,5
26257,4
26258,3
26259,3
26260,7
26261,3
26262,3
26263,4
26264,5
26265,5
26266,4
26267,5
26268,5
26269,4
26270,6
26271,6
26272,5
26273,5
26274,5
26275,7
26276,4
26277,6
26278,4
26279,1
26280,5
26281,3
26282,3
26283,6
26284,6
26285,3
26286,4
26287,3
26288,3
26289,5
26290,5
26291,7
26292,4
26293,6
26294,5
26295,6
26296,4
26297,5
26298,4
26299,5
26300,7
26301,4
26302,4
26303,5
26304,6
26305,2
26306,5
26307,1
26308,5
26309,4
26310,6
26311,6
26312,6
26313,3
26314,6
26315,3
26316,5
26317,5
26318,5
26319,7
26320,4
26321,4
26322,4
26323,4
26324,3
26325,5
26326,4
26327,6
26328,7
26329,6
26330,5
26331,6
26332,4
26333,6
26334,5
26335,5
26336,5
26337,7
26338,5
26339,4
26340,3
26341,5
26342,3
26343,6
26344,5
26345,5
26346,3
26347,7
26348,6
26349,2
26350,5
26351,1
26352,7
26353,5
26354,4
26355,4
26356,5
26357,3
26358,5
26359,4
26360,6
26361,6
26362,4
26363,6
26364,6
26365,7
26366,2
26367,5
26368,6
26369,2
26370,3
26371,1
26372,2
26373,3
26374,6
26375,6
26376,4
26377,4
26378,3
26379,7
26380,6
26381,4
26382,6
26383,4
26384,5
26385,5
26386,6
26387,6
26388,6
26389,5
26390,6
26391,5
26392,5
26393,2
26394,5
26395,7
26396,4
26397,4
26398,3
26399,6
26400,3
26401,5
26402,7
26403,1
26404,5
26405,5
26406,6
26407,6
26408,3
26409,5
26410,5
26411,5
26412,6
26413,5
26414,4
26415,4
26416,3
26417,6
26418,4
26419,5
26420,4
26421,3
26422,3
26423,5
26424,3
26425,6
26426,3
26427,3
26428,6
26429,7
26430,3
26431,3
26432,3
26433,4
26434,1
26435,3
26436,6
26437,6
26438,5
26439,4
26440,6
26441,7
26442,7
26443,4
26444,5
26445,4
26446,1
26447,5
26448,6
26449,2
26450,5
26451,6
26452,5
26453,5
26454,5
26455,4
26456,4
26457,6
26458,5
26459,3
26460,7
26461,7
26462,3
26463,7
26464,4
26465,4
26466,6
26467,3
26468,1
26469,7
26470,7
26471,2
26472,3
26473,7
26474,5
26475,5
26476,1
26477,4
26478,6
26479,6
26480,4
26481,6
26482,2
26483,6
26484,6
26485,7
26486,5
26487,5
26488,5
26489,5
26490,4
26491,6
26492,4
26493,4
26494,2
26495,5
26496,6
26497,2
26498,4
26499,4
26500,5
26501,4
26502,5
26503,4
26504,6
26505,3
26506,7
26507,3
26508,5
26509,4
26510,4
26511,5
26512,6
26513,7
26514,7
26515,7
26516,5
26517,5
26518,5
26519,7
26520,4
26521,4
26522,7
26523,4
26524,4
26525,4
26526,7
26527,3
26528,5
26529,2
26530,6
26531,7
26532,5
26533,5
26534,4
26535,5
26536,3
26537,6
26538,5
26539,4
26540,4
26541,5
26542,3
26543,6
26544,5
26545,6
26546,3
26547,3
26548,6
26549,6
26550,5
26551,5
26552,5
26553,2
26554,6
26555,6
26556,5
26557,3
26558,3
26559,4
26560,7
26561,3
26562,5
26563,5
26564,6
26565,4
26566,5
26567,5
26568,6
26569,6
26570,6
26571,5
26572,7
26573,7
26574,5
26575,4
26576,7
26577,5
26578,7
26579,5
26580,3
26581,4
26582,5
26583,7
26584,4
26585,4
26586,5
26587,6
26588,6
26589,5
26590,4
26591,4
26592,5
26593,6
26594,6
26595,7
26596,6
26597,6
26598,7
26599,6
26600,3
26601,5
26602,6
26603,7
26604,5
26605,6
26606,6
26607,4
26608,5
26609,3
26610,3
26611,5
26612,6
26613,5
26614,7
26615,4
26616,3
26617,3
26618,5
26619,5
26620,5
26621,7
26622,5
26623,4
26624,2
26625,6
26626,7
26627,4
26628,5
26629,5
26630,3
26631,2
26632,5
26633,6
26634,7
26635,3
26636,5
26637,6
26638,1
26639,7
26640,5
26641,4
26642,5
26643,3
26644,5
26645,5
26646,7
26647,7
26648,5
26649,5
26650,6
26651,5
26652,6
26653,5
26654,4
26655,6
26656,3
26657,7
26658,6
26659,3
26660,5
26661,3
26662,7
26663,5
26664,4
26665,4
26666,7
26667,5
26668,6
26669,5
26670,7
26671,6
26672,5
26673,7
26674,3
26675,5
26676,6
26677,5
26678,6
26679,5
26680,5
26681,2
26682,6
26683,3
26684,6
26685,4
26686,2
26687,6
26688,5
26689,7
26690,3
26691,5
26692,6
26693,4
26694,6
26695,3
26696,4
26697,4
26698,4
26699,5
26700,5
26701,4
26702,6
26703,5
26704,3
26705,5
26706,3
26707,7
26708,5
26709,4
26710,4
26711,5
26712,4
26713,7
26714,5
26715,6
26716,5
26717,4
26718,5
26719,5
26720,7
26721,5
26722,2
26723,5
26724,5
26725,4
26726,3
26727,6
26728,7
26729,7
26730,4
26731,5
26732,6
26733,7
26734,4
26735,4
26736,4
26737,5
26738,5
26739,3
26740,1
26741,6
26742,7
26743,3
26744,4
26745,7
26746,6
26747,5
26748,5
26749,1
26750,4
26751,4
26752,5
26753,4
26754,7
26755,7
26756,6
26757,3
26758,5
26759,4
26760,7
26761,3
26762,7
26763,4
26764,6
26765,7
26766,4
26767,7
26768,6
26769,4
26770,6
26771,3
26772,5
26773,6
26774,5
26775,6
26776,5
26777,3
26778,3
26779,6
26780,4
26781,4
26782,3
26783,6
26784,5
26785,6
26786,2
26787,5
26788,7
26789,5
26790,5
26791,4
26792,5
26793,3
26794,5
26795,5
26796,5
26797,5
26798,3
26799,7
26800,4
26801,6
26802,5
26803,5
26804,5
26805,5
26806,4
26807,5
26808,5
26809,6
26810,4
26811,7
26812,5
26813,3
26814,5
26815,6
26816,4
26817,5
26818,3
26819,7
26820,3
26821,3
26822,5
26823,5
26824,7
26825,3
26826,7
26827,4
26828,3
26829,2
26830,2
26831,4
26832,4
26833,6
26834,2
26835,7
26836,5
26837,4
26838,7
26839,5
26840,4
26841,1
26842,6
26843,4
26844,6
26845,5
26846,5
26847,5
26848,7
26849,5
26850,5
26851,1
26852,5
26853,5
26854,4
26855,5
26856,6
26857,5
26858,5
26859,4
26860,4
26861,5
26862,3
26863,6
26864,3
26865,7
26866,4
26867,7
26868,4
26869,6
26870,5
26871,5
26872,5
26873,2
26874,2
26875,7
26876,5
26877,6
26878,4
26879,6
26880,6
26881,5
26882,6
26883,6
26884,4
26885,5
26886,3
26887,7
26888,2
26889,6
26890,7
26891,7
26892,3
26893,2
26894,7
26895,3
26896,4
26897,1
26898,5
26899,2
26900,5
26901,6
26902,5
26903,7
26904,7
26905,5
26906,7
26907,6
26908,6
26909,7
26910,6
26911,2
26912,6
26913,6
26914,7
26915,7
26916,5
26917,7
26918,3
26919,3
26920,4
26921,4
26922,5
26923,5
26924,7
26925,7
26926,7
26927,5
26928,5
26929,4
26930,4
26931,6
26932,7
26933,7
26934,3
26935,3
26936,7
26937,6
26938,4
26939,7
26940,7
26941,5
26942,4
26943,7
26944,3
26945,7
26946,4
26947,5
26948,3
26949,5
26950,7
26951,7
26952,3
26953,1
26954,5
26955,6
26956,7
26957,4
26958,6
26959,4
26960,4
26961,6
26962,6
26963,7
26964,5
26965,2
26966,3
26967,5
26968,5
26969,5
26970,6
26971,5
26972,5
26973,5
26974,5
26975,4
26976,4
26977,4
26978,6
26979,1
26980,7
26981,5
26982,3
26983,5
26984,5
26985,4
26986,3
26987,5
26988,5
26989,4
26990,6
26991,4
26992,3
26993,5
26994,5
26995,5
26996,6
26997,4
26998,5
26999,6
27000,4
27001,5
27002,3
27003,4
27004,4
27005,4
27006,5
27007,4
27008,6
27009,4
27010,7
27011,4
27012,6
27013,4
27014,5
27015,4
27016,4
27017,7
27018,5
27019,4
27020,5
27021,7
27022,2
27023,4
27024,6
27025,4
27026,3
27027,7
27028,3
27029,2
27030,4
27031,5
27032,6
27033,3
27034,4
27035,2
27036,4
27037,5
27038,7
27039,3
27040,7
27041,3
27042,7
27043,5
27044,6
27045,5
27046,3
27047,2
27048,5
27049,1
27050,4
27051,6
27052,7
27053,6
27054,6
27055,5
27056,4
27057,5
27058,3
27059,5
27060,4
27061,4
27062,6
27063,1
27064,6
27065,7
27066,4
27067,5
27068,4
27069,5
27070,5
27071,5
27072,4
27073,7
27074,5
27075,4
27076,5
27077,7
27078,4
27079,6
27080,2
27081,2
27082,5
27083,7
27084,4
27085,6
27086,6
27087,2
27088,5
27089,4
27090,3
27091,6
27092,3
27093,3
27094,6
27095,5
27096,5
27097,5
27098,6
27099,5
27100,5
27101,6
27102,7
27103,7
27104,6
27105,6
27106,5
27107,5
27108,6
27109,6
27110,4
27111,4
27112,7
27113,5
27114,6
27115,4
27116,5
27117,5
27118,1
27119,2
27120,7
27121,6
27122,7
27123,6
27124,5
27125,5
27126,5
27127,5
27128,5
27129,4
27130,3
27131,6
27132,3
27133,6
27134,5
27135,6
27136,4
27137,6
27138,6
27139,5
27140,4
27141,1
27142,6
27143,7
27144,3
27145,3
27146,5
27147,4
27148,6
27149,6
27150,7
27151,4
27152,5
27153,5
27154,3
27155,4
27156,5
27157,6
27158,3
27159,3
27160,3
27161,5
27162,6
27163,5
27164,5
27165,4
27166,5
27167,6
27168,3
27169,5
27170,5
27171,5
27172,6
27173,5
27174,5
27175,3
27176,5
27177,5
27178,3
27179,3
27180,5
27181,5
27182,4
27183,2
27184,7
27185,5
27186,4
27187,7
27188,5
27189,7
27190,7
27191,5
27192,4
27193,4
27194,3
27195,5
27196,3
27197,3
27198,3
27199,5
27200,3
27201,7
27202,3
27203,5
27204,5
27205,3
27206,3
27207,3
27208,4
27209,3
27210,5
27211,5
27212,5
27213,7
27214,3
27215,7
27216,5
27217,5
27218,5
27219,6
27220,5
27221,3
27222,7
27223,5
27224,4
27225,6
27226,4
27227,5
27228,3
27229,4
27230,7
27231,2
27232,3
27233,5
27234,5
27235,2
27236,5
27237,5
27238,4
27239,3
27240,2
27241,5
27242,3
27243,6
27244,6
27245,6
27246,6
27247,5
27248,3
27249,7
27250,2
27251,4
27252,5
27253,3
27254,6
27255,5
27256,6
27257,3
27258,6
27259,5
27260,5
27261,3
27262,5
27263,7
27264,4
27265,5
27266,6
27267,7
27268,4
27269,7
27270,3
27271,2
27272,4
27273,4
27274,7
27275,7
27276,2
27277,3
27278,7
27279,3
27280,4
27281,5
27282,6
27283,3
27284,5
27285,5
27286,5
27287,4
27288,5
27289,5
27290,5
27291,4
27292,5
27293,5
27294,6
27295,6
27296,4
27297,7
27298,5
27299,5
27300,5
27301,7
27302,5
27303,5
27304,5
27305,4
27306,7
27307,4
27308,5
27309,4
27310,5
27311,3
27312,4
27313,6
27314,5
27315,6
27316,5
27317,4
27318,4
27319,7
27320,6
27321,5
27322,4
27323,6
27324,5
27325,4
27326,5
27327,4
27328,4
27329,4
27330,6
27331,7
27332,3
27333,4
27334,4
27335,3
27336,3
27337,2
27338,5
27339,5
27340,3
27341,3
27342,5
27343,7
27344,5
27345,3
27346,7
27347,3
27348,4
27349,5
27350,3
27351,4
27352,2
27353,5
27354,5
27355,4
27356,5
27357,6
27358,5
27359,5
27360,7
27361,7
27362,4
27363,4
27364,5
27365,5
27366,4
27367,5
27368,7
27369,4
27370,5
27371,4
27372,6
27373,4
27374,6
27375,6
27376,5
27377,6
27378,4
27379,3
27380,5
27381,4
27382,4
27383,6
27384,3
27385,6
27386,5
27387,5
27388,6
27389,7
27390,5
27391,3
27392,5
27393,6
27394,4
27395,4
27396,5
27397,4
27398,5
27399,4
27400,2
27401,6
27402,3
27403,7
27404,6
27405,3
27406,4
27407,3
27408,5
27409,2
27410,6
27411,7
27412,5
27413,2
27414,6
27415,4
27416,5
27417,6
27418,5
27419,4
27420,4
27421,5
27422,5
27423,4
27424,4
27425,5
27426,5
27427,6
27428,6
27429,4
27430,6
27431,4
27432,4
27433,7
27434,6
27435,4
27436,5
27437,3
27438,3
27439,4
27440,6
27441,5
27442,5
27443,5
27444,6
27445,4
27446,5
27447,5
27448,4
27449,5
27450,6
27451,5
27452,3
27453,7
27454,4
27455,5
27456,5
27457,7
27458,5
27459,5
27460,5
27461,7
27462,5
27463,6
27464,5
27465,7
27466,5
27467,5
27468,5
27469,5
27470,5
27471,5
27472,3
27473,3
27474,4
27475,4
27476,3
27477,4
27478,4
27479,7
27480,5
27481,6
27482,6
27483,2
27484,5
27485,2
27486,7
27487,6
27488,2
27489,4
27490,2
27491,6
27492,2
27493,2
27494,6
27495,5
27496,3
27497,5
27498,5
27499,2
27500,6
27501,6
27502,5
27503,3
27504,7
27505,6
27506,5
27507,5
27508,6
27509,5
27510,5
27511,4
27512,5
27513,5
27514,7
27515,6
27516,6
27517,6
27518,7
27519,4
27520,5
27521,3
27522,7
27523,6
27524,5
27525,4
27526,3
27527,5
27528,7
27529,6
27530,4
27531,6
27532,5
27533,7
27534,5
27535,6
27536,5
27537,3
27538,2
27539,4
27540,6
27541,5
27542,5
27543,5
27544,4
27545,7
27546,5
27547,6
27548,6
27549,6
27550,5
27551,4
27552,6
27553,7
27554,3
27555,3
27556,7
27557,5
27558,6
27559,5
27560,5
27561,7
27562,7
27563,5
27564,4
27565,5
27566,5
27567,5
27568,7
27569,5
27570,6
27571,7
27572,5
27573,6
27574,3
27575,4
27576,6
27577,4
27578,5
27579,4
27580,6
27581,5
27582,4
27583,6
27584,5
27585,5
27586,6
27587,5
27588,4
27589,5
27590,5
27591,5
27592,4
27593,5
27594,6
27595,6
27596,4
27597,6
27598,5
27599,7
27600,4
27601,5
27602,4
27603,5
27604,7
27605,6
27606,3
27607,5
27608,4
27609,2
27610,3
27611,5
27612,5
27613,5
27614,3
27615,4
27616,3
27617,6
27618,4
27619,5
27620,6
27621,6
27622,6
27623,5
27624,5
27625,4
27626,6
27627,1
27628,4
27629,7
27630,6
27631,4
27632,5
27633,2
27634,5
27635,5
27636,5
27637,5
27638,5
27639,6
27640,4
27641,6
27642,1
27643,7
27644,5
27645,7
27646,4
27647,5
27648,5
27649,6
27650,6
27651,5
27652,5
27653,7
27654,5
27655,6
27656,1
27657,6
27658,4
27659,4
27660,4
27661,5
27662,5
27663,5
27664,4
27665,4
27666,6
27667,3
27668,7
27669,5
27670,7
27671,5
27672,5
27673,5
27674,4
27675,5
27676,6
27677,5
27678,6
27679,7
27680,2
27681,6
27682,4
27683,5
27684,4
27685,7
27686,7
27687,1
27688,2
27689,4
27690,4
27691,3
27692,2
27693,3
27694,2
27695,5
27696,5
27697,4
27698,5
27699,6
27700,4
27701,6
27702,7
27703,6
27704,3
27705,6
27706,7
27707,6
27708,5
27709,7
27710,5
27711,4
27712,4
27713,5
27714,4
27715,5
27716,5
27717,5
27718,5
27719,5
27720,5
27721,5
27722,3
27723,7
27724,6
27725,6
27726,3
27727,7
27728,3
27729,7
27730,6
27731,4
27732,6
27733,4
27734,4
27735,6
27736,6
27737,6
27738,3
27739,4
27740,3
27741,7
27742,3
27743,3
27744,5
27745,5
27746,5
27747,5
27748,7
27749,3
27750,4
27751,5
27752,6
27753,5
27754,4
27755,5
27756,4
27757,3
27758,5
27759,3
27760,6
27761,1
27762,5
27763,5
27764,6
27765,3
27766,7
27767,5
27768,6
27769,6
27770,3
27771,6
27772,3
27773,5
27774,5
27775,5
27776,6
27777,4
27778,5
27779,4
27780,7
27781,5
27782,5
27783,4
27784,5
27785,5
27786,6
27787,7
27788,6
27789,5
27790,4
27791,6
27792,7
27793,2
27794,5
27795,3
27796,5
27797,4
27798,6
27799,4
27800,5
27801,5
27802,4
27803,4
27804,3
27805,4
27806,6
27807,7
27808,5
27809,5
27810,5
27811,5
27812,6
27813,6
27814,5
27815,7
27816,6
27817,4
27818,3
27819,5
27820,4
27821,3
27822,4
27823,6
27824,5
27825,6
27826,4
27827,4
27828,6
27829,4
27830,4
27831,1
27832,5
27833,7
27834,5
27835,5
27836,2
27837,5
27838,5
27839,6
27840,5
27841,4
27842,4
27843,5
27844,5
27845,4
27846,5
27847,3
27848,5
27849,5
27850,6
27851,5
27852,5
27853,4
27854,3
27855,5
27856,5
27857,7
27858,6
27859,7
27860,6
27861,6
27862,4
27863,5
27864,5
27865,4
27866,4
27867,5
27868,6
27869,5
27870,4
27871,5
27872,7
27873,5
27874,5
27875,3
27876,4
27877,5
27878,6
27879,7
27880,6
27881,5
27882,6
27883,5
27884,4
27885,5
27886,5
27887,5
27888,3
27889,4
27890,5
27891,4
27892,6
27893,4
27894,4
27895,3
27896,6
27897,5
27898,7
27899,4
27900,4
27901,6
27902,5
27903,5
27904,5
27905,6
27906,6
27907,5
27908,4
27909,6
27910,3
27911,7
27912,4
27913,1
27914,6
27915,4
27916,6
27917,5
27918,3
27919,5
27920,6
27921,5
27922,6
27923,5
27924,6
27925,5
27926,3
27927,7
27928,3
27929,3
27930,5
27931,7
27932,5
27933,5
27934,5
27935,5
27936,5
27937,5
27938,5
27939,3
27940,4
27941,3
27942,5
27943,7
27944,1
27945,6
27946,4
27947,3
27948,2
27949,2
27950,6
27951,6
27952,3
27953,5
27954,5
27955,5
27956,2
27957,5
27958,3
27959,7
27960,4
27961,7
27962,7
27963,6
27964,4
27965,5
27966,6
27967,4
27968,7
27969,5
27970,2
27971,5
27972,6
27973,4
27974,6
27975,3
27976,5
27977,6
27978,6
27979,5
27980,5
27981,4
27982,5
27983,4
27984,6
27985,6
27986,5
27987,6
27988,5
27989,5
27990,3
27991,6
27992,3
27993,6
27994,7
27995,5
27996,5
27997,5
27998,4
27999,2
28000,4
28001,4
28002,5
28003,5
28004,5
28005,7
28006,6
28007,4
28008,5
28009,4
28010,3
28011,5
28012,4
28013,5
28014,3
28015,5
28016,5
28017,4
28018,3
28019,6
28020,6
28021,4
28022,6
28023,5
28024,7
28025,5
28026,6
28027,5
28028,4
28029,2
28030,5
28031,4
28032,7
28033,5
28034,6
28035,3
28036,6
28037,3
28038,4
28039,5
28040,4
28041,7
28042,6
28043,6
28044,5
28045,6
28046,4
28047,5
28048,5
28049,4
28050,6
28051,6
28052,5
28053,7
28054,4
28055,5
28056,7
28057,7
28058,1
28059,4
28060,4
28061,5
28062,6
28063,6
28064,5
28065,4
28066,3
28067,4
28068,5
28069,2
28070,7
28071,5
28072,7
28073,5
28074,6
28075,5
28076,5
28077,2
28078,5
28079,5
28080,5
28081,6
28082,5
28083,6
28084,7
28085,3
28086,6
28087,4
28088,4
28089,6
28090,6
28091,6
28092,7
28093,6
28094,5
28095,7
28096,4
28097,6
28098,5
28099,5
28100,6
28101,5
28102,4
28103,6
28104,5
28105,4
28106,3
28107,5
28108,5
28109,5
28110,3
28111,7
28112,7
28113,7
28114,5
28115,4
28116,5
28117,4
28118,6
28119,4
28120,6
28121,4
28122,4
28123,3
28124,4
28125,5
28126,4
28127,5
28128,5
28129,5
28130,5
28131,6
28132,5
28133,3
28134,5
28135,5
28136,6
28137,7
28138,5
28139,5
28140,1
28141,5
28142,6
28143,7
28144,6
28145,6
28146,6
28147,4
28148,3
28149,6
28150,4
28151,4
28152,5
28153,5
28154,6
28155,7
28156,7
28157,4
28158,5
28159,4
28160,5
28161,5
28162,1
28163,1
28164,5
28165,4
28166,7
28167,5
28168,6
28169,3
28170,6
28171,3
28172,5
28173,2
28174,6
28175,3
28176,5
28177,1
28178,6
28179,6
28180,2
28181,3
28182,6
28183,3
28184,4
28185,5
28186,4
28187,2
28188,5
28189,4
28190,4
28191,6
28192,5
28193,4
28194,6
28195,3
28196,6
28197,3
28198,5
28199,6
28200,6
28201,6
28202,2
28203,3
28204,6
28205,4
28206,6
28207,5
28208,4
28209,6
28210,4
28211,4
28212,7
28213,6
28214,4
28215,3
28216,6
28217,6
28218,4
28219,5
28220,5
28221,5
28222,6
28223,6
28224,6
28225,5
28226,4
28227,5
28228,6
28229,6
28230,7
28231,4
28232,6
28233,5
28234,6
28235,3
28236,6
28237,6
28238,5
28239,5
28240,6
28241,5
28242,4
28243,6
28244,5
28245,5
28246,5
28247,5
28248,3
28249,3
28250,3
28251,6
28252,2
28253,4
28254,7
28255,7
28256,5
28257,5
28258,3
28259,5
28260,5
28261,3
28262,7
28263,3
28264,5
28265,6
28266,7
28267,3
28268,5
28269,6
28270,4
28271,5
28272,5
28273,3
28274,5
28275,5
28276,6
28277,5
28278,6
28279,3
28280,5
28281,6
28282,1
28283,3
28284,5
28285,7
28286,4
28287,7
28288,6
28289,7
28290,4
28291,6
28292,6
28293,6
28294,5
28295,6
28296,5
28297,5
28298,6
28299,6
28300,6
28301,2
28302,4
28303,5
28304,7
28305,5
28306,4
28307,7
28308,3
28309,6
28310,6
28311,4
28312,5
28313,3
28314,7
28315,5
28316,5
28317,7
28318,5
28319,5
28320,6
28321,4
28322,6
28323,2
28324,5
28325,6
28326,4
28327,6
28328,6
28329,5
28330,5
28331,7
28332,7
28333,7
28334,5
28335,5
28336,4
28337,5
28338,5
28339,6
28340,7
28341,5
28342,5
28343,6
28344,5
28345,6
28346,5
28347,7
28348,2
28349,6
28350,4
28351,3
28352,7
28353,5
28354,6
28355,4
28356,4
28357,7
28358,4
28359,6
28360,5
28361,5
28362,5
28363,5
28364,5
28365,4
28366,1
28367,1
28368,5
28369,6
28370,4
28371,5
28372,3
28373,4
28374,5
28375,7
28376,6
28377,6
28378,6
28379,4
28380,5
28381,7
28382,4
28383,5
28384,5
28385,5
28386,6
28387,4
28388,5
28389,5
28390,4
28391,5
28392,6
28393,4
28394,7
28395,3
28396,7
28397,6
28398,5
28399,5
28400,5
28401,3
28402,5
28403,5
28404,6
28405,4
28406,6
28407,6
28408,6
28409,5
28410,5
28411,6
28412,6
28413,5
28414,7
28415,5
28416,4
28417,3
28418,5
28419,7
28420,3
28421,7
28422,3
28423,3
28424,5
28425,7
28426,4
28427,2
28428,7
28429,6
28430,6
28431,4
28432,4
28433,5
28434,5
28435,6
28436,5
28437,4
28438,5
28439,4
28440,5
28441,6
28442,4
28443,2
28444,5
28445,6
28446,5
28447,7
28448,7
28449,5
28450,7
28451,5
28452,5
28453,4
28454,5
28455,6
28456,2
28457,6
28458,6
28459,7
28460,4
28461,3
28462,5
28463,3
28464,3
28465,6
28466,4
28467,6
28468,7
28469,5
28470,4
28471,7
28472,4
28473,7
28474,5
28475,6
28476,5
28477,4
28478,4
28479,5
28480,6
28481,4
28482,5
28483,5
28484,5
28485,5
28486,7
28487,6
28488,4
28489,4
28490,4
28491,5
28492,6
28493,7
28494,2
28495,2
28496,4
28497,4
28498,7
28499,4
28500,4
28501,5
28502,5
28503,7
28504,4
28505,3
28506,6
28507,3
28508,5
28509,4
28510,5
28511,5
28512,5
28513,3
28514,4
28515,5
28516,5
28517,5
28518,5
28519,6
28520,7
28521,6
28522,6
28523,7
28524,5
28525,7
28526,7
28527,2
28528,4
28529,4
28530,4
28531,5
28532,7
28533,7
28534,5
28535,7
28536,3
28537,6
28538,4
28539,4
28540,5
28541,4
28542,5
28543,3
28544,5
28545,4
28546,5
28547,5
28548,6
28549,3
28550,3
28551,5
28552,7
28553,7
28554,5
28555,6
28556,4
28557,5
28558,4
28559,5
28560,4
28561,5
28562,6
28563,5
28564,4
28565,4
28566,7
28567,6
28568,5
28569,6
28570,5
28571,4
28572,5
28573,6
28574,5
28575,5
28576,5
28577,5
28578,7
28579,6
28580,7
28581,6
28582,6
28583,5
28584,3
28585,4
28586,7
28587,2
28588,5
28589,6
28590,5
28591,5
28592,7
28593,5
28594,5
28595,4
28596,5
28597,6
28598,5
28599,4
28600,5
28601,4
28602,6
28603,5
28604,5
28605,7
28606,4
28607,5
28608,5
28609,4
28610,5
28611,6
28612,4
28613,1
28614,7
28615,6
28616,5
28617,7
28618,5
28619,4
28620,4
28621,5
28622,5
28623,4
28624,4
28625,4
28626,4
28627,4
28628,5
28629,4
28630,6
28631,5
28632,7
28633,7
28634,5
28635,4
28636,1
28637,5
28638,2
28639,2
28640,3
28641,4
28642,5
28643,7
28644,5
28645,5
28646,5
28647,3
28648,4
28649,4
28650,4
28651,7
28652,6
28653,5
28654,7
28655,5
28656,5
28657,5
28658,2
28659,7
28660,7
28661,6
28662,6
28663,5
28664,5
28665,5
28666,4
28667,6
28668,2
28669,4
28670,6
28671,5
28672,4
28673,7
28674,6
28675,4
28676,5
28677,7
28678,6
28679,6
28680,7
28681,6
28682,3
28683,3
28684,5
28685,5
28686,5
28687,3
28688,7
28689,7
28690,5
28691,4
28692,4
28693,6
28694,6
28695,5
28696,6
28697,6
28698,3
28699,5
28700,5
28701,6
28702,7
28703,3
28704,5
28705,6
28706,5
28707,5
28708,3
28709,5
28710,4
28711,6
28712,5
28713,3
28714,6
28715,5
28716,4
28717,2
28718,5
28719,6
28720,5
28721,4
28722,3
28723,6
28724,7
28725,3
28726,4
28727,6
28728,4
28729,6
28730,7
28731,4
28732,4
28733,5
28734,4
28735,5
28736,4
28737,6
28738,4
28739,2
28740,6
28741,3
28742,5
28743,1
28744,5
28745,4
28746,2
28747,5
28748,5
28749,5
28750,6
28751,5
28752,5
28753,5
28754,5
28755,2
28756,4
28757,5
28758,4
28759,4
28760,3
28761,5
28762,4
28763,6
28764,6
28765,3
28766,3
28767,5
28768,5
28769,5
28770,4
28771,6
28772,6
28773,4
28774,5
28775,3
28776,4
28777,4
28778,6
28779,5
28780,5
28781,2
28782,7
28783,5
28784,5
28785,3
28786,5
28787,5
28788,7
28789,3
28790,5
28791,5
28792,7
28793,5
28794,5
28795,6
28796,5
28797,1
28798,4
28799,6
28800,5
28801,2
28802,5
28803,6
28804,4
28805,2
28806,2
28807,5
28808,5
28809,4
28810,7
28811,6
28812,4
28813,2
28814,4
28815,5
28816,5
28817,6
28818,5
28819,4
28820,5
28821,5
28822,6
28823,1
28824,6
28825,5
28826,7
28827,7
28828,2
28829,5
28830,2
28831,4
28832,4
28833,5
28834,6
28835,2
28836,7
28837,6
28838,4
28839,7
28840,5
28841,6
28842,3
28843,5
28844,6
28845,4
28846,5
28847,1
28848,7
28849,3
28850,5
28851,6
28852,6
28853,5
28854,7
28855,6
28856,2
28857,5
28858,5
28859,5
28860,5
28861,6
28862,3
28863,4
28864,4
28865,3
28866,7
28867,1
28868,6
28869,3
28870,4
28871,4
28872,3
28873,5
28874,7
28875,7
28876,7
28877,2
28878,6
28879,3
28880,6
28881,3
28882,5
28883,6
28884,6
28885,6
28886,5
28887,5
28888,2
28889,5
28890,5
28891,7
28892,5
28893,3
28894,6
28895,5
28896,4
28897,5
28898,2
28899,7
28900,6
28901,5
28902,1
28903,4
28904,6
28905,7
28906,7
28907,3
28908,6
28909,6
28910,6
28911,6
28912,2
28913,2
28914,6
28915,3
28916,6
28917,4
28918,5
28919,4
28920,6
28921,3
28922,5
28923,7
28924,6
28925,5
28926,5
28927,5
28928,6
28929,7
28930,5
28931,4
28932,6
28933,6
28934,4
28935,7
28936,2
28937,5
28938,7
28939,3
28940,5
28941,6
28942,6
28943,6
28944,6
28945,6
28946,5
28947,2
28948,7
28949,6
28950,6
28951,7
28952,7
28953,6
28954,3
28955,5
28956,5
28957,4
28958,5
28959,5
28960,6
28961,5
28962,6
28963,6
28964,7
28965,4
28966,6
28967,3
28968,3
28969,5
28970,1
28971,4
28972,3
28973,5
28974,3
28975,4
28976,5
28977,4
28978,7
28979,6
28980,4
28981,7
28982,5
28983,4
28984,6
28985,3
28986,4
28987,3
28988,2
28989,4
28990,5
28991,4
28992,6
28993,5
28994,4
28995,1
28996,4
28997,6
28998,2
28999,4
29000,5
29001,3
29002,5
29003,4
29004,7
29005,5
29006,5
29007,4
29008,4
29009,5
29010,5
29011,4
29012,5
29013,7
29014,6
29015,7
29016,5
29017,7
29018,1
29019,5
29020,5
29021,7
29022,2
29023,5
29024,6
29025,3
29026,5
29027,6
29028,4
29029,7
29030,4
29031,6
29032,5
29033,5
29034,7
29035,4
29036,5
29037,7
29038,6
29039,4
29040,3
29041,5
29042,4
29043,5
29044,7
29045,7
29046,6
29047,7
29048,5
29049,3
29050,2
29051,5
29052,5
29053,4
29054,4
29055,6
29056,5
29057,6
29058,6
29059,7
29060,7
29061,3
29062,3
29063,5
29064,5
29065,5
29066,6
29067,6
29068,7
29069,5
29070,7
29071,7
29072,4
29073,6
29074,6
29075,4
29076,7
29077,4
29078,5
29079,5
29080,7
29081,5
29082,3
29083,3
29084,6
29085,4
29086,5
29087,5
29088,6
29089,3
29090,6
29091,7
29092,5
29093,7
29094,5
29095,6
29096,5
29097,4
29098,2
29099,6
29100,1
29101,4
29102,7
29103,5
29104,1
29105,5
29106,5
29107,5
29108,2
29109,5
29110,2
29111,3
29112,2
29113,6
29114,5
29115,7
29116,7
29117,5
29118,2
29119,3
29120,4
29121,6
29122,7
29123,6
29124,5
29125,6
29126,5
29127,4
29128,5
29129,5
29130,5
29131,5
29132,6
29133,6
29134,5
29135,7
29136,7
29137,4
29138,5
29139,4
29140,2
29141,4
29142,5
29143,5
29144,5
29145,6
29146,7
29147,6
29148,3
29149,2
29150,3
29151,3
29152,2
29153,5
29154,6
29155,4
29156,3
29157,6
29158,5
29159,6
29160,6
29161,5
29162,7
29163,5
29164,5
29165,3
29166,5
29167,5
29168,6
29169,6
29170,4
29171,4
29172,4
29173,4
29174,5
29175,7
29176,5
29177,6
29178,7
29179,7
29180,4
29181,5
29182,5
29183,3
29184,6
29185,5
29186,6
29187,4
29188,7
29189,5
29190,6
29191,6
29192,5
29193,3
29194,7
29195,5
29196,3
29197,4
29198,5
29199,6
29200,3
29201,5
29202,4
29203,5
29204,7
29205,5
29206,2
29207,5
29208,5
29209,6
29210,5
29211,6
29212,6
29213,7
29214,7
29215,5
29216,5
29217,6
29218,3
29219,5
29220,6
29221,5
29222,7
29223,6
29224,3
29225,2
29226,4
29227,5
29228,6
29229,5
29230,6
29231,7
29232,6
29233,6
29234,5
29235,6
29236,4
29237,7
29238,5
29239,3
29240,5
29241,4
29242,3
29243,7
29244,2
29245,4
29246,5
29247,5
29248,4
29249,7
29250,7
29251,5
29252,1
29253,3
29254,6
29255,6
29256,5
29257,3
29258,7
29259,5
29260,5
29261,6
29262,5
29263,5
29264,6
29265,6
29266,2
29267,5
29268,2
29269,5
29270,4
29271,5
29272,6
29273,5
29274,4
29275,4
29276,6
29277,6
29278,4
29279,1
29280,6
29281,7
29282,5
29283,7
29284,6
29285,5
29286,5
29287,5
29288,5
29289,7
29290,6
29291,3
29292,6
29293,6
29294,5
29295,7
29296,5
29297,3
29298,5
29299,5
29300,4
29301,4
29302,5
29303,5
29304,2
29305,6
29306,6
29307,5
29308,3
29309,3
29310,6
29311,7
29312,5
29313,6
29314,5
29315,7
29316,3
29317,3
29318,5
29319,4
29320,7
29321,4
29322,7
29323,4
29324,5
29325,7
29326,7
29327,4
29328,1
29329,7
29330,7
29331,6
29332,3
29333,2
29334,5
29335,6
29336,5
29337,6
29338,7
29339,7
29340,4
29341,5
29342,3
29343,6
29344,5
29345,3
29346,2
29347,4
29348,6
29349,5
29350,4
29351,4
29352,4
29353,7
29354,4
29355,3
29356,1
29357,1
29358,5
29359,7
29360,3
29361,6
29362,5
29363,7
29364,6
29365,3
29366,7
29367,5
29368,6
29369,4
29370,5
29371,5
29372,6
29373,7
29374,5
29375,5
29376,4
29377,3
29378,7
29379,5
29380,4
29381,4
29382,2
29383,7
29384,3
29385,7
29386,7
29387,6
29388,5
29389,6
29390,7
29391,6
29392,6
29393,4
29394,3
29395,6
29396,7
29397,4
29398,5
29399,7
29400,2
29401,5
29402,7
29403,5
29404,4
29405,5
29406,6
29407,5
29408,6
29409,4
29410,5
29411,6
29412,5
29413,7
29414,7
29415,5
29416,7
29417,5
29418,5
29419,6
29420,6
29421,6
29422,6
29423,4
29424,4
29425,3
29426,4
29427,6
29428,5
29429,4
29430,1
29431,5
29432,5
29433,2
29434,4
29435,2
29436,5
29437,7
29438,6
29439,6
29440,7
29441,6
29442,4
29443,4
29444,6
29445,3
29446,5
29447,3
29448,3
29449,4
29450,5
29451,5
29452,6
29453,7
29454,6
29455,7
29456,5
29457,2
29458,7
29459,5
29460,6
29461,4
29462,5
29463,5
29464,5
29465,4
29466,2
29467,1
29468,5
29469,2
29470,5
29471,4
29472,4
29473,2
29474,5
29475,4
29476,7
29477,4
29478,7
29479,4
29480,1
29481,4
29482,6
29483,4
29484,6
29485,5
29486,3
29487,5
29488,6
29489,6
29490,7
29491,3
29492,7
29493,7
29494,5
29495,6
29496,6
29497,6
29498,1
29499,6
29500,4
29501,6
29502,6
29503,4
29504,5
29505,6
29506,4
29507,6
29508,7
29509,3
29510,4
29511,4
29512,3
29513,4
29514,4
29515,5
29516,3
29517,7
29518,4
29519,3
29520,5
29521,3
29522,3
29523,6
29524,4
29525,6
29526,6
29527,5
29528,5
29529,6
29530,4
29531,3
29532,5
29533,7
29534,3
29535,4
29536,6
29537,7
29538,6
29539,5
29540,6
29541,7
29542,6
29543,5
29544,6
29545,6
29546,4
29547,2
29548,5
29549,7
29550,6
29551,7
29552,5
29553,4
29554,3
29555,4
29556,5
29557,7
29558,4
29559,4
29560,5
29561,5
29562,4
29563,4
29564,4
29565,7
29566,6
29567,5
29568,6
29569,4
29570,6
29571,4
29572,7
29573,7
29574,5
29575,5
29576,7
29577,4
29578,5
29579,5
29580,4
29581,5
29582,3
29583,5
29584,7
29585,7
29586,5
29587,7
29588,6
29589,6
29590,6
29591,5
29592,4
29593,5
29594,3
29595,6
29596,5
29597,7
29598,7
29599,1
29600,5
29601,5
29602,5
29603,5
29604,4
29605,4
29606,4
29607,6
29608,2
29609,3
29610,7
29611,4
29612,6
29613,5
29614,5
29615,6
29616,5
29617,5
29618,4
29619,4
29620,2
29621,2
29622,5
29623,5
29624,5
29625,7
29626,5
29627,4
29628,6
29629,6
29630,5
29631,7
29632,4
29633,5
29634,4
29635,7
29636,5
29637,3
29638,5
29639,5
29640,5
29641,4
29642,4
29643,4
29644,4
29645,5
29646,4
29647,4
29648,4
29649,5
29650,7
29651,3
29652,5
29653,6
29654,7
29655,4
29656,6
29657,7
29658,5
29659,3
29660,5
29661,4
29662,5
29663,5
29664,5
29665,6
29666,1
29667,6
29668,5
29669,7
29670,6
29671,6
29672,5
29673,5
29674,5
29675,5
29676,2
29677,5
29678,5
29679,5
29680,6
29681,2
29682,4
29683,6
29684,5
29685,1
29686,5
29687,6
29688,7
29689,5
29690,5
29691,2
29692,5
29693,3
29694,3
29695,4
29696,6
29697,5
29698,5
29699,4
29700,4
29701,3
29702,4
29703,7
29704,6
29705,7
29706,7
29707,3
29708,5
29709,6
29710,3
29711,2
29712,5
29713,5
29714,4
29715,2
29716,6
29717,6
29718,4
29719,7
29720,4
29721,7
29722,4
29723,7
29724,4
29725,6
29726,5
29727,3
29728,7
29729,4
29730,3
29731,4
29732,1
29733,6
29734,7
29735,4
29736,6
29737,5
29738,7
29739,6
29740,5
29741,7
29742,3
29743,5
29744,7
29745,5
29746,7
29747,6
29748,6
29749,4
29750,4
29751,4
29752,6
29753,6
29754,1
29755,5
29756,5
29757,7
29758,6
29759,5
29760,5
29761,7
29762,5
29763,1
29764,5
29765,6
29766,4
29767,6
29768,3
29769,4
29770,4
29771,4
29772,4
29773,6
29774,4
29775,2
29776,6
29777,4
29778,4
29779,4
29780,4
29781,5
29782,6
29783,5
29784,4
29785,5
29786,4
29787,4
29788,6
29789,7
29790,5
29791,5
29792,7
29793,5
29794,5
29795,4
29796,3
29797,2
29798,3
29799,4
29800,4
29801,4
29802,7
29803,4
29804,3
29805,7
29806,4
29807,4
29808,2
29809,6
29810,7
29811,3
29812,5
29813,4
29814,5
29815,6
29816,6
29817,6
29818,6
29819,4
29820,4
29821,5
29822,3
29823,5
29824,4
29825,6
29826,5
29827,6
29828,6
29829,5
29830,6
29831,7
29832,4
29833,6
29834,4
29835,3
29836,6
29837,7
29838,4
29839,3
29840,6
29841,6
29842,7
29843,4
29844,3
29845,6
29846,6
29847,3
29848,5
29849,5
29850,6
29851,4
29852,5
29853,4
29854,7
29855,3
29856,7
29857,7
29858,5
29859,3
29860,2
29861,4
29862,3
29863,4
29864,4
29865,4
29866,5
29867,1
29868,4
29869,5
29870,7
29871,5
29872,7
29873,6
29874,5
29875,4
29876,7
29877,5
29878,6
29879,2
29880,4
29881,2
29882,4
29883,3
29884,5
29885,7
29886,5
29887,6
29888,7
29889,7
29890,7
29891,5
29892,4
29893,3
29894,5
29895,7
29896,5
29897,7
29898,5
29899,3
29900,5
29901,2
29902,4
29903,6
29904,6
29905,7
29906,4
29907,6
29908,7
29909,4
29910,6
29911,5
29912,5
29913,4
29914,4
29915,4
29916,2
29917,6
29918,7
29919,6
29920,6
29921,5
29922,4
29923,5
29924,3
29925,6
29926,6
29927,5
29928,5
29929,7
29930,1
29931,4
29932,3
29933,4
29934,6
29935,6
29936,6
29937,3
29938,6
29939,6
29940,6
29941,7
29942,6
29943,5
29944,7
29945,6
29946,3
29947,6
29948,2
29949,5
29950,4
29951,5
29952,2
29953,4
29954,1
29955,6
29956,4
29957,2
29958,6
29959,7
29960,5
29961,7
29962,4
29963,4
29964,5
29965,4
29966,5
29967,5
29968,5
29969,5
29970,2
29971,5
29972,7
29973,5
29974,4
29975,5
29976,4
29977,5
29978,5
29979,6
29980,7
29981,6
29982,2
29983,4
29984,5
29985,5
29986,2
29987,5
29988,5
29989,3
29990,4
29991,5
29992,7
29993,4
29994,4
29995,7
29996,7
29997,4
29998,4
29999,5
30000,5
30001,5
30002,6
30003,6
30004,5
30005,5
30006,5
30007,3
30008,7
30009,5
30010,6
30011,5
30012,4
30013,7
30014,7
30015,4
30016,3
30017,4
30018,5
30019,7
30020,5
30021,5
30022,6
30023,6
30024,3
30025,1
30026,4
30027,5
30028,4
30029,6
30030,4
30031,6
30032,4
30033,2
30034,5
30035,3
30036,4
30037,7
30038,7
30039,5
30040,6
30041,6
30042,5
30043,5
30044,7
30045,4
30046,6
30047,5
30048,6
30049,3
30050,1
30051,4
30052,5
30053,5
30054,7
30055,5
30056,5
30057,3
30058,7
30059,4
30060,4
30061,4
30062,2
30063,3
30064,4
30065,3
30066,4
30067,6
30068,6
30069,5
30070,6
30071,3
30072,5
30073,5
30074,4
30075,5
30076,4
30077,6
30078,7
30079,6
30080,6
30081,3
30082,4
30083,5
30084,3
30085,5
30086,5
30087,5
30088,5
30089,5
30090,5
30091,4
30092,7
30093,4
30094,4
30095,5
30096,7
30097,6
30098,5
30099,7
30100,3
30101,4
30102,7
30103,5
30104,5
30105,6
30106,5
30107,5
30108,5
30109,6
30110,3
30111,2
30112,4
30113,7
30114,4
30115,7
30116,5
30117,4
30118,4
30119,2
30120,5
30121,5
30122,6
30123,7
30124,5
30125,4
30126,4
30127,7
30128,5
30129,4
30130,6
30131,4
30132,1
30133,5
30134,7
30135,7
30136,5
30137,6
30138,1
30139,6
30140,3
30141,6
30142,6
30143,4
30144,7
30145,4
30146,6
30147,3
30148,6
30149,5
30150,5
30151,4
30152,4
30153,1
30154,5
30155,6
30156,5
30157,3
30158,5
30159,7
30160,5
30161,5
30162,5
30163,4
30164,7
30165,5
30166,5
30167,4
30168,7
30169,2
30170,1
30171,5
30172,5
30173,5
30174,6
30175,3
30176,4
30177,1
30178,7
30179,5
30180,6
30181,7
30182,5
30183,5
30184,5
30185,1
30186,7
30187,6
30188,4
30189,3
30190,4
30191,5
30192,6
30193,1
30194,5
30195,6
30196,6
30197,6
30198,5
30199,5
30200,1
30201,4
30202,4
30203,5
30204,7
30205,5
30206,5
30207,6
30208,5
30209,3
30210,5
30211,3
30212,5
30213,6
30214,7
30215,6
30216,4
30217,2
30218,7
30219,6
30220,4
30221,4
30222,7
30223,7
30224,3
30225,4
30226,7
30227,7
30228,6
30229,5
30230,6
30231,5
30232,4
30233,6
30234,5
30235,7
30236,3
30237,7
30238,4
30239,5
30240,4
30241,5
30242,4
30243,6
30244,6
30245,4
30246,6
30247,7
30248,5
30249,3
30250,5
30251,5
30252,3
30253,6
30254,6
30255,7
30256,1
30257,5
30258,4
30259,5
30260,6
30261,4
30262,7
30263,6
30264,5
30265,5
30266,5
30267,5
30268,6
30269,3
30270,5
30271,5
30272,5
30273,4
30274,5
30275,5
30276,5
30277,4
30278,4
30279,5
30280,7
30281,3
30282,5
30283,5
30284,6
30285,5
30286,5
30287,5
30288,4
30289,3
30290,4
30291,6
30292,5
30293,4
30294,3
30295,1
30296,5
30297,3
30298,2
30299,3
30300,7
30301,4
30302,7
30303,3
30304,1
30305,3
30306,7
30307,4
30308,4
30309,5
30310,6
30311,5
30312,5
30313,6
30314,2
30315,3
30316,6
30317,5
30318,5
30319,6
30320,6
30321,6
30322,5
30323,4
30324,7
30325,5
30326,5
30327,4
30328,4
30329,6
30330,3
30331,4
30332,6
30333,2
30334,2
30335,2
30336,2
30337,6
30338,6
30339,4
30340,5
30341,5
30342,5
30343,5
30344,7
30345,5
30346,5
30347,5
30348,4
30349,4
30350,7
30351,5
30352,5
30353,6
30354,6
30355,3
30356,6
30357,2
30358,5
30359,5
30360,3
30361,3
30362,4
30363,6
30364,6
30365,4
30366,5
30367,6
30368,6
30369,6
30370,4
30371,7
30372,5
30373,6
30374,4
30375,5
30376,5
30377,4
30378,7
30379,4
30380,6
30381,1
30382,6
30383,5
30384,5
30385,5
30386,6
30387,6
30388,5
30389,5
30390,3
30391,4
30392,6
30393,6
30394,5
30395,4
30396,7
30397,7
30398,1
30399,3
30400,4
30401,5
30402,4
30403,5
30404,4
30405,5
30406,7
30407,7
30408,6
30409,5
30410,5
30411,4
30412,5
30413,6
30414,7
30415,7
30416,5
30417,5
30418,6
30419,5
30420,3
30421,6
30422,7
30423,7
30424,5
30425,5
30426,3
30427,6
30428,3
30429,6
30430,7
30431,6
30432,4
30433,7
30434,6
30435,5
30436,3
30437,4
30438,5
30439,4
30440,3
30441,5
30442,7
30443,6
30444,2
30445,5
30446,6
30447,3
30448,5
30449,7
30450,7
30451,3
30452,6
30453,5
30454,6
30455,6
30456,6
30457,7
30458,7
30459,5
30460,6
30461,4
30462,4
30463,5
30464,6
30465,6
30466,6
30467,2
30468,2
30469,4
30470,5
30471,5
30472,2
30473,5
30474,4
30475,4
30476,5
30477,4
30478,4
30479,4
30480,5
30481,3
30482,4
30483,4
30484,6
30485,2
30486,6
30487,7
30488,2
30489,2
30490,1
30491,6
30492,2
30493,5
30494,5
30495,7
30496,5
30497,4
30498,2
30499,3
30500,4
30501,6
30502,1
30503,7
30504,4
30505,4
30506,5
30507,5
30508,5
30509,5
30510,6
30511,6
30512,3
30513,5
30514,6
30515,5
30516,5
30517,6
30518,6
30519,5
30520,5
30521,6
30522,5
30523,4
30524,7
30525,5
30526,6
30527,6
30528,3
30529,3
30530,7
30531,4
30532,4
30533,7
30534,6
30535,6
30536,6
30537,5
30538,2
30539,6
30540,4
30541,1
30542,5
30543,6
30544,7
30545,3
30546,3
30547,5
30548,2
30549,5
30550,6
30551,6
30552,5
30553,5
30554,6
30555,4
30556,6
30557,7
30558,1
30559,6
30560,7
30561,4
30562,4
30563,5
30564,5
30565,6
30566,3
30567,5
30568,4
30569,2
30570,3
30571,6
30572,4
30573,5
30574,4
30575,7
30576,4
30577,5
30578,6
30579,5
30580,4
30581,5
30582,4
30583,5
30584,1
30585,5
30586,4
30587,5
30588,4
30589,6
30590,4
30591,3
30592,4
30593,2
30594,5
30595,4
30596,3
30597,5
30598,5
30599,4
30600,4
30601,5
30602,6
30603,3
30604,6
30605,7
30606,5
30607,6
30608,5
30609,5
30610,5
30611,7
30612,5
30613,5
30614,6
30615,5
30616,4
30617,6
30618,5
30619,7
30620,7
30621,6
30622,5
30623,7
30624,2
30625,4
30626,4
30627,6
30628,5
30629,6
30630,7
30631,5
30632,4
30633,1
30634,5
30635,7
30636,4
30637,7
30638,4
30639,6
30640,6
30641,3
30642,7
30643,6
30644,4
30645,5
30646,5
30647,2
30648,5
30649,5
30650,1
30651,3
30652,5
30653,6
30654,2
30655,5
30656,5
30657,5
30658,2
30659,3
30660,5
30661,3
30662,5
30663,4
30664,4
30665,4
30666,5
30667,5
30668,4
30669,4
30670,3
30671,3
30672,2
30673,5
30674,6
30675,5
30676,6
30677,5
30678,3
30679,3
30680,5
30681,5
30682,7
30683,4
30684,5
30685,6
30686,3
30687,4
30688,5
30689,5
30690,6
30691,4
30692,5
30693,6
30694,5
30695,5
30696,5
30697,2
30698,6
30699,5
30700,4
30701,7
30702,5
30703,4
30704,6
30705,4
30706,5
30707,5
30708,4
30709,5
30710,5
30711,5
30712,4
30713,6
30714,5
30715,4
30716,2
30717,4
30718,5
30719,5
30720,7
30721,6
30722,7
30723,4
30724,5
30725,5
30726,6
30727,4
30728,4
30729,5
30730,6
30731,4
30732,3
30733,4
30734,2
30735,5
30736,2
30737,7
30738,5
30739,2
30740,3
30741,2
30742,5
30743,4
30744,6
30745,3
30746,5
30747,4
30748,6
30749,4
30750,6
30751,6
30752,5
30753,4
30754,6
30755,5
30756,4
30757,4
30758,4
30759,6
30760,5
30761,4
30762,5
30763,5
30764,1
30765,4
30766,7
30767,5
30768,2
30769,6
30770,7
30771,5
30772,7
30773,4
30774,6
30775,2
30776,5
30777,6
30778,4
30779,7
30780,4
30781,5
30782,5
30783,4
30784,3
30785,3
30786,6
30787,3
30788,4
30789,3
30790,6
30791,5
30792,3
30793,6
30794,1
30795,6
30796,5
30797,5
30798,7
30799,5
30800,7
30801,1
30802,4
30803,6
30804,5
30805,7
30806,6
30807,4
30808,4
30809,7
30810,5
30811,6
30812,7
30813,5
30814,6
30815,4
30816,3
30817,5
30818,5
30819,4
30820,6
30821,7
30822,2
30823,1
30824,2
30825,7
30826,2
30827,4
30828,3
30829,4
30830,6
30831,7
30832,6
30833,2
30834,7
30835,6
30836,7
30837,2
30838,4
30839,6
30840,3
30841,7
30842,1
30843,7
30844,5
30845,6
30846,5
30847,5
30848,6
30849,4
30850,6
30851,6
30852,7
30853,7
30854,4
30855,6
30856,7
30857,3
30858,2
30859,7
30860,5
30861,6
30862,4
30863,4
30864,4
30865,3
30866,4
30867,7
30868,7
30869,5
30870,4
30871,6
30872,6
30873,4
30874,5
30875,4
30876,1
30877,7
30878,5
30879,3
30880,5
30881,7
30882,3
30883,5
30884,3
30885,5
30886,2
30887,1
30888,4
30889,3
30890,6
30891,5
30892,7
30893,5
30894,2
30895,2
30896,4
30897,4
30898,6
30899,5
30900,6
30901,7
30902,6
30903,6
30904,5
30905,7
30906,5
30907,5
30908,2
30909,4
30910,5
30911,5
30912,6
30913,1
30914,6
30915,2
30916,6
30917,6
30918,3
30919,4
30920,5
30921,5
30922,5
30923,4
30924,6
30925,2
30926,5
30927,5
30928,5
30929,5
30930,4
30931,5
30932,5
30933,6
30934,5
30935,6
30936,5
30937,1
30938,4
30939,3
30940,3
30941,3
30942,5
30943,3
30944,6
30945,3
30946,6
30947,5
30948,5
30949,5
30950,1
30951,7
30952,6
30953,7
30954,5
30955,6
30956,5
30957,3
30958,6
30959,5
30960,5
30961,4
30962,3
30963,6
30964,4
30965,7
30966,3
30967,6
30968,7
30969,4
30970,7
30971,7
30972,6
30973,5
30974,4
30975,7
30976,7
30977,3
30978,3
30979,2
30980,2
30981,5
30982,4
30983,5
30984,5
30985,4
30986,4
30987,2
30988,2
30989,4
30990,5
30991,5
30992,5
30993,6
30994,5
30995,5
30996,5
30997,5
30998,4
30999,6
31000,5
31001,7
31002,4
31003,6
31004,4
31005,6
31006,5
31007,7
31008,5
31009,7
31010,5
31011,5
31012,3
31013,2
31014,7
31015,5
31016,6
31017,6
31018,6
31019,4
31020,5
31021,6
31022,5
31023,6
31024,4
31025,6
31026,7
31027,5
31028,4
31029,4
31030,4
31031,4
31032,6
31033,4
31034,5
31035,1
31036,5
31037,5
31038,5
31039,7
31040,4
31041,4
31042,3
31043,2
31044,5
31045,6
31046,5
31047,2
31048,6
31049,7
31050,3
31051,7
31052,4
31053,4
31054,4
31055,2
31056,4
31057,3
31058,6
31059,4
31060,5
31061,6
31062,3
31063,7
31064,5
31065,6
31066,5
31067,5
31068,3
31069,3
31070,5
31071,5
31072,6
31073,4
31074,2
31075,6
31076,2
31077,2
31078,6
31079,5
31080,4
31081,7
31082,7
31083,5
31084,5
31085,4
31086,5
31087,6
31088,5
31089,6
31090,6
31091,6
31092,5
31093,7
31094,4
31095,2
31096,4
31097,7
31098,5
31099,4
31100,3
31101,4
31102,3
31103,7
31104,4
31105,3
31106,4
31107,5
31108,3
31109,7
31110,6
31111,5
31112,6
31113,5
31114,2
31115,3
31116,2
31117,7
31118,4
31119,6
31120,7
31121,4
31122,5
31123,3
31124,6
31125,4
31126,5
31127,5
31128,3
31129,6
31130,5
31131,2
31132,5
31133,6
31134,7
31135,4
31136,4
31137,4
31138,6
31139,5
31140,2
31141,5
31142,4
31143,4
31144,7
31145,6
31146,5
31147,5
31148,6
31149,5
31150,2
31151,6
31152,6
31153,7
31154,4
31155,4
31156,4
31157,5
31158,6
31159,7
31160,5
31161,1
31162,5
31163,5
31164,5
31165,7
31166,5
31167,7
31168,6
31169,4
31170,5
31171,6
31172,4
31173,5
31174,4
31175,1
31176,5
31177,1
31178,6
31179,3
31180,6
31181,3
31182,7
31183,5
31184,5
31185,4
31186,6
31187,4
31188,4
31189,5
31190,4
31191,5
31192,5
31193,5
31194,7
31195,5
31196,4
31197,7
31198,6
31199,5
31200,5
31201,3
31202,5
31203,4
31204,6
31205,5
31206,5
31207,3
31208,6
31209,7
31210,6
31211,5
31212,4
31213,5
31214,3
31215,5
31216,7
31217,6
31218,6
31219,2
31220,4
31221,6
31222,2
31223,7
31224,5
31225,7
31226,2
31227,3
31228,4
31229,4
31230,4
31231,7
31232,5
31233,4
31234,7
31235,5
31236,4
31237,3
31238,7
31239,4
31240,3
31241,3
31242,6
31243,6
31244,7
31245,4
31246,4
31247,6
31248,3
31249,6
31250,5
31251,6
31252,5
31253,5
31254,5
31255,3
31256,5
31257,5
31258,5
31259,5
31260,7
31261,5
31262,5
31263,6
31264,3
31265,5
31266,5
31267,7
31268,6
31269,5
31270,6
31271,3
31272,4
31273,3
31274,4
31275,6
31276,7
31277,4
31278,1
31279,5
31280,6
31281,5
31282,3
31283,2
31284,5
31285,5
31286,6
31287,3
31288,6
31289,5
31290,6
31291,5
31292,5
31293,6
31294,5
31295,3
31296,5
31297,5
31298,6
31299,7
31300,7
31301,4
31302,3
31303,4
31304,5
31305,5
31306,2
31307,6
31308,5
31309,5
31310,4
31311,7
31312,7
31313,3
31314,6
31315,4
31316,7
31317,5
31318,5
31319,5
31320,5
31321,3
31322,6
31323,7
31324,3
31325,5
31326,5
31327,5
31328,3
31329,6
31330,3
31331,6
31332,6
31333,5
31334,2
31335,5
31336,5
31337,3
31338,3
31339,5
31340,3
31341,7
31342,5
31343,4
31344,4
31345,6
31346,5
31347,7
31348,6
31349,1
31350,5
31351,3
31352,5
31353,5
31354,5
31355,6
31356,5
31357,6
31358,5
31359,6
31360,4
31361,4
31362,3
31363,5
31364,5
31365,4
31366,5
31367,4
31368,4
31369,5
31370,7
31371,5
31372,4
31373,6
31374,5
31375,7
31376,6
31377,5
31378,7
31379,6
31380,5
31381,5
31382,4
31383,4
31384,7
31385,6
31386,5
31387,5
31388,3
31389,7
31390,3
31391,5
31392,6
31393,4
31394,5
31395,7
31396,4
31397,4
31398,7
31399,7
31400,5
31401,5
31402,4
31403,7
31404,5
31405,4
31406,5
31407,5
31408,7
31409,4
31410,5
31411,3
31412,3
31413,6
31414,2
31415,5
31416,5
31417,6
31418,3
31419,4
31420,6
31421,6
31422,5
31423,5
31424,5
31425,7
31426,7
31427,5
31428,7
31429,3
31430,5
31431,2
31432,5
31433,6
31434,5
31435,6
31436,4
31437,6
31438,4
31439,7
31440,6
31441,5
31442,5
31443,2
31444,6
31445,7
31446,5
31447,6
31448,1
31449,7
31450,6
31451,4
31452,5
31453,5
31454,5
31455,4
31456,5
31457,3
31458,5
31459,7
31460,2
31461,6
31462,6
31463,6
31464,4
31465,5
31466,5
31467,6
31468,6
31469,7
31470,7
31471,4
31472,4
31473,6
31474,6
31475,5
31476,4
31477,5
31478,3
31479,4
31480,7
31481,5
31482,3
31483,1
31484,4
31485,6
31486,5
31487,2
31488,2
31489,7
31490,5
31491,6
31492,4
31493,6
31494,5
31495,5
31496,1
31497,5
31498,6
31499,4
31500,6
31501,4
31502,6
31503,4
31504,7
31505,6
31506,5
31507,5
31508,6
31509,5
31510,5
31511,5
31512,3
31513,5
31514,7
31515,6
31516,5
31517,6
31518,7
31519,3
31520,7
31521,4
31522,3
31523,5
31524,4
31525,5
31526,5
31527,6
31528,3
31529,5
31530,4
31531,3
31532,5
31533,5
31534,5
31535,5
31536,3
31537,6
31538,2
31539,5
31540,4
31541,5
31542,2
31543,5
31544,5
31545,3
31546,5
31547,2
31548,4
31549,3
31550,4
31551,4
31552,4
31553,7
31554,5
31555,5
31556,4
31557,6
31558,4
31559,5
31560,5
31561,6
31562,5
31563,6
31564,7
31565,5
31566,3
31567,4
31568,2
31569,4
31570,4
31571,4
31572,4
31573,5
31574,7
31575,5
31576,1
31577,4
31578,4
31579,6
31580,4
31581,5
31582,3
31583,6
31584,5
31585,7
31586,6
31587,4
31588,6
31589,3
31590,5
31591,5
31592,3
31593,5
31594,5
31595,5
31596,6
31597,7
31598,4
31599,2
31600,6
31601,6
31602,5
31603,5
31604,4
31605,6
31606,4
31607,3
31608,4
31609,3
31610,6
31611,1
31612,6
31613,5
31614,4
31615,6
31616,4
31617,5
31618,5
31619,2
31620,7
31621,5
31622,6
31623,4
31624,6
31625,5
31626,6
31627,4
31628,4
31629,7
31630,4
31631,7
31632,5
31633,7
31634,2
31635,5
31636,3
31637,3
31638,4
31639,5
31640,5
31641,5
31642,6
31643,6
31644,5
31645,5
31646,6
31647,4
31648,6
31649,6
31650,3
31651,5
31652,5
31653,6
31654,7
31655,4
31656,7
31657,3
31658,4
31659,3
31660,4
31661,4
31662,7
31663,5
31664,1
31665,6
31666,5
31667,6
31668,7
31669,6
31670,2
31671,6
31672,5
31673,6
31674,1
31675,2
31676,7
31677,5
31678,5
31679,3
31680,4
31681,5
31682,2
31683,5
31684,5
31685,5
31686,5
31687,2
31688,7
31689,6
31690,4
31691,3
31692,5
31693,6
31694,2
31695,4
31696,2
31697,4
31698,3
31699,6
31700,5
31701,4
31702,4
31703,6
31704,4
31705,4
31706,3
31707,5
31708,5
31709,3
31710,6
31711,3
31712,3
31713,6
31714,5
31715,5
31716,5
31717,4
31718,6
31719,4
31720,5
31721,6
31722,6
31723,6
31724,5
31725,5
31726,6
31727,4
31728,5
31729,7
31730,5
31731,6
31732,5
31733,4
31734,6
31735,5
31736,3
31737,4
31738,6
31739,6
31740,5
31741,5
31742,6
31743,6
31744,5
31745,5
31746,6
31747,4
31748,3
31749,4
31750,5
31751,5
31752,5
31753,7
31754,7
31755,5
31756,7
31757,5
31758,4
31759,1
31760,5
31761,5
31762,4
31763,5
31764,1
31765,6
31766,3
31767,5
31768,7
31769,5
31770,6
31771,6
31772,2
31773,5
31774,5
31775,4
31776,5
31777,5
31778,5
31779,4
31780,7
31781,5
31782,3
31783,4
31784,7
31785,6
31786,4
31787,5
31788,6
31789,5
31790,2
31791,1
31792,5
31793,4
31794,2
31795,4
31796,4
31797,3
31798,5
31799,5
31800,2
31801,5
31802,7
31803,3
31804,3
31805,7
31806,6
31807,5
31808,4
31809,3
31810,2
31811,5
31812,4
31813,2
31814,6
31815,4
31816,1
31817,6
31818,6
31819,7
31820,5
31821,2
31822,4
31823,5
31824,5
31825,6
31826,4
31827,6
31828,4
31829,4
31830,4
31831,3
31832,4
31833,6
31834,4
31835,4
31836,2
31837,3
31838,4
31839,2
31840,7
31841,6
31842,5
31843,2
31844,5
31845,5
31846,4
31847,2
31848,7
31849,6
31850,6
31851,5
31852,7
31853,5
31854,6
31855,5
31856,5
31857,4
31858,5
31859,5
31860,7
31861,5
31862,6
31863,6
31864,4
31865,5
31866,7
31867,2
31868,4
31869,4
31870,5
31871,7
31872,3
31873,6
31874,3
31875,2
31876,6
31877,7
31878,5
31879,3
31880,5
31881,3
31882,5
31883,5
31884,4
31885,5
31886,5
31887,5
31888,3
31889,3
31890,5
31891,4
31892,5
31893,6
31894,7
31895,4
31896,6
31897,7
31898,6
31899,6
31900,2
31901,2
31902,4
31903,5
31904,4
31905,5
31906,1
31907,6
31908,3
31909,6
31910,4
31911,5
31912,3
31913,6
31914,6
31915,4
31916,2
31917,4
31918,6
31919,5
31920,2
31921,7
31922,4
31923,5
31924,2
31925,5
31926,5
31927,5
31928,4
31929,6
31930,6
31931,5
31932,5
31933,7
31934,6
31935,4
31936,7
31937,1
31938,6
31939,5
31940,3
31941,5
31942,1
31943,5
31944,5
31945,1
31946,2
31947,2
31948,5
31949,4
31950,4
31951,2
31952,4
31953,5
31954,6
31955,3
31956,5
31957,3
31958,5
31959,5
31960,4
31961,4
31962,5
31963,4
31964,5
31965,5
31966,5
31967,5
31968,4
31969,6
31970,4
31971,1
31972,7
31973,6
31974,6
31975,4
31976,4
31977,4
31978,7
31979,1
31980,5
31981,7
31982,4
31983,4
31984,6
31985,4
31986,4
31987,4
31988,6
31989,2
31990,7
31991,5
31992,4
31993,4
31994,6
31995,5
31996,4
31997,3
31998,5
31999,4
32000,5
32001,6
32002,4
32003,4
32004,3
32005,5
32006,6
32007,5
32008,5
32009,6
32010,5
32011,4
32012,5
32013,7
32014,4
32015,6
32016,2
32017,5
32018,4
32019,7
32020,4
32021,4
32022,4
32023,4
32024,6
32025,5
32026,3
32027,4
32028,6
32029,3
32030,6
32031,3
32032,7
32033,5
32034,3
32035,6
32036,6
32037,3
32038,7
32039,6
32040,7
32041,4
32042,5
32043,4
32044,6
32045,7
32046,4
32047,1
32048,7
32049,6
32050,6
32051,5
32052,7
32053,6
32054,7
32055,3
32056,5
32057,6
32058,5
32059,3
32060,6
32061,7
32062,4
32063,6
32064,4
32065,6
32066,5
32067,4
32068,4
32069,6
32070,4
32071,4
32072,3
32073,1
32074,6
32075,5
32076,2
32077,5
32078,5
32079,5
32080,5
32081,5
32082,7
32083,6
32084,2
32085,5
32086,4
32087,4
32088,7
32089,4
32090,5
32091,5
32092,6
32093,1
32094,4
32095,5
32096,7
32097,1
32098,2
32099,4
32100,3
32101,6
32102,5
32103,6
32104,6
32105,7
32106,5
32107,7
32108,3
32109,3
32110,2
32111,3
32112,5
32113,7
32114,5
32115,2
32116,6
32117,2
32118,7
32119,2
32120,5
32121,4
32122,5
32123,4
32124,6
32125,6
32126,3
32127,4
32128,4
32129,6
32130,4
32131,7
32132,5
32133,4
32134,4
32135,6
32136,3
32137,6
32138,4
32139,3
32140,6
32141,5
32142,7
32143,7
32144,5
32145,3
32146,2
32147,6
32148,3
32149,5
32150,3
32151,7
32152,5
32153,6
32154,5
32155,4
32156,6
32157,6
32158,5
32159,6
32160,2
32161,5
32162,6
32163,5
32164,5
32165,1
32166,5
32167,5
32168,6
32169,5
32170,2
32171,5
32172,4
32173,5
32174,4
32175,4
32176,1
32177,2
32178,6
32179,7
32180,5
32181,7
32182,7
32183,6
32184,7
32185,5
32186,4
32187,5
32188,3
32189,7
32190,5
32191,5
32192,6
32193,4
32194,6
32195,5
32196,6
32197,4
32198,1
32199,6
32200,2
32201,5
32202,5
32203,5
32204,5
32205,5
32206,2
32207,7
32208,3
32209,5
32210,5
32211,3
32212,5
32213,6
32214,6
32215,5
32216,5
32217,6
32218,2
32219,4
32220,4
32221,5
32222,6
32223,5
32224,3
32225,3
32226,5
32227,1
32228,5
32229,5
32230,6
32231,5
32232,6
32233,1
32234,7
32235,5
32236,5
32237,4
32238,6
32239,4
32240,5
32241,7
32242,4
32243,4
32244,3
32245,6
32246,2
32247,7
32248,4
32249,7
32250,5
32251,5
32252,2
32253,7
32254,7
32255,5
32256,4
32257,6
32258,7
32259,6
32260,5
32261,3
32262,6
32263,5
32264,2
32265,7
32266,6
32267,7
32268,3
32269,5
32270,4
32271,6
32272,4
32273,5
32274,6
32275,3
32276,3
32277,4
32278,3
32279,6
32280,6
32281,6
32282,5
32283,7
32284,5
32285,4
32286,5
32287,4
32288,6
32289,4
32290,4
32291,4
32292,3
32293,6
32294,6
32295,4
32296,4
32297,7
32298,7
32299,6
32300,2
32301,7
32302,4
32303,3
32304,5
32305,2
32306,3
32307,7
32308,5
32309,3
32310,5
32311,5
32312,5
32313,4
32314,4
32315,5
32316,4
32317,6
32318,5
32319,5
32320,5
32321,1
32322,3
32323,5
32324,5
32325,7
32326,3
32327,5
32328,5
32329,6
32330,5
32331,7
32332,5
32333,7
32334,5
32335,3
32336,3
32337,3
32338,6
32339,5
32340,5
32341,7
32342,4
32343,6
32344,4
32345,3
32346,4
32347,6
32348,3
32349,6
32350,7
32351,4
32352,6
32353,4
32354,4
32355,4
32356,5
32357,3
32358,5
32359,5
32360,6
32361,6
32362,2
32363,4
32364,5
32365,4
32366,3
32367,4
32368,7
32369,3
32370,3
32371,6
32372,3
32373,5
32374,3
32375,5
32376,5
32377,4
32378,7
32379,5
32380,5
32381,5
32382,7
32383,6
32384,3
32385,6
32386,4
32387,5
32388,4
32389,1
32390,5
32391,5
32392,5
32393,4
32394,5
32395,6
32396,7
32397,5
32398,4
32399,7
32400,6
32401,7
32402,4
32403,7
32404,6
32405,5
32406,5
32407,6
32408,7
32409,4
32410,3
32411,4
32412,7
32413,7
32414,5
32415,1
32416,5
32417,4
32418,6
32419,5
32420,5
32421,4
32422,6
32423,6
32424,6
32425,7
32426,7
32427,5
32428,4
32429,5
32430,7
32431,6
32432,7
32433,2
32434,5
32435,5
32436,3
32437,3
32438,6
32439,5
32440,1
32441,2
32442,7
32443,6
32444,5
32445,5
32446,6
32447,4
32448,5
32449,5
32450,4
32451,6
32452,3
32453,5
32454,7
32455,4
32456,1
32457,6
32458,4
32459,5
32460,5
32461,5
32462,3
32463,6
32464,7
32465,4
32466,3
32467,5
32468,4
32469,5
32470,2
32471,5
32472,5
32473,5
32474,4
32475,5
32476,3
32477,5
32478,6
32479,4
32480,1
32481,7
32482,5
32483,6
32484,6
32485,2
32486,3
32487,5
32488,5
32489,6
32490,6
32491,4
32492,5
32493,3
32494,4
32495,5
32496,4
32497,5
32498,3
32499,6
32500,6
32501,5
32502,5
32503,7
32504,5
32505,7
32506,5
32507,2
32508,5
32509,5
32510,6
32511,4
32512,6
32513,7
32514,4
32515,5
32516,4
32517,4
32518,3
32519,4
32520,2
32521,1
32522,7
32523,5
32524,5
32525,1
32526,6
32527,6
32528,5
32529,4
32530,6
32531,3
32532,5
32533,7
32534,5
32535,6
32536,5
32537,4
32538,7
32539,4
32540,7
32541,4
32542,5
32543,5
32544,5
32545,4
32546,2
32547,5
32548,3
32549,5
32550,6
32551,5
32552,5
32553,7
32554,5
32555,4
32556,4
32557,6
32558,5
32559,5
32560,4
32561,7
32562,5
32563,1
32564,6
32565,4
32566,7
32567,4
32568,2
32569,5
32570,6
32571,4
32572,7
32573,7
32574,4
32575,4
32576,5
32577,4
32578,7
32579,5
32580,5
32581,4
32582,6
32583,6
32584,3
32585,4
32586,1
32587,5
32588,5
32589,4
32590,4
32591,4
32592,5
32593,7
32594,4
32595,5
32596,5
32597,5
32598,7
32599,5
32600,2
32601,6
32602,5
32603,6
32604,4
32605,5
32606,6
32607,5
32608,2
32609,2
32610,5
32611,6
32612,3
32613,5
32614,7
32615,6
32616,5
32617,3
32618,6
32619,7
32620,6
32621,4
32622,6
32623,7
32624,5
32625,4
32626,4
32627,6
32628,5
32629,4
32630,5
32631,5
32632,5
32633,6
32634,4
32635,5
32636,7
32637,4
32638,4
32639,7
32640,3
32641,6
32642,7
32643,6
32644,4
32645,5
32646,2
32647,5
32648,6
32649,4
32650,4
32651,3
32652,6
32653,6
32654,5
32655,7
32656,4
32657,4
32658,5
32659,5
32660,5
32661,4
32662,7
32663,2
32664,6
32665,3
32666,6
32667,5
32668,4
32669,6
32670,5
32671,7
32672,5
32673,6
32674,4
32675,7
32676,6
32677,1
32678,5
32679,5
32680,6
32681,4
32682,6
32683,3
32684,7
32685,5
32686,5
32687,4
32688,2
32689,3
32690,6
32691,5
32692,5
32693,7
32694,4
32695,5
32696,5
32697,5
32698,6
32699,4
32700,5
32701,5
32702,5
32703,6
32704,7
32705,6
32706,4
32707,2
32708,6
32709,3
32710,3
32711,5
32712,6
32713,4
32714,6
32715,6
32716,6
32717,5
32718,5
32719,2
32720,6
32721,5
32722,3
32723,5
32724,4
32725,5
32726,5
32727,7
32728,5
32729,7
32730,6
32731,5
32732,7
32733,5
32734,7
32735,6
32736,7
32737,2
32738,5
32739,6
32740,5
32741,4
32742,7
32743,7
32744,5
32745,7
32746,7
32747,7
32748,4
32749,4
32750,5
32751,4
32752,2
32753,6
32754,5
32755,5
32756,5
32757,5
32758,7
32759,6
32760,3
32761,5
32762,7
32763,2
32764,7
32765,4
32766,6
32767,6
32768,5
32769,4
32770,6
32771,4
32772,5
32773,4
32774,6
32775,6
32776,6
32777,7
32778,5
32779,2
32780,5
32781,7
32782,6
32783,5
32784,4
32785,5
32786,4
32787,7
32788,2
32789,6
32790,5
32791,5
32792,5
32793,3
32794,4
32795,5
32796,6
32797,5
32798,7
32799,5
32800,5
32801,5
32802,4
32803,6
32804,5
32805,5
32806,5
32807,7
32808,5
32809,7
32810,6
32811,6
32812,2
32813,7
32814,6
32815,5
32816,5
32817,6
32818,6
32819,5
32820,6
32821,4
32822,5
32823,6
32824,4
32825,6
32826,6
32827,5
32828,4
32829,5
32830,7
32831,5
32832,3
32833,5
32834,6
32835,6
32836,4
32837,4
32838,5
32839,4
32840,6
32841,3
32842,6
32843,5
32844,7
32845,7
32846,5
32847,5
32848,1
32849,3
32850,5
32851,4
32852,6
32853,7
32854,1
32855,7
32856,5
32857,5
32858,5
32859,4
32860,7
32861,7
32862,4
32863,6
32864,7
32865,1
32866,4
32867,4
32868,5
32869,3
32870,2
32871,6
32872,5
32873,3
32874,4
32875,5
32876,4
32877,6
32878,1
32879,5
32880,7
32881,4
32882,4
32883,5
32884,2
32885,5
32886,3
32887,4
32888,5
32889,1
32890,6
32891,2
32892,3
32893,6
32894,7
32895,7
32896,7
32897,4
32898,7
32899,6
32900,5
32901,4
32902,4
32903,6
32904,7
32905,6
32906,5
32907,7
32908,6
32909,3
32910,7
32911,7
32912,5
32913,4
32914,3
32915,4
32916,3
32917,5
32918,4
32919,4
32920,2
32921,4
32922,7
32923,3
32924,5
32925,7
32926,4
32927,3
32928,4
32929,4
32930,6
32931,6
32932,4
32933,6
32934,7
32935,4
32936,2
32937,7
32938,5
32939,6
32940,2
32941,5
32942,3
32943,7
32944,5
32945,3
32946,2
32947,2
32948,5
32949,5
32950,2
32951,2
32952,5
32953,4
32954,5
32955,5
32956,4
32957,5
32958,3
32959,5
32960,4
32961,6
32962,5
32963,7
32964,6
32965,1
32966,7
32967,5
32968,5
32969,7
32970,6
32971,5
32972,4
32973,6
32974,3
32975,7
32976,5
32977,3
32978,4
32979,4
32980,2
32981,6
32982,6
32983,6
32984,5
32985,5
32986,5
32987,5
32988,6
32989,5
32990,3
32991,7
32992,6
32993,7
32994,6
32995,6
32996,5
32997,4
32998,1
32999,6
33000,5
33001,4
33002,4
33003,3
33004,4
33005,4
33006,5
33007,3
33008,5
33009,5
33010,5
33011,7
33012,6
33013,6
33014,3
33015,3
33016,3
33017,7
33018,5
33019,5
33020,6
33021,3
33022,4
33023,7
33024,6
33025,7
33026,6
33027,4
33028,6
33029,7
33030,5
33031,6
33032,7
33033,7
33034,2
33035,7
33036,5
33037,5
33038,5
33039,3
33040,3
33041,6
33042,6
33043,6
33044,7
33045,5
33046,5
33047,5
33048,4
33049,6
33050,5
33051,5
33052,2
33053,2
33054,5
33055,5
33056,4
33057,3
33058,6
33059,5
33060,6
33061,3
33062,7
33063,5
33064,5
33065,5
33066,2
33067,5
33068,5
33069,4
33070,5
33071,4
33072,5
33073,3
33074,5
33075,2
33076,7
33077,5
33078,4
33079,4
33080,2
33081,4
33082,6
33083,6
33084,6
33085,6
33086,4
33087,4
33088,6
33089,5
33090,3
33091,5
33092,7
33093,4
33094,6
33095,6
33096,1
33097,6
33098,7
33099,5
33100,2
33101,2
33102,7
33103,2
33104,5
33105,2
33106,6
33107,6
33108,5
33109,5
33110,4
33111,5
33112,7
33113,6
33114,6
33115,7
33116,4
33117,4
33118,7
33119,3
33120,4
33121,6
33122,5
33123,4
33124,5
33125,7
33126,6
33127,4
33128,5
33129,3
33130,2
33131,2
33132,6
33133,4
33134,6
33135,4
33136,5
33137,6
33138,6
33139,5
33140,5
33141,5
33142,6
33143,4
33144,5
33145,5
33146,5
33147,5
33148,6
33149,7
33150,6
33151,5
33152,3
33153,3
33154,6
33155,1
33156,6
33157,4
33158,7
33159,6
33160,3
33161,5
33162,5
33163,6
33164,4
33165,6
33166,5
33167,5
33168,5
33169,5
33170,6
33171,5
33172,2
33173,5
33174,5
33175,4
33176,4
33177,4
33178,4
33179,7
33180,5
33181,7
33182,4
33183,6
33184,5
33185,4
33186,2
33187,6
33188,7
33189,1
33190,5
33191,3
33192,2
33193,3
33194,4
33195,5
33196,4
33197,7
33198,6
33199,6
33200,6
33201,5
33202,7
33203,5
33204,3
33205,4
33206,2
33207,6
33208,5
33209,4
33210,7
33211,7
33212,6
33213,7
33214,6
33215,7
33216,4
33217,6
33218,6
33219,4
33220,2
33221,6
33222,5
33223,5
33224,5
33225,5
33226,2
33227,5
33228,5
33229,5
33230,5
33231,5
33232,2
33233,5
33234,4
33235,1
33236,3
33237,5
33238,5
33239,5
33240,6
33241,4
33242,4
33243,5
33244,4
33245,3
33246,4
33247,5
33248,4
33249,5
33250,2
33251,3
33252,6
33253,5
33254,6
33255,4
33256,7
33257,7
33258,6
33259,3
33260,5
33261,6
33262,4
33263,6
33264,4
33265,4
33266,3
33267,1
33268,7
33269,2
33270,4
33271,6
33272,1
33273,3
33274,5
33275,4
33276,7
33277,5
33278,7
33279,5
33280,5
33281,7
33282,5
33283,5
33284,5
33285,2
33286,7
33287,4
33288,4
33289,3
33290,5
33291,5
33292,7
33293,4
33294,4
33295,5
33296,2
33297,4
33298,1
33299,5
33300,7
33301,3
33302,6
33303,3
33304,7
33305,5
33306,7
33307,5
33308,5
33309,6
33310,4
33311,7
33312,4
33313,6
33314,7
33315,7
33316,2
33317,5
33318,5
33319,3
33320,5
33321,3
33322,5
33323,5
33324,5
33325,4
33326,4
33327,5
33328,4
33329,6
33330,5
33331,4
33332,4
33333,6
33334,7
33335,7
33336,3
33337,7
33338,1
33339,5
33340,3
33341,5
33342,5
33343,7
33344,7
33345,3
33346,5
33347,7
33348,4
33349,3
33350,3
33351,5
33352,4
33353,5
33354,7
33355,6
33356,4
33357,5
33358,4
33359,5
33360,6
33361,5
33362,6
33363,7
33364,6
33365,5
33366,6
33367,4
33368,6
33369,6
33370,6
33371,4
33372,6
33373,3
33374,5
33375,7
33376,4
33377,3
33378,5
33379,5
33380,6
33381,5
33382,5
33383,6
33384,5
33385,2
33386,4
33387,7
33388,5
33389,5
33390,6
33391,6
33392,5
33393,5
33394,5
33395,4
33396,4
33397,5
33398,5
33399,4
33400,4
33401,4
33402,4
33403,4
33404,3
33405,4
33406,4
33407,5
33408,5
33409,5
33410,5
33411,3
33412,6
33413,7
33414,5
33415,5
33416,6
33417,5
33418,1
33419,7
33420,5
33421,7
33422,7
33423,3
33424,5
33425,3
33426,4
33427,4
33428,4
33429,4
33430,6
33431,3
33432,5
33433,3
33434,6
33435,5
33436,7
33437,3
33438,6
33439,5
33440,3
33441,7
33442,2
33443,6
33444,5
33445,6
33446,4
33447,7
33448,6
33449,5
33450,5
33451,5
33452,5
33453,5
33454,5
33455,4
33456,6
33457,4
33458,6
33459,5
33460,7
33461,6
33462,5
33463,6
33464,3
33465,5
33466,2
33467,5
33468,4
33469,4
33470,5
33471,5
33472,6
33473,5
33474,5
33475,6
33476,7
33477,5
33478,5
33479,5
33480,7
33481,6
33482,7
33483,4
33484,5
33485,5
33486,5
33487,3
33488,6
33489,3
33490,3
33491,3
33492,5
33493,4
33494,6
33495,4
33496,3
33497,4
33498,5
33499,5
33500,3
33501,6
33502,7
33503,5
33504,5
33505,6
33506,7
33507,6
33508,5
33509,3
33510,4
33511,4
33512,7
33513,4
33514,3
33515,6
33516,6
33517,5
33518,5
33519,5
33520,6
33521,4
33522,7
33523,7
33524,5
33525,4
33526,5
33527,5
33528,5
33529,4
33530,4
33531,7
33532,7
33533,6
33534,3
33535,6
33536,6
33537,5
33538,6
33539,7
33540,3
33541,1
33542,4
33543,3
33544,6
33545,5
33546,7
33547,6
33548,7
33549,5
33550,5
33551,4
33552,6
33553,6
33554,6
33555,4
33556,2
33557,6
33558,5
33559,5
33560,6
33561,5
33562,2
33563,4
33564,6
33565,6
33566,5
33567,7
33568,5
33569,6
33570,7
33571,6
33572,6
33573,5
33574,4
33575,4
33576,5
33577,5
33578,5
33579,1
33580,2
33581,5
33582,4
33583,1
33584,5
33585,5
33586,4
33587,7
33588,7
33589,4
33590,6
33591,4
33592,4
33593,7
33594,6
33595,5
33596,4
33597,5
33598,5
33599,4
33600,7
33601,3
33602,4
33603,5
33604,2
33605,5
33606,4
33607,6
33608,4
33609,1
33610,4
33611,3
33612,5
33613,6
33614,5
33615,5
33616,5
33617,6
33618,6
33619,7
33620,6
33621,5
33622,7
33623,5
33624,5
33625,5
33626,7
33627,5
33628,4
33629,6
33630,5
33631,7
33632,5
33633,7
33634,5
33635,5
33636,6
33637,7
33638,4
33639,6
33640,5
33641,7
33642,5
33643,5
33644,5
33645,1
33646,4
33647,3
33648,4
33649,1
33650,7
33651,6
33652,7
33653,4
33654,3
33655,7
33656,5
33657,5
33658,7
33659,4
33660,5
33661,5
33662,5
33663,7
33664,6
33665,4
33666,5
33667,3
33668,4
33669,4
33670,5
33671,4
33672,6
33673,5
33674,7
33675,6
33676,5
33677,4
33678,6
33679,5
33680,4
33681,5
33682,5
33683,5
33684,5
33685,5
33686,3
33687,6
33688,7
33689,3
33690,5
33691,4
33692,5
33693,7
33694,2
33695,5
33696,6
33697,5
33698,4
33699,5
33700,7
33701,5
33702,6
33703,6
33704,5
33705,7
33706,2
33707,4
33708,5
33709,6
33710,1
33711,2
33712,5
33713,4
33714,4
33715,3
33716,5
33717,4
33718,6
33719,2
33720,7
33721,1
33722,3
33723,5
33724,4
33725,6
33726,6
33727,5
33728,3
33729,5
33730,4
33731,6
33732,5
33733,5
33734,3
33735,7
33736,4
33737,7
33738,4
33739,3
33740,6
33741,4
33742,5
33743,5
33744,6
33745,1
33746,7
33747,3
33748,2
33749,6
33750,4
33751,7
33752,7
33753,5
33754,4
33755,3
33756,2
33757,3
33758,4
33759,5
33760,5
33761,5
33762,4
33763,3
33764,6
33765,3
33766,6
33767,2
33768,7
33769,5
33770,5
33771,5
33772,5
33773,4
33774,5
33775,5
33776,4
33777,6
33778,7
33779,5
33780,5
33781,7
33782,7
33783,2
33784,4
33785,6
33786,4
33787,7
33788,3
33789,1
33790,4
33791,5
33792,4
33793,5
33794,4
33795,4
33796,4
33797,6
33798,6
33799,4
33800,7
33801,5
33802,6
33803,4
33804,5
33805,5
33806,6
33807,5
33808,5
33809,6
33810,5
33811,5
33812,3
33813,4
33814,5
33815,6
33816,7
33817,3
33818,3
33819,2
33820,7
33821,5
33822,5
33823,5
33824,1
33825,5
33826,3
33827,5
33828,6
33829,4
33830,4
33831,7
33832,6
33833,7
33834,4
33835,5
33836,6
33837,4
33838,5
33839,5
33840,3
33841,7
33842,6
33843,6
33844,6
33845,2
33846,6
33847,4
33848,5
33849,1
33850,7
33851,6
33852,5
33853,6
33854,4
33855,6
33856,4
33857,3
33858,3
33859,2
33860,2
33861,5
33862,4
33863,5
33864,7
33865,5
33866,6
33867,1
33868,6
33869,5
33870,5
33871,5
33872,4
33873,6
33874,5
33875,2
33876,3
33877,5
33878,4
33879,3
33880,4
33881,6
33882,7
33883,5
33884,7
33885,7
33886,4
33887,5
33888,7
33889,3
33890,6
33891,5
33892,5
33893,7
33894,5
33895,5
33896,6
33897,7
33898,6
33899,6
33900,6
33901,4
33902,6
33903,7
33904,5
33905,7
33906,5
33907,7
33908,4
33909,6
33910,3
33911,3
33912,5
33913,3
33914,7
33915,5
33916,6
33917,4
33918,3
33919,5
33920,2
33921,5
33922,5
33923,7
33924,3
33925,7
33926,6
33927,3
33928,5
33929,4
33930,5
33931,7
33932,4
33933,5
33934,5
33935,5
33936,5
33937,4
33938,4
33939,6
33940,4
33941,7
33942,7
33943,4
33944,4
33945,3
33946,5
33947,4
33948,5
33949,5
33950,3
33951,2
33952,3
33953,5
33954,4
33955,4
33956,5
33957,4
33958,4
33959,6
33960,6
33961,4
33962,6
33963,6
33964,4
33965,4
33966,4
33967,6
33968,5
33969,6
33970,2
33971,7
33972,5
33973,5
33974,5
33975,4
33976,3
33977,5
33978,5
33979,5
33980,6
33981,4
33982,6
33983,3
33984,5
33985,5
33986,5
33987,4
33988,6
33989,4
33990,4
33991,3
33992,4
33993,7
33994,5
33995,3
33996,4
33997,4
33998,5
33999,3
34000,6
34001,6
34002,6
34003,4
34004,5
34005,6
34006,6
34007,3
34008,6
34009,5
34010,5
34011,4
34012,5
34013,7
34014,5
34015,5
34016,4
34017,5
34018,3
34019,6
34020,5
34021,5
34022,5
34023,5
34024,6
34025,4
34026,5
34027,7
34028,2
34029,6
34030,6
34031,5
34032,4
34033,5
34034,6
34035,7
34036,5
34037,6
34038,7
34039,7
34040,7
34041,4
34042,5
34043,7
34044,5
34045,5
34046,4
34047,5
34048,5
34049,4
34050,1
34051,3
34052,4
34053,5
34054,4
34055,6
34056,5
34057,5
34058,5
34059,6
34060,5
34061,3
34062,7
34063,3
34064,5
34065,5
34066,2
34067,6
34068,6
34069,5
34070,5
34071,2
34072,7
34073,5
34074,4
34075,5
34076,4
34077,5
34078,5
34079,6
34080,4
34081,6
34082,4
34083,5
34084,5
34085,5
34086,7
34087,3
34088,5
34089,6
34090,4
34091,4
34092,6
34093,4
34094,7
34095,5
34096,4
34097,3
34098,7
34099,7
34100,4
34101,6
34102,6
34103,1
34104,4
34105,5
34106,4
34107,3
34108,5
34109,5
34110,3
34111,4
34112,5
34113,4
34114,5
34115,4
34116,4
34117,4
34118,7
34119,4
34120,7
34121,4
34122,3
34123,7
34124,2
34125,3
34126,4
34127,5
34128,4
34129,5
34130,4
34131,7
34132,7
34133,3
34134,6
34135,3
34136,5
34137,5
34138,5
34139,4
34140,7
34141,4
34142,5
34143,4
34144,5
34145,2
34146,5
34147,6
34148,4
34149,6
34150,5
34151,5
34152,7
34153,5
34154,6
34155,5
34156,7
34157,4
34158,5
34159,3
34160,5
34161,5
34162,6
34163,3
34164,6
34165,5
34166,6
34167,5
34168,5
34169,2
34170,7
34171,7
34172,4
34173,6
34174,6
34175,6
34176,4
34177,4
34178,7
34179,5
34180,5
34181,4
34182,1
34183,4
34184,7
34185,4
34186,6
34187,2
34188,6
34189,5
34190,6
34191,3
34192,5
34193,5
34194,6
34195,6
34196,7
34197,2
34198,6
34199,4
34200,6
34201,4
34202,5
34203,4
34204,3
34205,2
34206,4
34207,4
34208,7
34209,4
34210,7
34211,7
34212,4
34213,5
34214,5
34215,7
34216,4
34217,6
34218,5
34219,4
34220,4
34221,4
34222,6
34223,5
34224,7
34225,5
34226,5
34227,6
34228,5
34229,6
34230,7
34231,7
34232,5
34233,5
34234,5
34235,4
34236,3
34237,6
34238,5
34239,7
34240,5
34241,6
34242,5
34243,5
34244,5
34245,5
34246,4
34247,7
34248,5
34249,5
34250,6
34251,7
34252,7
34253,6
34254,6
34255,4
34256,5
34257,6
34258,6
34259,3
34260,7
34261,5
34262,4
34263,4
34264,2
34265,4
34266,1
34267,5
34268,6
34269,2
34270,5
34271,3
34272,7
34273,6
34274,7
34275,4
34276,5
34277,2
34278,5
34279,4
34280,6
34281,3
34282,1
34283,4
34284,4
34285,3
34286,5
34287,7
34288,5
34289,5
34290,3
34291,4
34292,4
34293,5
34294,5
34295,5
34296,5
34297,7
34298,5
34299,5
34300,6
34301,5
34302,3
34303,7
34304,4
34305,4
34306,6
34307,5
34308,4
34309,5
34310,4
34311,7
34312,7
34313,3
34314,3
34315,5
34316,7
34317,7
34318,7
34319,6
34320,5
34321,5
34322,6
34323,6
34324,3
34325,5
34326,6
34327,7
34328,6
34329,3
34330,1
34331,7
34332,4
34333,2
34334,3
34335,5
34336,5
34337,4
34338,5
34339,6
34340,6
34341,7
34342,7
34343,4
34344,1
34345,5
34346,6
34347,5
34348,2
34349,1
34350,2
34351,7
34352,7
34353,5
34354,6
34355,6
34356,7
34357,6
34358,2
34359,6
34360,3
34361,2
34362,5
34363,4
34364,6
34365,5
34366,7
34367,5
34368,5
34369,6
34370,5
34371,5
34372,7
34373,3
34374,3
34375,7
34376,4
34377,7
34378,1
34379,2
34380,5
34381,5
34382,5
34383,5
34384,4
34385,6
34386,5
34387,5
34388,3
34389,4
34390,3
34391,7
34392,5
34393,4
34394,7
34395,7
34396,4
34397,5
34398,5
34399,6
34400,4
34401,4
34402,6
34403,4
34404,6
34405,5
34406,7
34407,5
34408,1
34409,7
34410,5
34411,7
34412,7
34413,3
34414,2
34415,7
34416,7
34417,5
34418,7
34419,1
34420,5
34421,4
34422,6
34423,5
34424,5
34425,5
34426,6
34427,5
34428,6
34429,5
34430,4
34431,5
34432,6
34433,7
34434,5
34435,3
34436,3
34437,5
34438,6
34439,5
34440,2
34441,5
34442,3
34443,4
34444,4
34445,3
34446,4
34447,5
34448,5
34449,7
34450,7
34451,4
34452,7
34453,6
34454,6
34455,5
34456,6
34457,4
34458,6
34459,3
34460,7
34461,6
34462,2
34463,4
34464,3
34465,5
34466,2
34467,5
34468,4
34469,5
34470,7
34471,1
34472,6
34473,4
34474,4
34475,7
34476,5
34477,3
34478,3
34479,7
34480,7
34481,3
34482,4
34483,5
34484,6
34485,4
34486,5
34487,5
34488,4
34489,7
34490,4
34491,5
34492,3
34493,6
34494,4
34495,4
34496,6
34497,4
34498,7
34499,3
34500,6
34501,5
34502,3
34503,4
34504,4
34505,5
34506,4
34507,5
34508,4
34509,3
34510,5
34511,5
34512,3
34513,7
34514,6
34515,4
34516,5
34517,4
34518,7
34519,5
34520,6
34521,6
34522,5
34523,5
34524,2
34525,6
34526,7
34527,6
34528,6
34529,5
34530,5
34531,7
34532,5
34533,5
34534,5
34535,6
34536,3
34537,5
34538,6
34539,7
34540,3
34541,3
34542,5
34543,6
34544,5
34545,5
34546,5
34547,5
34548,7
34549,5
34550,4
34551,5
34552,4
34553,5
34554,3
34555,7
34556,4
34557,6
34558,6
34559,3
34560,6
34561,4
34562,6
34563,6
34564,4
34565,6
34566,6
34567,7
34568,7
34569,5
34570,5
34571,4
34572,5
34573,5
34574,5
34575,7
34576,2
34577,7
34578,3
34579,4
34580,6
34581,5
34582,4
34583,5
34584,7
34585,7
34586,7
34587,5
34588,7
34589,4
34590,5
34591,5
34592,5
34593,6
34594,4
34595,3
34596,2
34597,4
34598,4
34599,4
34600,6
34601,3
34602,7
34603,2
34604,4
34605,3
34606,5
34607,4
34608,7
34609,4
34610,2
34611,3
34612,1
34613,4
34614,6
34615,4
34616,6
34617,6
34618,6
34619,2
34620,5
34621,4
34622,5
34623,4
34624,6
34625,4
34626,5
34627,4
34628,5
34629,5
34630,4
34631,5
34632,7
34633,6
34634,5
34635,5
34636,4
34637,6
34638,4
34639,6
34640,6
34641,5
34642,5
34643,5
34644,5
34645,1
34646,7
34647,2
34648,6
34649,4
34650,6
34651,6
34652,4
34653,6
34654,4
34655,6
34656,4
34657,5
34658,4
34659,5
34660,4
34661,4
34662,7
34663,5
34664,6
34665,3
34666,2
34667,5
34668,6
34669,5
34670,6
34671,3
34672,5
34673,4
34674,3
34675,6
34676,7
34677,7
34678,4
34679,7
34680,7
34681,1
34682,4
34683,4
34684,6
34685,5
34686,7
34687,6
34688,4
34689,7
34690,6
34691,6
34692,6
34693,6
34694,6
34695,6
34696,7
34697,6
34698,7
34699,7
34700,4
34701,3
34702,6
34703,4
34704,3
34705,5
34706,7
34707,5
34708,5
34709,6
34710,3
34711,3
34712,5
34713,6
34714,6
34715,5
34716,7
34717,5
34718,7
34719,7
34720,4
34721,5
34722,6
34723,6
34724,5
34725,5
34726,5
34727,7
34728,4
34729,6
34730,5
34731,3
34732,6
34733,5
34734,6
34735,5
34736,1
34737,2
34738,7
34739,7
34740,4
34741,4
34742,4
34743,6
34744,2
34745,7
34746,5
34747,7
34748,4
34749,5
34750,5
34751,5
34752,4
34753,5
34754,4
34755,1
34756,6
34757,6
34758,6
34759,7
34760,5
34761,3
34762,6
34763,5
34764,7
34765,5
34766,5
34767,4
34768,6
34769,5
34770,3
34771,3
34772,2
34773,4
34774,6
34775,3
34776,4
34777,2
34778,4
34779,5
34780,3
34781,5
34782,6
34783,5
34784,4
34785,5
34786,5
34787,4
34788,5
34789,1
34790,6
34791,4
34792,4
34793,5
34794,5
34795,3
34796,4
34797,3
34798,3
34799,5
34800,5
34801,5
34802,7
34803,5
34804,5
34805,3
34806,4
34807,5
34808,6
34809,3
34810,7
34811,2
34812,6
34813,4
34814,6
34815,5
34816,5
34817,1
34818,3
34819,4
34820,3
34821,2
34822,4
34823,5
34824,4
34825,4
34826,5
34827,5
34828,3
34829,6
34830,5
34831,5
34832,6
34833,6
34834,4
34835,4
34836,4
34837,7
34838,3
34839,4
34840,7
34841,5
34842,4
34843,5
34844,5
34845,7
34846,5
34847,4
34848,7
34849,5
34850,6
34851,4
34852,4
34853,3
34854,5
34855,3
34856,5
34857,7
34858,5
34859,5
34860,1
34861,5
34862,7
34863,5
34864,2
34865,3
34866,7
34867,7
34868,4
34869,4
34870,5
34871,6
34872,6
34873,3
34874,6
34875,6
34876,4
34877,5
34878,6
34879,4
34880,6
34881,4
34882,5
34883,3
34884,5
34885,5
34886,6
34887,6
34888,6
34889,4
34890,6
34891,3
34892,1
34893,3
34894,6
34895,6
34896,7
34897,5
34898,5
34899,4
34900,5
34901,5
34902,3
34903,7
34904,4
34905,7
34906,6
34907,6
34908,4
34909,4
34910,5
34911,6
34912,4
34913,6
34914,5
34915,4
34916,7
34917,5
34918,7
34919,4
34920,4
34921,3
34922,7
34923,6
34924,4
34925,7
34926,5
34927,7
34928,5
34929,4
34930,5
34931,6
34932,5
34933,5
34934,4
34935,2
34936,4
34937,4
34938,5
34939,7
34940,5
34941,7
34942,3
34943,7
34944,6
34945,3
34946,4
34947,3
34948,2
34949,5
34950,6
34951,7
34952,7
34953,7
34954,6
34955,6
34956,4
34957,2
34958,5
34959,5
34960,3
34961,5
34962,5
34963,5
34964,4
34965,7
34966,6
34967,7
34968,5
34969,6
34970,7
34971,6
34972,3
34973,7
34974,5
34975,5
34976,6
34977,4
34978,5
34979,3
34980,2
34981,4
34982,2
34983,6
34984,6
34985,5
34986,5
34987,6
34988,5
34989,5
34990,3
34991,3
34992,4
34993,6
34994,5
34995,4
34996,2
34997,5
34998,5
34999,6
35000,5
35001,7
35002,4
35003,5
35004,5
35005,5
35006,7
35007,2
35008,5
35009,4
35010,6
35011,5
35012,2
35013,4
35014,7
35015,4
35016,6
35017,5
35018,5
35019,4
35020,5
35021,4
35022,1
35023,5
35024,5
35025,6
35026,7
35027,7
35028,6
35029,3
35030,6
35031,5
35032,3
35033,5
35034,4
35035,7
35036,5
35037,5
35038,5
35039,7
35040,3
35041,6
35042,7
35043,4
35044,1
35045,7
35046,5
35047,3
35048,2
35049,4
35050,5
35051,5
35052,4
35053,7
35054,7
35055,2
35056,7
35057,6
35058,5
35059,5
35060,5
35061,7
35062,6
35063,3
35064,5
35065,7
35066,5
35067,4
35068,6
35069,6
35070,6
35071,4
35072,5
35073,2
35074,4
35075,5
35076,6
35077,6
35078,5
35079,5
35080,5
35081,5
35082,5
35083,7
35084,2
35085,5
35086,6
35087,6
35088,5
35089,3
35090,3
35091,4
35092,7
35093,2
35094,3
35095,5
35096,5
35097,4
35098,2
35099,5
35100,6
35101,6
35102,2
35103,6
35104,6
35105,5
35106,6
35107,6
35108,4
35109,4
35110,2
35111,5
35112,6
35113,3
35114,5
35115,5
35116,5
35117,6
35118,2
35119,5
35120,4
35121,5
35122,6
35123,3
35124,2
35125,4
35126,7
35127,6
35128,6
35129,7
35130,4
35131,5
35132,6
35133,3
35134,6
35135,3
35136,4
35137,6
35138,7
35139,7
35140,5
35141,6
35142,5
35143,6
35144,4
35145,2
35146,6
35147,5
35148,6
35149,5
35150,4
35151,3
35152,6
35153,6
35154,6
35155,6
35156,4
35157,5
35158,5
35159,5
35160,7
35161,6
35162,2
35163,7
35164,5
35165,5
35166,7
35167,5
35168,4
35169,4
35170,5
35171,5
35172,5
35173,4
35174,5
35175,7
35176,5
35177,1
35178,6
35179,4
35180,3
35181,5
35182,5
35183,5
35184,7
35185,5
35186,4
35187,6
35188,4
35189,6
35190,4
35191,6
35192,5
35193,4
35194,4
35195,6
35196,2
35197,5
35198,5
35199,2
35200,4
35201,5
35202,4
35203,7
35204,7
35205,6
35206,3
35207,4
35208,7
35209,1
35210,4
35211,1
35212,7
35213,6
35214,6
35215,6
35216,5
35217,4
35218,5
35219,5
35220,3
35221,4
35222,7
35223,5
35224,6
35225,2
35226,6
35227,5
35228,5
35229,5
35230,6
35231,1
35232,2
35233,7
35234,7
35235,6
35236,5
35237,7
35238,5
35239,3
35240,3
35241,5
35242,2
35243,7
35244,4
35245,6
35246,5
35247,6
35248,4
35249,6
35250,4
35251,5
35252,7
35253,6
35254,5
35255,5
35256,4
35257,4
35258,3
35259,7
35260,4
35261,5
35262,5
35263,5
35264,6
35265,4
35266,6
35267,5
35268,5
35269,6
35270,3
35271,5
35272,5
35273,4
35274,2
35275,6
35276,4
35277,5
35278,4
35279,7
35280,5
35281,5
35282,6
35283,5
35284,6
35285,6
35286,6
35287,6
35288,6
35289,7
35290,5
35291,3
35292,6
35293,4
35294,2
35295,6
35296,6
35297,4
35298,6
35299,5
35300,5
35301,7
35302,5
35303,5
35304,4
35305,2
35306,7
35307,5
35308,5
35309,5
35310,5
35311,6
35312,5
35313,5
35314,4
35315,6
35316,5
35317,4
35318,5
35319,5
35320,5
35321,7
35322,4
35323,4
35324,5
35325,6
35326,5
35327,5
35328,5
35329,7
35330,6
35331,3
35332,5
35333,4
35334,6
35335,6
35336,6
35337,4
35338,4
35339,7
35340,5
35341,3
35342,3
35343,5
35344,5
35345,7
35346,1
35347,6
35348,4
35349,4
35350,6
35351,4
35352,4
35353,3
35354,5
35355,6
35356,4
35357,4
35358,4
35359,5
35360,5
35361,4
35362,4
35363,4
35364,4
35365,6
35366,7
35367,6
35368,6
35369,5
35370,6
35371,3
35372,6
35373,3
35374,4
35375,7
35376,7
35377,5
35378,5
35379,6
35380,3
35381,7
35382,7
35383,3
35384,1
35385,6
35386,5
35387,3
35388,7
35389,1
35390,5
35391,4
35392,5
35393,3
35394,5
35395,3
35396,4
35397,4
35398,4
35399,6
35400,5
35401,7
35402,2
35403,4
35404,5
35405,4
35406,4
35407,4
35408,4
35409,4
35410,5
35411,5
35412,5
35413,5
35414,6
35415,4
35416,7
35417,7
35418,5
35419,5
35420,3
35421,5
35422,5
35423,4
35424,6
35425,3
35426,6
35427,5
35428,4
35429,6
35430,7
35431,5
35432,2
35433,6
35434,7
35435,5
35436,6
35437,3
35438,4
35439,4
35440,4
35441,4
35442,5
35443,6
35444,6
35445,4
35446,7
35447,5
35448,5
35449,7
35450,7
35451,7
35452,3
35453,6
35454,5
35455,4
35456,5
35457,4
35458,7
35459,4
35460,7
35461,4
35462,4
35463,5
35464,6
35465,6
35466,6
35467,4
35468,5
35469,5
35470,6
35471,4
35472,4
35473,5
35474,3
35475,6
35476,4
35477,4
35478,6
35479,7
35480,5
35481,4
35482,6
35483,7
35484,7
35485,3
35486,4
35487,3
35488,5
35489,6
35490,5
35491,3
35492,7
35493,6
35494,5
35495,4
35496,7
35497,6
35498,5
35499,5
35500,5
35501,2
35502,6
35503,5
35504,5
35505,6
35506,6
35507,4
35508,4
35509,7
35510,3
35511,5
35512,2
35513,6
35514,5
35515,5
35516,4
35517,1
35518,4
35519,5
35520,5
35521,4
35522,6
35523,4
35524,7
35525,6
35526,5
35527,5
35528,3
35529,5
35530,4
35531,6
35532,5
35533,6
35534,6
35535,7
35536,5
35537,6
35538,5
35539,4
35540,5
35541,6
35542,4
35543,7
35544,5
35545,6
35546,5
35547,5
35548,4
35549,3
35550,5
35551,6
35552,1
35553,6
35554,4
35555,2
35556,6
35557,6
35558,6
35559,5
35560,6
35561,5
35562,4
35563,5
35564,5
35565,5
35566,5
35567,6
35568,2
35569,6
35570,5
35571,5
35572,2
35573,5
35574,4
35575,5
35576,2
35577,5
35578,6
35579,4
35580,5
35581,5
35582,5
35583,4
35584,5
35585,6
35586,5
35587,7
35588,4
35589,4
35590,6
35591,6
35592,7
35593,3
35594,5
35595,6
35596,1
35597,6
35598,5
35599,3
35600,6
35601,4
35602,5
35603,5
35604,3
35605,5
35606,6
35607,5
35608,5
35609,5
35610,5
35611,7
35612,5
35613,6
35614,2
35615,6
35616,6
35617,5
35618,5
35619,5
35620,3
35621,2
35622,4
35623,7
35624,4
35625,3
35626,5
35627,3
35628,6
35629,6
35630,3
35631,5
35632,3
35633,7
35634,7
35635,2
35636,5
35637,5
35638,7
35639,6
35640,5
35641,4
35642,5
35643,4
35644,4
35645,5
35646,5
35647,6
35648,1
35649,4
35650,4
35651,5
35652,6
35653,3
35654,6
35655,5
35656,4
35657,5
35658,5
35659,6
35660,6
35661,5
35662,3
35663,4
35664,5
35665,5
35666,4
35667,5
35668,4
35669,4
35670,6
35671,5
35672,5
35673,5
35674,3
35675,6
35676,3
35677,3
35678,5
35679,4
35680,6
35681,5
35682,4
35683,3
35684,5
35685,6
35686,6
35687,5
35688,6
35689,4
35690,5
35691,2
35692,6
35693,6
35694,5
35695,5
35696,6
35697,6
35698,4
35699,6
35700,4
35701,5
35702,1
35703,5
35704,6
35705,4
35706,5
35707,7
35708,4
35709,6
35710,6
35711,4
35712,6
35713,6
35714,4
35715,3
35716,4
35717,5
35718,7
35719,2
35720,3
35721,5
35722,6
35723,7
35724,5
35725,7
35726,6
35727,5
35728,7
35729,5
35730,7
35731,5
35732,5
35733,4
35734,4
35735,4
35736,4
35737,6
35738,3
35739,4
35740,5
35741,6
35742,6
35743,6
35744,7
35745,5
35746,7
35747,2
35748,6
35749,6
35750,4
35751,5
35752,5
35753,5
35754,6
35755,4
35756,6
35757,7
35758,5
35759,5
35760,6
35761,5
35762,4
35763,3
35764,5
35765,6
35766,5
35767,7
35768,4
35769,6
35770,4
35771,5
35772,5
35773,5
35774,6
35775,6
35776,4
35777,7
35778,5
35779,2
35780,6
35781,6
35782,4
35783,4
35784,4
35785,6
35786,5
35787,7
35788,5
35789,5
35790,7
35791,4
35792,6
35793,6
35794,5
35795,3
35796,4
35797,6
35798,4
35799,5
35800,6
35801,5
35802,4
35803,7
35804,7
35805,4
35806,4
35807,7
35808,6
35809,6
35810,4
35811,3
35812,3
35813,5
35814,7
35815,3
35816,4
35817,5
35818,6
35819,4
35820,6
35821,7
35822,7
35823,4
35824,7
35825,4
35826,5
35827,5
35828,5
35829,2
35830,5
35831,7
35832,5
35833,5
35834,5
35835,5
35836,4
35837,4
35838,6
35839,4
35840,5
35841,7
35842,5
35843,7
35844,5
35845,5
35846,5
35847,3
35848,4
35849,5
35850,2
35851,3
35852,5
35853,5
35854,4
35855,2
35856,5
35857,7
35858,5
35859,6
35860,4
35861,1
35862,5
35863,4
35864,4
35865,6
35866,5
35867,5
35868,3
35869,6
35870,3
35871,5
35872,5
35873,5
35874,2
35875,5
35876,4
35877,4
35878,7
35879,5
35880,6
35881,4
35882,2
35883,6
35884,5
35885,2
35886,5
35887,3
35888,5
35889,2
35890,7
35891,3
35892,4
35893,7
35894,5
35895,4
35896,5
35897,5
35898,4
35899,5
35900,4
35901,7
35902,3
35903,5
35904,5
35905,7
35906,7
35907,5
35908,6
35909,4
35910,2
35911,5
35912,4
35913,3
35914,6
35915,4
35916,3
35917,5
35918,7
35919,5
35920,5
35921,5
35922,5
35923,6
35924,6
35925,4
35926,6
35927,7
35928,6
35929,1
35930,6
35931,4
35932,5
35933,4
35934,4
35935,5
35936,5
35937,6
35938,6
35939,4
35940,6
35941,5
35942,5
35943,5
35944,4
35945,6
35946,7
35947,5
35948,4
35949,4
35950,5
35951,6
35952,7
35953,4
35954,2
35955,6
35956,5
35957,7
35958,4
35959,5
35960,5
35961,1
35962,6
35963,5
35964,4
35965,5
35966,7
35967,7
35968,6
35969,6
35970,3
35971,5
35972,6
35973,5
35974,2
35975,4
35976,2
35977,6
35978,3
35979,6
35980,5
35981,4
35982,4
35983,3
35984,3
35985,4
35986,3
35987,5
35988,4
35989,5
35990,5
35991,6
35992,4
35993,7
35994,5
35995,4
35996,6
35997,6
35998,7
35999,3
36000,5
36001,7
36002,3
36003,6
36004,7
36005,5
36006,4
36007,6
36008,5
36009,2
36010,5
36011,7
36012,7
36013,5
36014,6
36015,7
36016,4
36017,6
36018,6
36019,5
36020,2
36021,5
36022,5
36023,5
36024,6
36025,4
36026,3
36027,6
36028,5
36029,3
36030,7
36031,7
36032,5
36033,6
36034,6
36035,6
36036,7
36037,4
36038,4
36039,6
36040,5
36041,3
36042,4
36043,5
36044,4
36045,5
36046,5
36047,4
36048,4
36049,7
36050,6
36051,7
36052,4
36053,2
36054,6
36055,2
36056,3
36057,6
36058,6
36059,5
36060,4
36061,2
36062,5
36063,5
36064,4
36065,6
36066,4
36067,4
36068,6
36069,6
36070,4
36071,5
36072,3
36073,6
36074,5
36075,6
36076,6
36077,4
36078,6
36079,3
36080,1
36081,3
36082,6
36083,5
36084,1
36085,4
36086,6
36087,7
36088,6
36089,3
36090,3
36091,6
36092,6
36093,7
36094,2
36095,5
36096,4
36097,7
36098,6
36099,4
36100,6
36101,4
36102,6
36103,7
36104,6
36105,4
36106,6
36107,2
36108,6
36109,3
36110,5
36111,4
36112,6
36113,5
36114,7
36115,4
36116,6
36117,6
36118,6
36119,6
36120,5
36121,4
36122,5
36123,5
36124,5
36125,4
36126,6
36127,5
36128,4
36129,2
36130,5
36131,6
36132,5
36133,7
36134,6
36135,5
36136,6
36137,4
36138,4
36139,5
36140,3
36141,7
36142,4
36143,5
36144,3
36145,5
36146,5
36147,5
36148,2
36149,7
36150,2
36151,4
36152,7
36153,2
36154,5
36155,5
36156,6
36157,5
36158,5
36159,6
36160,7
36161,2
36162,5
36163,4
36164,6
36165,3
36166,5
36167,5
36168,5
36169,6
36170,7
36171,6
36172,7
36173,5
36174,6
36175,4
36176,5
36177,5
36178,6
36179,1
36180,3
36181,3
36182,5
36183,6
36184,4
36185,2
36186,5
36187,3
36188,5
36189,2
36190,7
36191,5
36192,5
36193,5
36194,6
36195,2
36196,2
36197,7
36198,4
36199,7
36200,6
36201,4
36202,7
36203,2
36204,3
36205,6
36206,6
36207,3
36208,6
36209,5
36210,6
36211,6
36212,7
36213,7
36214,3
36215,7
36216,6
36217,7
36218,7
36219,3
36220,7
36221,2
36222,5
36223,5
36224,3
36225,2
36226,6
36227,3
36228,4
36229,5
36230,6
36231,4
36232,3
36233,4
36234,6
36235,7
36236,6
36237,6
36238,5
36239,7
36240,3
36241,5
36242,5
36243,5
36244,6
36245,2
36246,6
36247,6
36248,6
36249,7
36250,5
36251,5
36252,4
36253,1
36254,4
36255,6
36256,7
36257,2
36258,4
36259,5
36260,5
36261,7
36262,5
36263,5
36264,3
36265,4
36266,1
36267,6
36268,2
36269,7
36270,4
36271,5
36272,4
36273,4
36274,7
36275,5
36276,4
36277,4
36278,7
36279,5
36280,7
36281,5
36282,4
36283,5
36284,5
36285,5
36286,5
36287,3
36288,7
36289,4
36290,6
36291,5
36292,7
36293,6
36294,4
36295,1
36296,5
36297,5
36298,5
36299,5
36300,4
36301,7
36302,5
36303,5
36304,3
36305,4
36306,7
36307,3
36308,6
36309,6
36310,5
36311,2
36312,5
36313,6
36314,3
36315,6
36316,7
36317,4
36318,6
36319,4
36320,7
36321,5
36322,5
36323,4
36324,6
36325,5
36326,6
36327,6
36328,4
36329,3
36330,4
36331,4
36332,5
36333,5
36334,3
36335,5
36336,7
36337,3
36338,5
36339,5
36340,6
36341,7
36342,7
36343,2
36344,5
36345,5
36346,4
36347,6
36348,6
36349,5
36350,3
36351,6
36352,6
36353,5
36354,5
36355,6
36356,6
36357,3
36358,4
36359,2
36360,3
36361,6
36362,4
36363,5
36364,4
36365,1
36366,2
36367,5
36368,3
36369,7
36370,6
36371,6
36372,7
36373,6
36374,3
36375,7
36376,7
36377,4
36378,5
36379,2
36380,4
36381,5
36382,5
36383,4
36384,4
36385,5
36386,5
36387,5
36388,4
36389,6
36390,6
36391,4
36392,6
36393,5
36394,3
36395,4
36396,5
36397,4
36398,3
36399,6
36400,6
36401,2
36402,6
36403,3
36404,5
36405,5
36406,5
36407,6
36408,3
36409,5
36410,7
36411,5
36412,6
36413,4
36414,5
36415,4
36416,5
36417,5
36418,6
36419,2
36420,5
36421,7
36422,6
36423,4
36424,4
36425,3
36426,4
36427,5
36428,2
36429,5
36430,5
36431,6
36432,5
36433,5
36434,5
36435,6
36436,5
36437,4
36438,3
36439,4
36440,6
36441,5
36442,3
36443,6
36444,7
36445,2
36446,5
36447,5
36448,5
36449,5
36450,5
36451,5
36452,6
36453,5
36454,4
36455,6
36456,3
36457,7
36458,3
36459,7
36460,2
36461,5
36462,6
36463,2
36464,6
36465,7
36466,4
36467,3
36468,5
36469,5
36470,5
36471,5
36472,6
36473,7
36474,7
36475,5
36476,6
36477,3
36478,6
36479,2
36480,5
36481,6
36482,5
36483,2
36484,5
36485,4
36486,6
36487,3
36488,2
36489,5
36490,5
36491,7
36492,6
36493,6
36494,5
36495,3
36496,4
36497,7
36498,3
36499,4
36500,4
36501,5
36502,5
36503,5
36504,6
36505,6
36506,4
36507,3
36508,5
36509,4
36510,3
36511,4
36512,7
36513,7
36514,7
36515,6
36516,3
36517,3
36518,2
36519,6
36520,5
36521,5
36522,5
36523,3
36524,5
36525,4
36526,4
36527,4
36528,7
36529,5
36530,6
36531,4
36532,3
36533,2
36534,5
36535,4
36536,5
36537,4
36538,4
36539,5
36540,5
36541,4
36542,4
36543,5
36544,6
36545,4
36546,4
36547,5
36548,5
36549,6
36550,5
36551,6
36552,5
36553,6
36554,7
36555,5
36556,4
36557,4
36558,4
36559,4
36560,5
36561,1
36562,2
36563,6
36564,7
36565,3
36566,3
36567,5
36568,5
36569,2
36570,5
36571,5
36572,6
36573,5
36574,4
36575,6
36576,5
36577,5
36578,4
36579,5
36580,6
36581,3
36582,2
36583,5
36584,5
36585,3
36586,3
36587,5
36588,4
36589,5
36590,5
36591,5
36592,5
36593,4
36594,5
36595,5
36596,6
36597,7
36598,6
36599,6
36600,7
36601,7
36602,4
36603,4
36604,5
36605,6
36606,7
36607,5
36608,5
36609,2
36610,3
36611,5
36612,4
36613,7
36614,4
36615,3
36616,4
36617,5
36618,4
36619,7
36620,5
36621,4
36622,7
36623,4
36624,6
36625,7
36626,6
36627,3
36628,4
36629,5
36630,5
36631,6
36632,6
36633,4
36634,3
36635,5
36636,4
36637,4
36638,4
36639,6
36640,3
36641,4
36642,6
36643,6
36644,3
36645,5
36646,5
36647,5
36648,5
36649,3
36650,4
36651,5
36652,2
36653,7
36654,5
36655,5
36656,5
36657,3
36658,7
36659,6
36660,6
36661,4
36662,4
36663,5
36664,7
36665,3
36666,6
36667,5
36668,6
36669,6
36670,5
36671,1
36672,4
36673,5
36674,6
36675,5
36676,6
36677,7
36678,7
36679,7
36680,7
36681,5
36682,6
36683,2
36684,5
36685,6
36686,3
36687,3
36688,7
36689,6
36690,7
36691,6
36692,3
36693,4
36694,5
36695,5
36696,7
36697,5
36698,5
36699,6
36700,3
36701,2
36702,6
36703,6
36704,6
36705,5
36706,4
36707,3
36708,5
36709,6
36710,7
36711,5
36712,4
36713,7
36714,6
36715,5
36716,3
36717,5
36718,5
36719,3
36720,7
36721,3
36722,4
36723,5
36724,6
36725,4
36726,7
36727,7
36728,7
36729,7
36730,4
36731,5
36732,7
36733,7
36734,6
36735,7
36736,7
36737,4
36738,5
36739,7
36740,7
36741,5
36742,4
36743,4
36744,5
36745,5
36746,7
36747,4
36748,5
36749,7
36750,3
36751,5
36752,7
36753,5
36754,6
36755,5
36756,5
36757,5
36758,6
36759,5
36760,4
36761,4
36762,5
36763,5
36764,5
36765,6
36766,4
36767,6
36768,4
36769,5
36770,6
36771,5
36772,7
36773,4
36774,6
36775,4
36776,5
36777,5
36778,5
36779,5
36780,7
36781,4
36782,5
36783,6
36784,7
36785,2
36786,6
36787,7
36788,5
36789,6
36790,5
36791,5
36792,5
36793,4
36794,6
36795,4
36796,7
36797,4
36798,5
36799,4
36800,4
36801,2
36802,3
36803,4
36804,7
36805,7
36806,6
36807,4
36808,7
36809,6
36810,5
36811,5
36812,5
36813,5
36814,6
36815,4
36816,6
36817,2
36818,5
36819,1
36820,7
36821,4
36822,6
36823,2
36824,4
36825,4
36826,7
36827,6
36828,4
36829,5
36830,5
36831,5
36832,3
36833,3
36834,5
36835,4
36836,6
36837,4
36838,1
36839,5
36840,3
36841,3
36842,2
36843,3
36844,4
36845,6
36846,6
36847,4
36848,4
36849,6
36850,4
36851,5
36852,4
36853,6
36854,5
36855,4
36856,4
36857,6
36858,3
36859,7
36860,5
36861,4
36862,3
36863,4
36864,5
36865,5
36866,5
36867,3
36868,7
36869,7
36870,7
36871,5
36872,6
36873,5
36874,5
36875,7
36876,3
36877,5
36878,5
36879,5
36880,5
36881,6
36882,3
36883,6
36884,5
36885,3
36886,5
36887,7
36888,6
36889,5
36890,5
36891,7
36892,6
36893,2
36894,6
36895,7
36896,4
36897,5
36898,6
36899,5
36900,4
36901,6
36902,4
36903,5
36904,2
36905,6
36906,5
36907,2
36908,5
36909,5
36910,3
36911,5
36912,5
36913,6
36914,5
36915,4
36916,4
36917,5
36918,7
36919,3
36920,6
36921,7
36922,5
36923,6
36924,7
36925,6
36926,3
36927,5
36928,6
36929,5
36930,6
36931,5
36932,5
36933,4
36934,6
36935,4
36936,4
36937,5
36938,6
36939,4
36940,4
36941,5
36942,4
36943,2
36944,7
36945,7
36946,3
36947,7
36948,6
36949,6
36950,4
36951,4
36952,6
36953,5
36954,5
36955,6
36956,6
36957,3
36958,5
36959,5
36960,4
36961,7
36962,4
36963,4
36964,7
36965,5
36966,5
36967,7
36968,5
36969,5
36970,5
36971,1
36972,5
36973,3
36974,5
36975,6
36976,4
36977,6
36978,5
36979,5
36980,2
36981,5
36982,5
36983,3
36984,6
36985,3
36986,6
36987,5
36988,6
36989,5
36990,5
36991,4
36992,2
36993,6
36994,7
36995,6
36996,6
36997,7
36998,3
36999,2
37000,1
37001,6
37002,6
37003,5
37004,5
37005,4
37006,6
37007,7
37008,7
37009,2
37010,5
37011,5
37012,5
37013,2
37014,7
37015,3
37016,4
37017,6
37018,6
37019,5
37020,7
37021,7
37022,6
37023,7
37024,3
37025,5
37026,5
37027,5
37028,6
37029,4
37030,6
37031,6
37032,4
37033,4
37034,3
37035,5
37036,5
37037,5
37038,2
37039,4
37040,4
37041,2
37042,7
37043,5
37044,5
37045,5
37046,4
37047,5
37048,4
37049,5
37050,7
37051,6
37052,4
37053,5
37054,6
37055,4
37056,6
37057,5
37058,5
37059,5
37060,6
37061,4
37062,7
37063,6
37064,5
37065,3
37066,7
37067,5
37068,5
37069,5
37070,6
37071,6
37072,7
37073,6
37074,7
37075,5
37076,1
37077,5
37078,5
37079,4
37080,5
37081,5
37082,1
37083,5
37084,6
37085,4
37086,4
37087,7
37088,4
37089,6
37090,3
37091,6
37092,1
37093,4
37094,5
37095,7
37096,3
37097,1
37098,4
37099,6
37100,5
37101,6
37102,4
37103,6
37104,5
37105,3
37106,6
37107,2
37108,5
37109,7
37110,6
37111,4
37112,4
37113,5
37114,5
37115,5
37116,7
37117,7
37118,5
37119,6
37120,6
37121,5
37122,5
37123,7
37124,3
37125,2
37126,3
37127,4
37128,3
37129,6
37130,7
37131,4
37132,3
37133,7
37134,4
37135,7
37136,1
37137,6
37138,6
37139,5
37140,7
37141,4
37142,7
37143,4
37144,5
37145,5
37146,5
37147,5
37148,3
37149,2
37150,5
37151,4
37152,5
37153,4
37154,5
37155,2
37156,6
37157,4
37158,4
37159,6
37160,3
37161,6
37162,3
37163,6
37164,5
37165,4
37166,6
37167,7
37168,2
37169,2
37170,3
37171,4
37172,7
37173,4
37174,3
37175,4
37176,5
37177,5
37178,5
37179,5
37180,2
37181,5
37182,5
37183,6
37184,3
37185,3
37186,5
37187,5
37188,1
37189,6
37190,3
37191,4
37192,5
37193,6
37194,2
37195,6
37196,4
37197,5
37198,6
37199,3
37200,5
37201,5
37202,5
37203,7
37204,6
37205,7
37206,6
37207,5
37208,5
37209,7
37210,7
37211,4
37212,5
37213,7
37214,6
37215,5
37216,4
37217,4
37218,4
37219,5
37220,3
37221,7
37222,6
37223,6
37224,4
37225,5
37226,2
37227,7
37228,3
37229,3
37230,7
37231,7
37232,6
37233,4
37234,5
37235,6
37236,7
37237,4
37238,5
37239,5
37240,4
37241,4
37242,5
37243,4
37244,5
37245,4
37246,4
37247,6
37248,5
37249,7
37250,4
37251,3
37252,5
37253,7
37254,3
37255,3
37256,4
37257,5
37258,6
37259,7
37260,6
37261,5
37262,1
37263,3
37264,3
37265,5
37266,2
37267,5
37268,6
37269,5
37270,5
37271,6
37272,4
37273,4
37274,5
37275,5
37276,5
37277,6
37278,5
37279,5
37280,3
37281,6
37282,5
37283,4
37284,5
37285,5
37286,5
37287,4
37288,4
37289,4
37290,5
37291,5
37292,5
37293,4
37294,5
37295,3
37296,7
37297,7
37298,5
37299,5
37300,3
37301,5
37302,4
37303,3
37304,4
37305,5
37306,5
37307,7
37308,3
37309,6
37310,4
37311,5
37312,2
37313,6
37314,4
37315,4
37316,2
37317,4
37318,2
37319,4
37320,2
37321,3
37322,4
37323,2
37324,5
37325,5
37326,5
37327,3
37328,2
37329,4
37330,7
37331,6
37332,6
37333,6
37334,4
37335,5
37336,6
37337,7
37338,5
37339,6
37340,3
37341,3
37342,6
37343,1
37344,6
37345,7
37346,5
37347,6
37348,6
37349,5
37350,3
37351,6
37352,6
37353,5
37354,6
37355,5
37356,7
37357,7
37358,5
37359,1
37360,5
37361,6
37362,7
37363,6
37364,7
37365,5
37366,2
37367,6
37368,3
37369,6
37370,6
37371,6
37372,4
37373,6
37374,6
37375,7
37376,5
37377,4
37378,7
37379,7
37380,3
37381,6
37382,5
37383,7
37384,4
37385,5
37386,6
37387,4
37388,5
37389,7
37390,4
37391,4
37392,5
37393,6
37394,4
37395,5
37396,4
37397,7
37398,5
37399,6
37400,4
37401,6
37402,7
37403,5
37404,2
37405,6
37406,5
37407,1
37408,6
37409,7
37410,4
37411,4
37412,6
37413,7
37414,5
37415,4
37416,2
37417,4
37418,4
37419,6
37420,6
37421,7
37422,7
37423,5
37424,5
37425,5
37426,5
37427,5
37428,3
37429,5
37430,6
37431,7
37432,2
37433,4
37434,5
37435,3
37436,2
37437,1
37438,5
37439,7
37440,1
37441,7
37442,4
37443,5
37444,6
37445,4
37446,5
37447,4
37448,5
37449,6
37450,4
37451,5
37452,6
37453,3
37454,7
37455,4
37456,6
37457,4
37458,3
37459,4
37460,7
37461,6
37462,2
37463,4
37464,5
37465,2
37466,5
37467,5
37468,6
37469,6
37470,5
37471,5
37472,4
37473,1
37474,5
37475,7
37476,7
37477,4
37478,4
37479,6
37480,4
37481,4
37482,5
37483,6
37484,6
37485,4
37486,5
37487,6
37488,3
37489,7
37490,5
37491,5
37492,3
37493,1
37494,5
37495,6
37496,5
37497,3
37498,4
37499,5
37500,4
37501,4
37502,6
37503,7
37504,4
37505,4
37506,3
37507,3
37508,5
37509,4
37510,2
37511,6
37512,5
37513,4
37514,4
37515,3
37516,6
37517,5
37518,4
37519,7
37520,4
37521,7
37522,6
37523,4
37524,5
37525,6
37526,4
37527,7
37528,5
37529,5
37530,3
37531,5
37532,6
37533,6
37534,4
37535,5
37536,4
37537,5
37538,5
37539,7
37540,6
37541,6
37542,5
37543,7
37544,4
37545,5
37546,6
37547,4
37548,4
37549,3
37550,6
37551,4
37552,6
37553,5
37554,5
37555,5
37556,7
37557,5
37558,4
37559,5
37560,6
37561,7
37562,5
37563,5
37564,6
37565,5
37566,2
37567,5
37568,5
37569,5
37570,2
37571,6
37572,6
37573,7
37574,4
37575,4
37576,6
37577,6
37578,5
37579,6
37580,5
37581,3
37582,6
37583,4
37584,5
37585,5
37586,7
37587,4
37588,1
37589,5
37590,2
37591,5
37592,4
37593,5
37594,5
37595,5
37596,6
37597,4
37598,6
37599,7
37600,5
37601,7
37602,2
37603,6
37604,7
37605,4
37606,7
37607,7
37608,5
37609,6
37610,4
37611,4
37612,5
37613,4
37614,7
37615,4
37616,7
37617,4
37618,4
37619,7
37620,3
37621,7
37622,6
37623,5
37624,5
37625,6
37626,7
37627,4
37628,4
37629,6
37630,4
37631,5
37632,6
37633,5
37634,5
37635,4
37636,6
37637,3
37638,7
37639,6
37640,6
37641,5
37642,5
37643,7
37644,5
37645,6
37646,3
37647,5
37648,6
37649,5
37650,6
37651,3
37652,5
37653,3
37654,7
37655,6
37656,4
37657,6
37658,3
37659,5
37660,6
37661,5
37662,5
37663,1
37664,5
37665,2
37666,5
37667,6
37668,6
37669,6
37670,4
37671,5
37672,5
37673,4
37674,7
37675,5
37676,7
37677,5
37678,3
37679,4
37680,6
37681,5
37682,5
37683,3
37684,4
37685,2
37686,5
37687,6
37688,6
37689,5
37690,7
37691,6
37692,5
37693,1
37694,3
37695,4
37696,2
37697,5
37698,4
37699,5
37700,5
37701,7
37702,4
37703,6
37704,2
37705,3
37706,5
37707,3
37708,4
37709,6
37710,6
37711,5
37712,5
37713,5
37714,4
37715,7
37716,4
37717,3
37718,6
37719,6
37720,6
37721,5
37722,6
37723,5
37724,2
37725,3
37726,7
37727,2
37728,6
37729,3
37730,6
37731,5
37732,4
37733,6
37734,3
37735,5
37736,7
37737,2
37738,3
37739,5
37740,2
37741,4
37742,1
37743,4
37744,6
37745,2
37746,5
37747,3
37748,5
37749,7
37750,5
37751,5
37752,3
37753,6
37754,6
37755,5
37756,5
37757,3
37758,3
37759,4
37760,5
37761,6
37762,5
37763,5
37764,4
37765,5
37766,5
37767,7
37768,5
37769,4
37770,5
37771,5
37772,6
37773,3
37774,2
37775,5
37776,4
37777,6
37778,7
37779,4
37780,7
37781,5
37782,6
37783,6
37784,4
37785,7
37786,4
37787,6
37788,7
37789,3
37790,5
37791,4
37792,6
37793,7
37794,6
37795,6
37796,6
37797,3
37798,4
37799,3
37800,6
37801,4
37802,7
37803,5
37804,7
37805,2
37806,5
37807,4
37808,2
37809,4
37810,2
37811,1
37812,4
37813,6
37814,4
37815,5
37816,5
37817,4
37818,5
37819,4
37820,3
37821,4
37822,3
37823,6
37824,3
37825,7
37826,1
37827,5
37828,6
37829,4
37830,6
37831,3
37832,5
37833,3
37834,4
37835,4
37836,5
37837,6
37838,7
37839,3
37840,5
37841,6
37842,3
37843,3
37844,4
37845,5
37846,5
37847,5
37848,5
37849,7
37850,5
37851,6
37852,5
37853,6
37854,6
37855,6
37856,3
37857,4
37858,5
37859,2
37860,7
37861,5
37862,5
37863,5
37864,4
37865,5
37866,4
37867,7
37868,7
37869,5
37870,7
37871,4
37872,6
37873,6
37874,6
37875,4
37876,6
37877,6
37878,5
37879,6
37880,4
37881,5
37882,3
37883,5
37884,5
37885,4
37886,6
37887,4
37888,4
37889,6
37890,7
37891,4
37892,5
37893,5
37894,4
37895,5
37896,5
37897,6
37898,7
37899,7
37900,1
37901,6
37902,5
37903,5
37904,6
37905,3
37906,7
37907,5
37908,2
37909,5
37910,5
37911,7
37912,3
37913,3
37914,6
37915,6
37916,7
37917,6
37918,6
37919,4
37920,6
37921,6
37922,7
37923,4
37924,5
37925,4
37926,5
37927,6
37928,7
37929,5
37930,6
37931,6
37932,4
37933,3
37934,2
37935,2
37936,3
37937,5
37938,7
37939,5
37940,7
37941,7
37942,6
37943,5
37944,5
37945,4
37946,6
37947,5
37948,4
37949,4
37950,3
37951,6
37952,6
37953,5
37954,6
37955,7
37956,6
37957,5
37958,6
37959,3
37960,2
37961,3
37962,6
37963,5
37964,7
37965,5
37966,5
37967,5
37968,7
37969,4
37970,5
37971,6
37972,5
37973,6
37974,4
37975,3
37976,4
37977,6
37978,5
37979,2
37980,3
37981,4
37982,4
37983,5
37984,4
37985,2
37986,1
37987,5
37988,4
37989,4
37990,5
37991,5
37992,5
37993,6
37994,4
37995,7
37996,4
37997,4
37998,5
37999,6
38000,4
38001,4
38002,7
38003,6
38004,6
38005,6
38006,4
38007,5
38008,5
38009,5
38010,2
38011,5
38012,5
38013,3
38014,4
38015,5
38016,6
38017,6
38018,5
38019,4
38020,7
38021,5
38022,2
38023,5
38024,5
38025,4
38026,6
38027,5
38028,6
38029,3
38030,5
38031,5
38032,5
38033,4
38034,7
38035,6
38036,4
38037,6
38038,4
38039,2
38040,6
38041,5
38042,5
38043,7
38044,3
38045,7
38046,4
38047,7
38048,4
38049,5
38050,7
38051,2
38052,7
38053,6
38054,7
38055,4
38056,4
38057,2
38058,7
38059,6
38060,6
38061,3
38062,4
38063,3
38064,4
38065,5
38066,5
38067,5
38068,6
38069,5
38070,4
38071,5
38072,5
38073,6
38074,5
38075,5
38076,1
38077,3
38078,5
38079,2
38080,5
38081,7
38082,4
38083,6
38084,6
38085,6
38086,5
38087,3
38088,2
38089,5
38090,7
38091,4
38092,7
38093,4
38094,3
38095,6
38096,5
38097,5
38098,5
38099,4
38100,5
38101,6
38102,5
38103,4
38104,7
38105,4
38106,4
38107,3
38108,3
38109,5
38110,7
38111,3
38112,1
38113,6
38114,5
38115,4
38116,5
38117,6
38118,6
38119,5
38120,4
38121,4
38122,3
38123,5
38124,5
38125,7
38126,4
38127,5
38128,6
38129,5
38130,1
38131,3
38132,5
38133,6
38134,4
38135,5
38136,3
38137,4
38138,6
38139,6
38140,5
38141,6
38142,6
38143,5
38144,1
38145,7
38146,7
38147,3
38148,6
38149,5
38150,5
38151,6
38152,6
38153,4
38154,7
38155,4
38156,4
38157,6
38158,5
38159,5
38160,4
38161,5
38162,4
38163,5
38164,4
38165,6
38166,7
38167,2
38168,7
38169,5
38170,7
38171,7
38172,5
38173,3
38174,6
38175,3
38176,4
38177,6
38178,3
38179,7
38180,4
38181,3
38182,5
38183,5
38184,5
38185,5
38186,6
38187,5
38188,1
38189,5
38190,7
38191,5
38192,3
38193,5
38194,5
38195,4
38196,3
38197,1
38198,5
38199,6
38200,4
38201,7
38202,5
38203,4
38204,7
38205,4
38206,5
38207,2
38208,4
38209,4
38210,3
38211,6
38212,7
38213,4
38214,5
38215,3
38216,4
38217,5
38218,7
38219,5
38220,4
38221,6
38222,5
38223,4
38224,6
38225,4
38226,4
38227,2
38228,4
38229,7
38230,3
38231,6
38232,5
38233,4
38234,3
38235,7
38236,6
38237,5
38238,6
38239,4
38240,6
38241,5
38242,6
38243,6
38244,1
38245,5
38246,6
38247,3
38248,4
38249,2
38250,4
38251,4
38252,1
38253,3
38254,7
38255,5
38256,5
38257,6
38258,4
38259,4
38260,7
38261,3
38262,2
38263,3
38264,4
38265,5
38266,3
38267,5
38268,7
38269,1
38270,3
38271,5
38272,4
38273,3
38274,3
38275,6
38276,6
38277,6
38278,5
38279,6
38280,4
38281,5
38282,6
38283,5
38284,7
38285,6
38286,2
38287,7
38288,5
38289,5
38290,1
38291,2
38292,4
38293,2
38294,7
38295,5
38296,5
38297,4
38298,6
38299,5
38300,7
38301,3
38302,4
38303,5
38304,7
38305,6
38306,4
38307,5
38308,5
38309,2
38310,3
38311,6
38312,5
38313,7
38314,4
38315,5
38316,4
38317,4
38318,3
38319,6
38320,5
38321,5
38322,4
38323,2
38324,4
38325,7
38326,5
38327,6
38328,7
38329,5
38330,4
38331,4
38332,1
38333,5
38334,3
38335,7
38336,6
38337,1
38338,6
38339,7
38340,2
38341,6
38342,6
38343,4
38344,5
38345,2
38346,7
38347,4
38348,2
38349,4
38350,5
38351,4
38352,5
38353,6
38354,5
38355,2
38356,2
38357,3
38358,5
38359,5
38360,2
38361,5
38362,5
38363,5
38364,5
38365,4
38366,5
38367,7
38368,4
38369,7
38370,7
38371,6
38372,3
38373,6
38374,7
38375,5
38376,5
38377,2
38378,4
38379,6
38380,5
38381,5
38382,5
38383,6
38384,5
38385,7
38386,5
38387,3
38388,5
38389,5
38390,2
38391,5
38392,3
38393,5
38394,7
38395,3
38396,4
38397,5
38398,7
38399,6
38400,5
38401,4
38402,6
38403,4
38404,3
38405,5
38406,4
38407,5
38408,6
38409,4
38410,6
38411,4
38412,7
38413,7
38414,3
38415,7
38416,7
38417,7
38418,5
38419,5
38420,5
38421,5
38422,4
38423,5
38424,4
38425,3
38426,7
38427,5
38428,2
38429,2
38430,4
38431,5
38432,6
38433,4
38434,5
38435,5
38436,6
38437,6
38438,6
38439,5
38440,1
38441,5
38442,6
38443,7
38444,6
38445,5
38446,5
38447,6
38448,5
38449,7
38450,5
38451,5
38452,5
38453,5
38454,3
38455,6
38456,5
38457,6
38458,1
38459,6
38460,5
38461,5
38462,4
38463,5
38464,5
38465,1
38466,3
38467,6
38468,5
38469,3
38470,5
38471,5
38472,5
38473,5
38474,4
38475,5
38476,3
38477,6
38478,6
38479,2
38480,3
38481,5
38482,5
38483,7
38484,5
38485,4
38486,7
38487,4
38488,6
38489,4
38490,6
38491,6
38492,7
38493,5
38494,3
38495,7
38496,4
38497,6
38498,7
38499,3
38500,3
38501,4
38502,5
38503,6
38504,7
38505,5
38506,5
38507,6
38508,5
38509,3
38510,6
38511,7
38512,1
38513,5
38514,3
38515,6
38516,4
38517,6
38518,5
38519,4
38520,6
38521,4
38522,5
38523,5
38524,4
38525,7
38526,5
38527,5
38528,4
38529,5
38530,7
38531,5
38532,6
38533,5
38534,6
38535,5
38536,5
38537,4
38538,5
38539,6
38540,5
38541,4
38542,7
38543,4
38544,5
38545,2
38546,7
38547,5
38548,5
38549,4
38550,5
38551,3
38552,5
38553,7
38554,5
38555,3
38556,5
38557,5
38558,1
38559,5
38560,5
38561,5
38562,5
38563,7
38564,4
38565,3
38566,5
38567,3
38568,5
38569,5
38570,6
38571,5
38572,4
38573,5
38574,5
38575,4
38576,2
38577,7
38578,7
38579,2
38580,5
38581,5
38582,6
38583,2
38584,6
38585,5
38586,4
38587,3
38588,7
38589,6
38590,5
38591,4
38592,5
38593,4
38594,3
38595,5
38596,3
38597,4
38598,3
38599,5
38600,6
38601,6
38602,4
38603,6
38604,5
38605,6
38606,3
38607,5
38608,5
38609,5
38610,5
38611,5
38612,4
38613,6
38614,7
38615,5
38616,6
38617,5
38618,4
38619,7
38620,3
38621,4
38622,4
38623,6
38624,5
38625,4
38626,4
38627,5
38628,3
38629,5
38630,6
38631,5
38632,6
38633,6
38634,6
38635,6
38636,4
38637,4
38638,6
38639,7
38640,2
38641,6
38642,6
38643,6
38644,5
38645,7
38646,3
38647,5
38648,5
38649,4
38650,5
38651,5
38652,5
38653,5
38654,5
38655,5
38656,7
38657,5
38658,4
38659,7
38660,6
38661,2
38662,7
38663,7
38664,5
38665,5
38666,6
38667,5
38668,7
38669,5
38670,3
38671,4
38672,3
38673,6
38674,5
38675,6
38676,3
38677,5
38678,5
38679,6
38680,4
38681,5
38682,4
38683,5
38684,6
38685,5
38686,6
38687,3
38688,7
38689,4
38690,7
38691,6
38692,4
38693,7
38694,5
38695,6
38696,4
38697,7
38698,6
38699,5
38700,6
38701,5
38702,5
38703,5
38704,6
38705,7
38706,5
38707,5
38708,5
38709,5
38710,6
38711,7
38712,6
38713,6
38714,5
38715,4
38716,6
38717,3
38718,6
38719,7
38720,5
38721,5
38722,6
38723,5
38724,4
38725,5
38726,2
38727,4
38728,4
38729,3
38730,6
38731,5
38732,5
38733,4
38734,2
38735,4
38736,6
38737,5
38738,1
38739,6
38740,5
38741,6
38742,5
38743,4
38744,5
38745,5
38746,6
38747,7
38748,5
38749,4
38750,6
38751,1
38752,6
38753,6
38754,6
38755,7
38756,1
38757,5
38758,5
38759,7
38760,5
38761,2
38762,6
38763,3
38764,5
38765,4
38766,3
38767,7
38768,6
38769,3
38770,4
38771,6
38772,7
38773,2
38774,4
38775,7
38776,5
38777,5
38778,5
38779,3
38780,1
38781,3
38782,4
38783,5
38784,5
38785,5
38786,5
38787,5
38788,6
38789,1
38790,6
38791,5
38792,2
38793,6
38794,3
38795,3
38796,2
38797,6
38798,3
38799,3
38800,6
38801,6
38802,7
38803,7
38804,1
38805,6
38806,6
38807,5
38808,4
38809,4
38810,4
38811,2
38812,4
38813,5
38814,5
38815,6
38816,7
38817,5
38818,7
38819,3
38820,6
38821,5
38822,5
38823,3
38824,5
38825,6
38826,5
38827,4
38828,6
38829,5
38830,7
38831,6
38832,7
38833,7
38834,5
38835,2
38836,7
38837,6
38838,6
38839,1
38840,4
38841,4
38842,5
38843,6
38844,3
38845,5
38846,2
38847,6
38848,5
38849,5
38850,6
38851,5
38852,2
38853,2
38854,5
38855,5
38856,2
38857,6
38858,3
38859,6
38860,6
38861,4
38862,6
38863,4
38864,4
38865,4
38866,5
38867,7
38868,5
38869,4
38870,4
38871,5
38872,5
38873,5
38874,2
38875,6
38876,4
38877,6
38878,5
38879,4
38880,6
38881,4
38882,3
38883,5
38884,5
38885,3
38886,5
38887,3
38888,5
38889,7
38890,4
38891,6
38892,6
38893,5
38894,4
38895,6
38896,7
38897,4
38898,5
38899,4
38900,2
38901,4
38902,1
38903,5
38904,7
38905,6
38906,4
38907,2
38908,7
38909,7
38910,3
38911,5
38912,7
38913,2
38914,6
38915,5
38916,6
38917,5
38918,4
38919,6
38920,4
38921,7
38922,5
38923,5
38924,3
38925,4
38926,7
38927,6
38928,2
38929,6
38930,4
38931,6
38932,6
38933,5
38934,3
38935,5
38936,5
38937,6
38938,6
38939,4
38940,2
38941,7
38942,5
38943,5
38944,5
38945,7
38946,6
38947,7
38948,5
38949,4
38950,5
38951,4
38952,4
38953,5
38954,6
38955,4
38956,5
38957,4
38958,3
38959,5
38960,4
38961,7
38962,7
38963,3
38964,7
38965,3
38966,5
38967,6
38968,3
38969,5
38970,5
38971,4
38972,5
38973,7
38974,6
38975,5
38976,7
38977,5
38978,2
38979,5
38980,1
38981,6
38982,4
38983,1
38984,7
38985,6
38986,2
38987,5
38988,5
38989,2
38990,5
38991,6
38992,4
38993,7
38994,4
38995,3
38996,6
38997,5
38998,6
38999,5
39000,4
39001,5
39002,4
39003,6
39004,6
39005,5
39006,7
39007,1
39008,6
39009,2
39010,5
39011,4
39012,5
39013,5
39014,2
39015,7
39016,2
39017,5
39018,4
39019,5
39020,5
39021,6
39022,5
39023,5
39024,7
39025,6
39026,5
39027,5
39028,6
39029,2
39030,6
39031,4
39032,2
39033,5
39034,6
39035,6
39036,5
39037,5
39038,6
39039,4
39040,5
39041,2
39042,4
39043,4
39044,7
39045,5
39046,5
39047,4
39048,6
39049,6
39050,5
39051,7
39052,7
39053,5
39054,7
39055,7
39056,3
39057,5
39058,4
39059,6
39060,6
39061,5
39062,6
39063,7
39064,4
39065,7
39066,3
39067,4
39068,6
39069,6
39070,5
39071,6
39072,4
39073,5
39074,7
39075,6
39076,5
39077,5
39078,4
39079,6
39080,6
39081,5
39082,3
39083,6
39084,7
39085,4
39086,5
39087,4
39088,7
39089,5
39090,4
39091,4
39092,3
39093,5
39094,5
39095,5
39096,4
39097,4
39098,6
39099,5
39100,4
39101,6
39102,5
39103,5
39104,4
39105,4
39106,4
39107,3
39108,6
39109,6
39110,7
39111,5
39112,5
39113,5
39114,6
39115,4
39116,3
39117,5
39118,3
39119,7
39120,6
39121,5
39122,7
39123,3
39124,7
39125,6
39126,5
39127,5
39128,4
39129,7
39130,4
39131,5
39132,2
39133,7
39134,2
39135,7
39136,4
39137,5
39138,7
39139,4
39140,5
39141,1
39142,6
39143,4
39144,7
39145,6
39146,5
39147,5
39148,4
39149,3
39150,2
39151,6
39152,5
39153,5
39154,5
39155,3
39156,5
39157,4
39158,6
39159,2
39160,2
39161,4
39162,6
39163,3
39164,5
39165,4
39166,6
39167,5
39168,3
39169,4
39170,4
39171,5
39172,5
39173,5
39174,5
39175,6
39176,5
39177,2
39178,3
39179,6
39180,4
39181,6
39182,5
39183,4
39184,6
39185,3
39186,5
39187,4
39188,5
39189,3
39190,5
39191,4
39192,7
39193,5
39194,7
39195,5
39196,7
39197,6
39198,4
39199,7
39200,5
39201,3
39202,7
39203,5
39204,5
39205,5
39206,3
39207,6
39208,4
39209,7
39210,2
39211,6
39212,6
39213,5
39214,7
39215,6
39216,6
39217,6
39218,7
39219,6
39220,5
39221,6
39222,4
39223,6
39224,2
39225,5
39226,4
39227,1
39228,6
39229,7
39230,4
39231,3
39232,7
39233,5
39234,4
39235,6
39236,7
39237,4
39238,3
39239,3
39240,5
39241,7
39242,5
39243,4
39244,4
39245,5
39246,6
39247,3
39248,6
39249,1
39250,5
39251,5
39252,5
39253,5
39254,5
39255,3
39256,5
39257,5
39258,4
39259,5
39260,6
39261,5
39262,5
39263,6
39264,4
39265,5
39266,7
39267,3
39268,6
39269,4
39270,7
39271,7
39272,7
39273,4
39274,5
39275,5
39276,4
39277,2
39278,4
39279,5
39280,4
39281,3
39282,1
39283,3
39284,2
39285,7
39286,4
39287,5
39288,6
39289,5
39290,3
39291,5
39292,5
39293,6
39294,5
39295,2
39296,6
39297,4
39298,4
39299,4
39300,5
39301,7
39302,2
39303,3
39304,4
39305,4
39306,4
39307,6
39308,7
39309,4
39310,7
39311,4
39312,5
39313,7
39314,2
39315,7
39316,5
39317,5
39318,7
39319,5
39320,4
39321,4
39322,5
39323,4
39324,5
39325,4
39326,5
39327,3
39328,6
39329,5
39330,5
39331,4
39332,4
39333,4
39334,5
39335,2
39336,5
39337,5
39338,5
39339,6
39340,7
39341,6
39342,7
39343,4
39344,7
39345,2
39346,5
39347,4
39348,5
39349,1
39350,2
39351,7
39352,2
39353,5
39354,5
39355,5
39356,5
39357,3
39358,7
39359,6
39360,6
39361,5
39362,3
39363,3
39364,6
39365,5
39366,4
39367,5
39368,5
39369,4
39370,5
39371,4
39372,6
39373,3
39374,6
39375,4
39376,5
39377,6
39378,4
39379,6
39380,5
39381,4
39382,7
39383,3
39384,6
39385,3
39386,4
39387,6
39388,6
39389,6
39390,5
39391,6
39392,3
39393,5
39394,4
39395,3
39396,5
39397,4
39398,7
39399,5
39400,6
39401,5
39402,6
39403,5
39404,3
39405,7
39406,5
39407,7
39408,2
39409,7
39410,7
39411,5
39412,3
39413,3
39414,4
39415,5
39416,5
39417,4
39418,2
39419,2
39420,5
39421,5
39422,7
39423,6
39424,7
39425,3
39426,5
39427,6
39428,5
39429,5
39430,4
39431,6
39432,3
39433,6
39434,5
39435,2
39436,6
39437,4
39438,5
39439,4
39440,7
39441,4
39442,4
39443,7
39444,5
39445,6
39446,4
39447,5
39448,7
39449,4
39450,7
39451,2
39452,4
39453,4
39454,6
39455,6
39456,4
39457,5
39458,5
39459,6
39460,5
39461,5
39462,6
39463,5
39464,4
39465,5
39466,4
39467,4
39468,5
39469,1
39470,6
39471,7
39472,4
39473,5
39474,4
39475,4
39476,4
39477,5
39478,6
39479,3
39480,7
39481,5
39482,7
39483,4
39484,4
39485,2
39486,4
39487,5
39488,5
39489,3
39490,5
39491,5
39492,6
39493,5
39494,5
39495,4
39496,5
39497,7
39498,7
39499,7
39500,4
39501,5
39502,6
39503,5
39504,5
39505,5
39506,4
39507,5
39508,7
39509,2
39510,3
39511,6
39512,6
39513,6
39514,5
39515,5
39516,4
39517,7
39518,6
39519,4
39520,5
39521,6
39522,3
39523,4
39524,5
39525,3
39526,5
39527,6
39528,2
39529,4
39530,5
39531,7
39532,7
39533,3
39534,6
39535,5
39536,6
39537,5
39538,6
39539,5
39540,3
39541,5
39542,6
39543,1
39544,6
39545,5
39546,6
39547,5
39548,4
39549,4
39550,6
39551,5
39552,5
39553,4
39554,7
39555,4
39556,5
39557,5
39558,2
39559,6
39560,4
39561,7
39562,4
39563,7
39564,4
39565,6
39566,6
39567,2
39568,2
39569,5
39570,5
39571,6
39572,4
39573,6
39574,7
39575,5
39576,5
39577,3
39578,6
39579,6
39580,2
39581,3
39582,5
39583,2
39584,7
39585,4
39586,3
39587,4
39588,6
39589,5
39590,5
39591,5
39592,4
39593,4
39594,7
39595,7
39596,5
39597,2
39598,6
39599,7
39600,4
39601,6
39602,4
39603,6
39604,2
39605,4
39606,1
39607,6
39608,1
39609,2
39610,4
39611,3
39612,3
39613,3
39614,6
39615,4
39616,5
39617,3
39618,5
39619,5
39620,3
39621,4
39622,7
39623,5
39624,5
39625,5
39626,3
39627,5
39628,3
39629,7
39630,3
39631,5
39632,3
39633,3
39634,6
39635,6
39636,4
39637,5
39638,6
39639,4
39640,4
39641,6
39642,5
39643,5
39644,5
39645,5
39646,7
39647,5
39648,7
39649,3
39650,3
39651,7
39652,6
39653,5
39654,7
39655,6
39656,7
39657,5
39658,5
39659,6
39660,4
39661,4
39662,7
39663,3
39664,4
39665,4
39666,4
39667,6
39668,7
39669,5
39670,6
39671,5
39672,4
39673,6
39674,4
39675,4
39676,2
39677,4
39678,4
39679,3
39680,4
39681,5
39682,7
39683,7
39684,6
39685,3
39686,5
39687,6
39688,6
39689,4
39690,6
39691,2
39692,5
39693,2
39694,4
39695,3
39696,6
39697,7
39698,6
39699,6
39700,6
39701,7
39702,5
39703,4
39704,7
39705,6
39706,6
39707,4
39708,3
39709,5
39710,6
39711,4
39712,5
39713,3
39714,5
39715,7
39716,7
39717,7
39718,7
39719,5
39720,4
39721,4
39722,5
39723,5
39724,7
39725,7
39726,7
39727,4
39728,7
39729,6
39730,3
39731,7
39732,7
39733,2
39734,5
39735,5
39736,6
39737,5
39738,5
39739,7
39740,7
39741,4
39742,6
39743,5
39744,5
39745,6
39746,6
39747,7
39748,7
39749,4
39750,5
39751,6
39752,5
39753,5
39754,5
39755,1
39756,5
39757,4
39758,4
39759,5
39760,5
39761,5
39762,3
39763,4
39764,4
39765,6
39766,4
39767,7
39768,7
39769,6
39770,6
39771,5
39772,5
39773,5
39774,5
39775,3
39776,4
39777,5
39778,4
39779,7
39780,7
39781,4
39782,2
39783,5
39784,5
39785,4
39786,6
39787,6
39788,4
39789,3
39790,5
39791,5
39792,6
39793,5
39794,7
39795,5
39796,7
39797,5
39798,5
39799,3
39800,4
39801,6
39802,5
39803,2
39804,5
39805,6
39806,5
39807,5
39808,5
39809,4
39810,4
39811,2
39812,6
39813,4
39814,6
39815,3
39816,4
39817,7
39818,7
39819,5
39820,5
39821,1
39822,6
39823,1
39824,4
39825,6
39826,2
39827,3
39828,4
39829,6
39830,4
39831,5
39832,2
39833,7
39834,6
39835,3
39836,6
39837,5
39838,4
39839,5
39840,6
39841,4
39842,5
39843,3
39844,7
39845,6
39846,5
39847,5
39848,7
39849,5
39850,4
39851,7
39852,5
39853,3
39854,5
39855,5
39856,6
39857,5
39858,6
39859,6
39860,5
39861,5
39862,7
39863,5
39864,6
39865,5
39866,5
39867,5
39868,5
39869,6
39870,5
39871,5
39872,7
39873,5
39874,6
39875,5
39876,4
39877,5
39878,3
39879,4
39880,5
39881,5
39882,2
39883,5
39884,1
39885,6
39886,4
39887,5
39888,5
39889,3
39890,7
39891,5
39892,5
39893,4
39894,3
39895,4
39896,2
39897,5
39898,7
39899,4
39900,6
39901,4
39902,4
39903,4
39904,7
39905,3
39906,7
39907,2
39908,5
39909,6
39910,4
39911,6
39912,4
39913,4
39914,6
39915,5
39916,7
39917,3
39918,4
39919,6
39920,7
39921,7
39922,4
39923,6
39924,2
39925,7
39926,4
39927,6
39928,7
39929,6
39930,7
39931,3
39932,4
39933,5
39934,5
39935,4
39936,2
39937,5
39938,7
39939,5
39940,5
39941,5
39942,6
39943,5
39944,4
39945,6
39946,5
39947,7
39948,5
39949,5
39950,5
39951,5
39952,6
39953,4
39954,5
39955,7
39956,6
39957,5
39958,3
39959,5
39960,7
39961,6
39962,6
39963,4
39964,3
39965,6
39966,4
39967,7
39968,3
39969,4
39970,4
39971,4
39972,7
39973,3
39974,6
39975,5
39976,6
39977,5
39978,4
39979,6
39980,6
39981,6
39982,5
39983,2
39984,5
39985,7
39986,5
39987,3
39988,1
39989,3
39990,3
39991,4
39992,5
39993,3
39994,5
39995,7
39996,4
39997,4
39998,5
39999,3
40000,4
40001,7
40002,5
40003,5
40004,7
40005,6
40006,5
40007,6
40008,6
40009,6
40010,3
40011,6
40012,7
40013,6
40014,5
40015,3
40016,7
40017,6
40018,5
40019,5
40020,4
40021,7
40022,4
40023,7
40024,4
40025,5
40026,7
40027,6
40028,4
40029,4
40030,6
40031,5
40032,6
40033,5
40034,3
40035,4
40036,5
40037,2
40038,6
40039,5
40040,4
40041,3
40042,3
40043,6
40044,3
40045,6
40046,5
40047,3
40048,4
40049,6
40050,2
40051,6
40052,6
40053,2
40054,5
40055,4
40056,5
40057,7
40058,6
40059,5
40060,5
40061,6
40062,2
40063,4
40064,7
40065,3
40066,5
40067,5
40068,7
40069,3
40070,2
40071,7
40072,5
40073,6
40074,6
40075,7
40076,5
40077,5
40078,4
40079,4
40080,3
40081,4
40082,4
40083,4
40084,7
40085,5
40086,7
40087,7
40088,5
40089,4
40090,3
40091,5
40092,4
40093,5
40094,6
40095,6
40096,6
40097,4
40098,2
40099,7
40100,4
40101,7
40102,1
40103,6
40104,4
40105,3
40106,5
40107,3
40108,5
40109,6
40110,4
40111,3
40112,2
40113,4
40114,4
40115,7
40116,6
40117,4
40118,2
40119,4
40120,5
40121,3
40122,5
40123,2
40124,5
40125,7
40126,6
40127,4
40128,4
40129,2
40130,6
40131,5
40132,5
40133,7
40134,4
40135,7
40136,4
40137,7
40138,6
40139,5
40140,4
40141,1
40142,7
40143,7
40144,3
40145,5
40146,6
40147,6
40148,6
40149,5
40150,5
40151,6
40152,1
40153,4
40154,3
40155,6
40156,4
40157,6
40158,6
40159,6
40160,3
40161,6
40162,6
40163,2
40164,5
40165,3
40166,5
40167,4
40168,5
40169,3
40170,6
40171,2
40172,1
40173,5
40174,6
40175,6
40176,7
40177,5
40178,3
40179,6
40180,7
40181,6
40182,4
40183,3
40184,7
40185,3
40186,3
40187,3
40188,2
40189,3
40190,5
40191,7
40192,7
40193,2
40194,4
40195,5
40196,3
40197,5
40198,4
40199,6
40200,7
40201,5
40202,5
40203,4
40204,5
40205,4
40206,1
40207,4
40208,5
40209,7
40210,2
40211,1
40212,6
40213,4
40214,4
40215,5
40216,4
40217,5
40218,6
40219,5
40220,6
40221,5
40222,5
40223,4
40224,7
40225,5
40226,7
40227,6
40228,7
40229,6
40230,5
40231,5
40232,5
40233,6
40234,6
40235,7
40236,5
40237,2
40238,7
40239,2
40240,7
40241,4
40242,1
40243,5
40244,7
40245,7
40246,5
40247,5
40248,7
40249,6
40250,6
40251,7
40252,6
40253,6
40254,5
40255,3
40256,6
40257,5
40258,6
40259,6
40260,5
40261,4
40262,7
40263,3
40264,5
40265,5
40266,5
40267,5
40268,2
40269,7
40270,6
40271,6
40272,6
40273,2
40274,4
40275,2
40276,5
40277,3
40278,7
40279,4
40280,6
40281,7
40282,5
40283,7
40284,7
40285,5
40286,3
40287,5
40288,5
40289,4
40290,7
40291,6
40292,3
40293,4
40294,2
40295,4
40296,6
40297,2
40298,6
40299,5
40300,4
40301,5
40302,3
40303,7
40304,5
40305,5
40306,5
40307,6
40308,4
40309,4
40310,2
40311,7
40312,5
40313,3
40314,6
40315,5
40316,6
40317,6
40318,5
40319,5
40320,6
40321,5
40322,6
40323,5
40324,4
40325,7
40326,1
40327,5
40328,5
40329,4
40330,3
40331,5
40332,7
40333,6
40334,6
40335,4
40336,5
40337,6
40338,4
40339,5
40340,3
40341,5
40342,4
40343,6
40344,5
40345,2
40346,6
40347,7
40348,7
40349,5
40350,5
40351,4
40352,7
40353,6
40354,6
40355,2
40356,6
40357,3
40358,7
40359,4
40360,5
40361,5
40362,2
40363,5
40364,4
40365,6
40366,6
40367,3
40368,4
40369,4
40370,5
40371,6
40372,5
40373,6
40374,7
40375,6
40376,6
40377,5
40378,3
40379,5
40380,3
40381,5
40382,5
40383,5
40384,6
40385,4
40386,4
40387,6
40388,4
40389,6
40390,5
40391,4
40392,3
40393,7
40394,4
40395,7
40396,4
40397,3
40398,7
40399,5
40400,5
40401,3
40402,6
40403,5
40404,6
40405,4
40406,7
40407,6
40408,5
40409,5
40410,6
40411,7
40412,6
40413,5
40414,2
40415,6
40416,5
40417,7
40418,3
40419,7
40420,4
40421,7
40422,5
40423,4
40424,4
40425,6
40426,5
40427,2
40428,7
40429,3
40430,2
40431,6
40432,4
40433,4
40434,6
40435,4
40436,6
40437,5
40438,5
40439,7
40440,3
40441,3
40442,5
40443,6
40444,5
40445,5
40446,6
40447,4
40448,6
40449,4
40450,7
40451,5
40452,6
40453,5
40454,5
40455,4
40456,2
40457,2
40458,6
40459,4
40460,4
40461,4
40462,4
40463,5
40464,6
40465,5
40466,3
40467,6
40468,6
40469,3
40470,5
40471,5
40472,5
40473,6
40474,5
40475,5
40476,5
40477,3
40478,5
40479,5
40480,5
40481,6
40482,5
40483,6
40484,3
40485,5
40486,5
40487,6
40488,5
40489,5
40490,6
40491,5
40492,4
40493,6
40494,6
40495,3
40496,5
40497,5
40498,5
40499,2
40500,7
40501,7
40502,5
40503,5
40504,5
40505,7
40506,5
40507,7
40508,2
40509,5
40510,5
40511,5
40512,4
40513,5
40514,5
40515,7
40516,3
40517,5
40518,4
40519,6
40520,4
40521,4
40522,7
40523,5
40524,4
40525,5
40526,1
40527,5
40528,5
40529,6
40530,4
40531,5
40532,4
40533,4
40534,6
40535,4
40536,2
40537,4
40538,2
40539,5
40540,2
40541,2
40542,6
40543,4
40544,5
40545,3
40546,6
40547,6
40548,3
40549,2
40550,5
40551,7
40552,2
40553,4
40554,4
40555,6
40556,5
40557,5
40558,4
40559,3
40560,5
40561,5
40562,5
40563,5
40564,7
40565,5
40566,5
40567,6
40568,5
40569,2
40570,5
40571,6
40572,5
40573,7
40574,6
40575,1
40576,2
40577,4
40578,6
40579,4
40580,6
40581,5
40582,6
40583,3
40584,5
40585,4
40586,3
40587,4
40588,5
40589,5
40590,7
40591,2
40592,4
40593,6
40594,5
40595,4
40596,4
40597,4
40598,7
40599,4
40600,4
40601,6
40602,5
40603,5
40604,4
40605,6
40606,5
40607,2
40608,5
40609,5
40610,7
40611,5
40612,7
40613,3
40614,6
40615,6
40616,5
40617,5
40618,6
40619,5
40620,4
40621,3
40622,6
40623,5
40624,7
40625,5
40626,7
40627,3
40628,6
40629,6
40630,4
40631,5
40632,6
40633,5
40634,5
40635,3
40636,5
40637,7
40638,5
40639,4
40640,3
40641,5
40642,2
40643,4
40644,6
40645,4
40646,7
40647,7
40648,5
40649,4
40650,5
40651,5
40652,5
40653,6
40654,5
40655,5
40656,6
40657,3
40658,3
40659,5
40660,3
40661,6
40662,4
40663,2
40664,5
40665,5
40666,4
40667,5
40668,3
40669,4
40670,3
40671,4
40672,4
40673,7
40674,7
40675,5
40676,1
40677,6
40678,5
40679,4
40680,7
40681,6
40682,5
40683,2
40684,3
40685,5
40686,7
40687,3
40688,6
40689,7
40690,7
40691,6
40692,5
40693,7
40694,7
40695,6
40696,6
40697,6
40698,5
40699,2
40700,3
40701,3
40702,5
40703,6
40704,5
40705,6
40706,7
40707,5
40708,5
40709,5
40710,4
40711,5
40712,6
40713,4
40714,4
40715,3
40716,5
40717,7
40718,3
40719,3
40720,3
40721,6
40722,3
40723,4
40724,7
40725,3
40726,5
40727,3
40728,5
40729,4
40730,7
40731,6
40732,2
40733,5
40734,7
40735,6
40736,5
40737,4
40738,6
40739,4
40740,6
40741,5
40742,4
40743,4
40744,4
40745,4
40746,7
40747,5
40748,5
40749,6
40750,6
40751,4
40752,6
40753,6
40754,5
40755,4
40756,4
40757,3
40758,4
40759,5
40760,7
40761,4
40762,5
40763,6
40764,7
40765,4
40766,4
40767,4
40768,5
40769,7
40770,5
40771,2
40772,4
40773,4
40774,6
40775,6
40776,3
40777,5
40778,7
40779,3
40780,6
40781,6
40782,6
40783,6
40784,7
40785,3
40786,5
40787,7
40788,5
40789,4
40790,5
40791,6
40792,5
40793,6
40794,6
40795,1
40796,4
40797,6
40798,7
40799,4
40800,4
40801,4
40802,3
40803,5
40804,5
40805,4
40806,5
40807,5
40808,6
40809,6
40810,5
40811,7
40812,7
40813,5
40814,7
40815,3
40816,4
40817,3
40818,4
40819,4
40820,1
40821,7
40822,3
40823,5
40824,6
40825,6
40826,7
40827,7
40828,7
40829,7
40830,5
40831,5
40832,5
40833,4
40834,6
40835,7
40836,5
40837,7
40838,7
40839,6
40840,2
40841,6
40842,5
40843,2
40844,3
40845,5
40846,3
40847,5
40848,4
40849,5
40850,6
40851,7
40852,1
40853,6
40854,7
40855,6
40856,6
40857,6
40858,7
40859,4
40860,4
40861,6
40862,5
40863,1
40864,2
40865,4
40866,7
40867,6
40868,6
40869,6
40870,6
40871,5
40872,6
40873,6
40874,6
40875,7
40876,5
40877,5
40878,7
40879,7
40880,5
40881,4
40882,4
40883,5
40884,6
40885,5
40886,3
40887,4
40888,6
40889,5
40890,5
40891,7
40892,7
40893,6
40894,6
40895,6
40896,7
40897,3
40898,4
40899,5
40900,6
40901,6
40902,3
40903,6
40904,6
40905,5
40906,2
40907,6
40908,3
40909,5
40910,2
40911,2
40912,3
40913,4
40914,5
40915,4
40916,4
40917,4
40918,6
40919,5
40920,4
40921,4
40922,5
40923,5
40924,2
40925,5
40926,5
40927,6
40928,5
40929,5
40930,5
40931,5
40932,3
40933,6
40934,7
40935,3
40936,5
40937,4
40938,4
40939,6
40940,7
40941,3
40942,5
40943,5
40944,5
40945,3
40946,5
40947,2
40948,3
40949,5
40950,5
40951,6
40952,7
40953,7
40954,4
40955,6
40956,5
40957,4
40958,1
40959,7
40960,4
40961,4
40962,4
40963,5
40964,4
40965,7
40966,5
40967,2
40968,4
40969,6
40970,7
40971,5
40972,5
40973,7
40974,5
40975,6
40976,7
40977,5
40978,6
40979,7
40980,6
40981,5
40982,2
40983,5
40984,5
40985,4
40986,7
40987,4
40988,1
40989,6
40990,2
40991,4
40992,4
40993,6
40994,3
40995,4
40996,6
40997,5
40998,5
40999,6
41000,2
41001,2
41002,5
41003,5
41004,7
41005,4
41006,3
41007,6
41008,5
41009,3
41010,5
41011,4
41012,7
41013,7
41014,4
41015,1
41016,3
41017,6
41018,3
41019,5
41020,4
41021,5
41022,6
41023,7
41024,4
41025,3
41026,4
41027,6
41028,4
41029,6
41030,2
41031,7
41032,5
41033,5
41034,2
41035,4
41036,4
41037,6
41038,7
41039,4
41040,3
41041,3
41042,2
41043,7
41044,5
41045,3
41046,5
41047,6
41048,5
41049,3
41050,4
41051,4
41052,4
41053,5
41054,3
41055,6
41056,5
41057,5
41058,6
41059,5
41060,5
41061,5
41062,7
41063,7
41064,3
41065,4
41066,3
41067,6
41068,6
41069,7
41070,6
41071,4
41072,6
41073,5
41074,4
41075,4
41076,5
41077,5
41078,7
41079,4
41080,6
41081,5
41082,6
41083,5
41084,2
41085,3
41086,6
41087,2
41088,5
41089,5
41090,4
41091,1
41092,5
41093,5
41094,4
41095,5
41096,5
41097,4
41098,4
41099,6
41100,5
41101,3
41102,5
41103,5
41104,4
41105,5
41106,6
41107,5
41108,4
41109,7
41110,7
41111,4
41112,5
41113,5
41114,5
41115,2
41116,5
41117,4
41118,4
41119,5
41120,5
41121,5
41122,7
41123,4
41124,1
41125,4
41126,5
41127,4
41128,4
41129,5
41130,5
41131,7
41132,7
41133,6
41134,1
41135,5
41136,7
41137,5
41138,6
41139,6
41140,4
41141,3
41142,5
41143,1
41144,6
41145,7
41146,4
41147,5
41148,5
41149,3
41150,2
41151,5
41152,6
41153,5
41154,5
41155,4
41156,5
41157,5
41158,5
41159,6
41160,4
41161,6
41162,3
41163,5
41164,4
41165,7
41166,3
41167,5
41168,6
41169,4
41170,7
41171,7
41172,5
41173,6
41174,6
41175,3
41176,3
41177,4
41178,4
41179,4
41180,4
41181,5
41182,6
41183,6
41184,5
41185,5
41186,7
41187,7
41188,5
41189,6
41190,5
41191,7
41192,4
41193,4
41194,2
41195,4
41196,4
41197,3
41198,6
41199,5
41200,3
41201,6
41202,4
41203,5
41204,6
41205,5
41206,6
41207,6
41208,6
41209,7
41210,6
41211,2
41212,4
41213,7
41214,4
41215,5
41216,6
41217,5
41218,3
41219,7
41220,4
41221,3
41222,7
41223,3
41224,6
41225,7
41226,3
41227,3
41228,7
41229,7
41230,6
41231,3
41232,5
41233,3
41234,6
41235,5
41236,5
41237,5
41238,5
41239,4
41240,2
41241,6
41242,5
41243,5
41244,6
41245,7
41246,6
41247,5
41248,5
41249,1
41250,6
41251,5
41252,5
41253,5
41254,5
41255,4
41256,4
41257,5
41258,5
41259,5
41260,3
41261,6
41262,4
41263,7
41264,4
41265,6
41266,3
41267,7
41268,4
41269,4
41270,4
41271,4
41272,5
41273,6
41274,3
41275,5
41276,4
41277,6
41278,5
41279,1
41280,6
41281,1
41282,7
41283,5
41284,5
41285,4
41286,5
41287,5
41288,5
41289,6
41290,5
41291,5
41292,5
41293,5
41294,1
41295,4
41296,2
41297,4
41298,4
41299,5
41300,5
41301,1
41302,6
41303,6
41304,5
41305,7
41306,4
41307,3
41308,6
41309,2
41310,4
41311,7
41312,4
41313,7
41314,5
41315,5
41316,5
41317,5
41318,7
41319,1
41320,5
41321,5
41322,7
41323,4
41324,3
41325,2
41326,4
41327,3
41328,2
41329,6
41330,4
41331,4
41332,3
41333,1
41334,3
41335,5
41336,7
41337,5
41338,5
41339,5
41340,4
41341,4
41342,7
41343,7
41344,7
41345,6
41346,4
41347,5
41348,6
41349,6
41350,3
41351,5
41352,7
41353,4
41354,5
41355,7
41356,6
41357,6
41358,5
41359,5
41360,3
41361,5
41362,7
41363,1
41364,6
41365,6
41366,4
41367,6
41368,6
41369,5
41370,6
41371,3
41372,4
41373,5
41374,7
41375,4
41376,5
41377,1
41378,6
41379,4
41380,3
41381,5
41382,7
41383,6
41384,5
41385,3
41386,6
41387,6
41388,2
41389,6
41390,4
41391,3
41392,3
41393,4
41394,4
41395,2
41396,7
41397,5
41398,4
41399,5
41400,4
41401,5
41402,5
41403,5
41404,5
41405,3
41406,4
41407,3
41408,7
41409,5
41410,4
41411,4
41412,7
41413,3
41414,4
41415,3
41416,3
41417,6
41418,4
41419,6
41420,6
41421,4
41422,5
41423,5
41424,6
41425,3
41426,5
41427,4
41428,3
41429,2
41430,4
41431,5
41432,2
41433,6
41434,5
41435,5
41436,3
41437,4
41438,5
41439,6
41440,7
41441,7
41442,5
41443,6
41444,6
41445,5
41446,4
41447,5
41448,4
41449,4
41450,4
41451,7
41452,3
41453,4
41454,4
41455,5
41456,6
41457,3
41458,6
41459,6
41460,6
41461,3
41462,5
41463,5
41464,5
41465,7
41466,4
41467,5
41468,2
41469,7
41470,4
41471,4
41472,5
41473,5
41474,4
41475,3
41476,3
41477,6
41478,3
41479,3
41480,6
41481,6
41482,5
41483,5
41484,6
41485,5
41486,6
41487,2
41488,4
41489,3
41490,5
41491,5
41492,5
41493,7
41494,4
41495,7
41496,4
41497,3
41498,4
41499,3
41500,4
41501,4
41502,5
41503,3
41504,4
41505,7
41506,4
41507,5
41508,4
41509,6
41510,4
41511,4
41512,4
41513,4
41514,5
41515,3
41516,7
41517,6
41518,4
41519,3
41520,5
41521,1
41522,6
41523,2
41524,4
41525,6
41526,7
41527,6
41528,5
41529,7
41530,6
41531,6
41532,7
41533,5
41534,4
41535,7
41536,3
41537,5
41538,5
41539,5
41540,5
41541,4
41542,6
41543,6
41544,5
41545,5
41546,6
41547,7
41548,4
41549,3
41550,5
41551,5
41552,4
41553,5
41554,4
41555,5
41556,5
41557,5
41558,5
41559,4
41560,4
41561,2
41562,6
41563,7
41564,7
41565,4
41566,7
41567,5
41568,6
41569,6
41570,5
41571,6
41572,5
41573,3
41574,6
41575,5
41576,4
41577,5
41578,4
41579,4
41580,5
41581,6
41582,3
41583,5
41584,5
41585,6
41586,6
41587,4
41588,5
41589,3
41590,4
41591,4
41592,4
41593,5
41594,3
41595,5
41596,5
41597,4
41598,6
41599,6
41600,6
41601,5
41602,3
41603,4
41604,7
41605,6
41606,4
41607,7
41608,5
41609,7
41610,6
41611,5
41612,5
41613,6
41614,7
41615,7
41616,5
41617,6
41618,7
41619,6
41620,2
41621,7
41622,5
41623,6
41624,3
41625,6
41626,5
41627,4
41628,6
41629,3
41630,5
41631,6
41632,7
41633,5
41634,6
41635,6
41636,5
41637,5
41638,4
41639,5
41640,5
41641,4
41642,6
41643,4
41644,5
41645,6
41646,5
41647,4
41648,3
41649,3
41650,6
41651,5
41652,5
41653,4
41654,3
41655,6
41656,3
41657,7
41658,4
41659,3
41660,4
41661,6
41662,7
41663,5
41664,5
41665,3
41666,2
41667,4
41668,6
41669,5
41670,6
41671,6
41672,4
41673,2
41674,4
41675,1
41676,6
41677,5
41678,5
41679,7
41680,6
41681,5
41682,5
41683,6
41684,5
41685,5
41686,5
41687,5
41688,6
41689,4
41690,6
41691,5
41692,6
41693,6
41694,5
41695,5
41696,4
41697,3
41698,5
41699,3
41700,7
41701,4
41702,4
41703,6
41704,5
41705,6
41706,5
41707,3
41708,3
41709,6
41710,5
41711,5
41712,4
41713,4
41714,5
41715,3
41716,4
41717,1
41718,4
41719,5
41720,6
41721,2
41722,5
41723,5
41724,7
41725,3
41726,3
41727,5
41728,7
41729,5
41730,4
41731,5
41732,2
41733,1
41734,5
41735,5
41736,5
41737,6
41738,4
41739,3
41740,7
41741,4
41742,6
41743,3
41744,5
41745,2
41746,6
41747,7
41748,7
41749,6
41750,5
41751,4
41752,5
41753,5
41754,5
41755,4
41756,4
41757,4
41758,3
41759,5
41760,5
41761,7
41762,5
41763,5
41764,5
41765,5
41766,5
41767,3
41768,5
41769,4
41770,4
41771,3
41772,5
41773,4
41774,5
41775,6
41776,5
41777,5
41778,6
41779,4
41780,6
41781,4
41782,4
41783,3
41784,5
41785,4
41786,5
41787,4
41788,4
41789,7
41790,4
41791,7
41792,5
41793,7
41794,4
41795,5
41796,1
41797,4
41798,5
41799,5
41800,5
41801,3
41802,6
41803,5
41804,5
41805,5
41806,6
41807,4
41808,7
41809,5
41810,4
41811,6
41812,5
41813,2
41814,5
41815,4
41816,6
41817,6
41818,4
41819,5
41820,7
41821,7
41822,5
41823,4
41824,6
41825,5
41826,3
41827,7
41828,5
41829,7
41830,3
41831,4
41832,4
41833,6
41834,5
41835,4
41836,4
41837,5
41838,4
41839,7
41840,5
41841,7
41842,4
41843,5
41844,5
41845,7
41846,6
41847,4
41848,6
41849,6
41850,4
41851,2
41852,5
41853,5
41854,7
41855,5
41856,6
41857,5
41858,7
41859,4
41860,5
41861,5
41862,4
41863,5
41864,5
41865,5
41866,4
41867,7
41868,6
41869,4
41870,4
41871,6
41872,4
41873,4
41874,4
41875,4
41876,2
41877,5
41878,6
41879,5
41880,5
41881,6
41882,5
41883,6
41884,5
41885,5
41886,5
41887,6
41888,6
41889,4
41890,6
41891,4
41892,2
41893,6
41894,4
41895,3
41896,3
41897,6
41898,3
41899,6
41900,7
41901,7
41902,2
41903,6
41904,2
41905,5
41906,5
41907,5
41908,5
41909,7
41910,4
41911,3
41912,4
41913,4
41914,5
41915,5
41916,7
41917,5
41918,7
41919,4
41920,4
41921,3
41922,3
41923,6
41924,5
41925,1
41926,4
41927,3
41928,2
41929,5
41930,7
41931,4
41932,7
41933,6
41934,7
41935,4
41936,6
41937,5
41938,6
41939,7
41940,6
41941,6
41942,4
41943,5
41944,4
41945,1
41946,5
41947,6
41948,7
41949,4
41950,5
41951,2
41952,5
41953,3
41954,2
41955,3
41956,5
41957,4
41958,5
41959,6
41960,7
41961,2
41962,5
41963,4
41964,7
41965,5
41966,6
41967,3
41968,6
41969,5
41970,5
41971,5
41972,5
41973,5
41974,6
41975,5
41976,7
41977,6
41978,7
41979,4
41980,5
41981,6
41982,6
41983,5
41984,4
41985,7
41986,5
41987,6
41988,5
41989,7
41990,6
41991,5
41992,7
41993,3
41994,4
41995,5
41996,6
41997,3
41998,5
41999,6
42000,6
42001,4
42002,3
42003,1
42004,3
42005,5
42006,5
42007,3
42008,6
42009,5
42010,7
42011,2
42012,4
42013,1
42014,1
42015,5
42016,5
42017,6
42018,7
42019,5
42020,5
42021,6
42022,3
42023,2
42024,7
42025,5
42026,6
42027,6
42028,3
42029,5
42030,5
42031,5
42032,2
42033,4
42034,4
42035,5
42036,7
42037,5
42038,3
42039,3
42040,7
42041,6
42042,3
42043,5
42044,3
42045,7
42046,7
42047,4
42048,5
42049,2
42050,7
42051,6
42052,5
42053,6
42054,4
42055,6
42056,4
42057,3
42058,4
42059,5
42060,5
42061,5
42062,6
42063,7
42064,5
42065,6
42066,5
42067,1
42068,7
42069,4
42070,4
42071,5
42072,4
42073,5
42074,4
42075,5
42076,5
42077,6
42078,5
42079,4
42080,7
42081,6
42082,7
42083,5
42084,3
42085,6
42086,5
42087,4
42088,3
42089,7
42090,5
42091,3
42092,4
42093,3
42094,3
42095,4
42096,5
42097,5
42098,5
42099,4
42100,4
42101,6
42102,7
42103,4
42104,7
42105,3
42106,1
42107,5
42108,7
42109,5
42110,5
42111,5
42112,6
42113,5
42114,6
42115,5
42116,4
42117,4
42118,7
42119,5
42120,5
42121,2
42122,4
42123,5
42124,6
42125,4
42126,7
42127,6
42128,5
42129,6
42130,7
42131,7
42132,3
42133,4
42134,5
42135,5
42136,6
42137,5
42138,7
42139,2
42140,3
42141,5
42142,5
42143,5
42144,3
42145,1
42146,4
42147,2
42148,7
42149,6
42150,1
42151,4
42152,5
42153,5
42154,7
42155,5
42156,6
42157,6
42158,5
42159,6
42160,2
42161,6
42162,6
42163,4
42164,5
42165,7
42166,4
42167,6
42168,3
42169,5
42170,4
42171,6
42172,2
42173,4
42174,6
42175,6
42176,4
42177,5
42178,3
42179,5
42180,6
42181,5
42182,4
42183,4
42184,6
42185,4
42186,6
42187,5
42188,2
42189,4
42190,6
42191,5
42192,1
42193,7
42194,4
42195,2
42196,4
42197,5
42198,7
42199,2
42200,5
42201,4
42202,5
42203,6
42204,5
42205,6
42206,5
42207,7
42208,5
42209,4
42210,3
42211,5
42212,5
42213,5
42214,5
42215,6
42216,5
42217,7
42218,7
42219,3
42220,5
42221,7
42222,6
42223,5
42224,4
42225,3
42226,3
42227,3
42228,4
42229,5
42230,3
42231,4
42232,7
42233,7
42234,5
42235,5
42236,7
42237,4
42238,6
42239,5
42240,4
42241,5
42242,7
42243,7
42244,1
42245,4
42246,5
42247,6
42248,4
42249,5
42250,4
42251,3
42252,4
42253,3
42254,5
42255,4
42256,4
42257,5
42258,4
42259,4
42260,4
42261,7
42262,5
42263,3
42264,2
42265,6
42266,3
42267,7
42268,7
42269,4
42270,5
42271,4
42272,5
42273,7
42274,6
42275,7
42276,4
42277,6
42278,3
42279,7
42280,5
42281,6
42282,7
42283,6
42284,6
42285,6
42286,3
42287,6
42288,4
42289,3
42290,6
42291,3
42292,7
42293,5
42294,5
42295,5
42296,5
42297,1
42298,4
42299,7
42300,4
42301,3
42302,6
42303,4
42304,6
42305,6
42306,6
42307,4
42308,6
42309,5
42310,5
42311,7
42312,1
42313,2
42314,7
42315,5
42316,6
42317,5
42318,6
42319,7
42320,5
42321,7
42322,7
42323,5
42324,4
42325,3
42326,6
42327,4
42328,4
42329,7
42330,6
42331,4
42332,3
42333,4
42334,6
42335,5
42336,5
42337,6
42338,6
42339,2
42340,7
42341,4
42342,6
42343,7
42344,7
42345,7
42346,5
42347,6
42348,5
42349,3
42350,4
42351,3
42352,5
42353,4
42354,7
42355,4
42356,7
42357,3
42358,4
42359,4
42360,4
42361,4
42362,6
42363,3
42364,1
42365,6
42366,5
42367,6
42368,6
42369,5
42370,5
42371,5
42372,5
42373,4
42374,4
42375,6
42376,7
42377,1
42378,6
42379,6
42380,5
42381,4
42382,4
42383,4
42384,7
42385,5
42386,3
42387,5
42388,5
42389,5
42390,3
42391,6
42392,5
42393,6
42394,2
42395,7
42396,5
42397,6
42398,3
42399,7
42400,4
42401,4
42402,4
42403,4
42404,4
42405,6
42406,5
42407,6
42408,5
42409,4
42410,1
42411,5
42412,3
42413,6
42414,4
42415,4
42416,4
42417,3
42418,7
42419,4
42420,6
42421,5
42422,5
42423,3
42424,7
42425,5
42426,7
42427,4
42428,4
42429,6
42430,7
42431,4
42432,6
42433,6
42434,5
42435,6
42436,7
42437,6
42438,7
42439,5
42440,5
42441,2
42442,4
42443,7
42444,6
42445,4
42446,5
42447,5
42448,6
42449,5
42450,2
42451,5
42452,3
42453,6
42454,6
42455,3
42456,6
42457,5
42458,7
42459,7
42460,5
42461,4
42462,5
42463,5
42464,4
42465,4
42466,5
42467,5
42468,5
42469,6
42470,5
42471,6
42472,5
42473,5
42474,5
42475,5
42476,4
42477,6
42478,3
42479,2
42480,6
42481,4
42482,4
42483,5
42484,6
42485,5
42486,7
42487,5
42488,4
42489,3
42490,4
42491,3
42492,6
42493,3
42494,4
42495,4
42496,7
42497,6
42498,6
42499,5
42500,5
42501,6
42502,2
42503,5
42504,5
42505,5
42506,7
42507,4
42508,4
42509,7
42510,2
42511,4
42512,4
42513,5
42514,6
42515,7
42516,6
42517,4
42518,5
42519,6
42520,3
42521,5
42522,4
42523,5
42524,4
42525,1
42526,4
42527,3
42528,7
42529,5
42530,6
42531,4
42532,7
42533,7
42534,4
42535,5
42536,6
42537,6
42538,5
42539,5
42540,3
42541,6
42542,6
42543,6
42544,6
42545,5
42546,6
42547,5
42548,2
42549,4
42550,3
42551,2
42552,5
42553,3
42554,4
42555,5
42556,3
42557,5
42558,6
42559,5
42560,4
42561,6
42562,5
42563,6
42564,5
42565,5
42566,6
42567,6
42568,6
42569,3
42570,7
42571,4
42572,5
42573,3
42574,7
42575,6
42576,4
42577,3
42578,5
42579,4
42580,3
42581,5
42582,1
42583,4
42584,6
42585,5
42586,4
42587,5
42588,4
42589,5
42590,5
42591,4
42592,5
42593,6
42594,5
42595,6
42596,7
42597,5
42598,5
42599,5
42600,4
42601,4
42602,2
42603,7
42604,6
42605,5
42606,4
42607,6
42608,6
42609,7
42610,6
42611,3
42612,5
42613,7
42614,4
42615,3
42616,5
42617,4
42618,5
42619,4
42620,3
42621,5
42622,6
42623,3
42624,5
42625,4
42626,6
42627,7
42628,5
42629,5
42630,6
42631,6
42632,7
42633,6
42634,6
42635,6
42636,5
42637,7
42638,5
42639,6
42640,4
42641,4
42642,5
42643,5
42644,5
42645,6
42646,5
42647,6
42648,5
42649,5
42650,7
42651,7
42652,5
42653,4
42654,4
42655,5
42656,7
42657,7
42658,6
42659,5
42660,7
42661,5
42662,4
42663,5
42664,4
42665,5
42666,5
42667,5
42668,5
42669,3
42670,7
42671,6
42672,3
42673,3
42674,5
42675,7
42676,7
42677,7
42678,7
42679,4
42680,4
42681,6
42682,6
42683,4
42684,5
42685,7
42686,7
42687,3
42688,5
42689,4
42690,4
42691,5
42692,6
42693,6
42694,7
42695,6
42696,6
42697,5
42698,3
42699,5
42700,6
42701,4
42702,5
42703,5
42704,5
42705,5
42706,4
42707,3
42708,7
42709,5
42710,3
42711,5
42712,7
42713,5
42714,4
42715,4
42716,5
42717,4
42718,3
42719,5
42720,4
42721,5
42722,3
42723,6
42724,4
42725,5
42726,6
42727,6
42728,6
42729,5
42730,5
42731,5
42732,4
42733,5
42734,5
42735,4
42736,4
42737,7
42738,4
42739,1
42740,5
42741,6
42742,6
42743,5
42744,7
42745,4
42746,4
42747,5
42748,6
42749,3
42750,3
42751,5
42752,2
42753,5
42754,3
42755,6
42756,6
42757,6
42758,3
42759,4
42760,6
42761,6
42762,5
42763,7
42764,5
42765,5
42766,7
42767,5
42768,3
42769,7
42770,3
42771,5
42772,3
42773,3
42774,6
42775,4
42776,5
42777,7
42778,4
42779,5
42780,5
42781,6
42782,4
42783,4
42784,4
42785,4
42786,4
42787,6
42788,6
42789,3
42790,5
42791,6
42792,5
42793,5
42794,6
42795,4
42796,5
42797,5
42798,5
42799,5
42800,5
42801,7
42802,4
42803,4
42804,2
42805,5
42806,6
42807,5
42808,4
42809,5
42810,5
42811,4
42812,7
42813,6
42814,7
42815,6
42816,7
42817,5
42818,5
42819,5
42820,5
42821,3
42822,4
42823,2
42824,6
42825,6
42826,1
42827,5
42828,5
42829,5
42830,5
42831,3
42832,6
42833,3
42834,7
42835,5
42836,6
42837,7
42838,4
42839,5
42840,4
42841,6
42842,4
42843,5
42844,5
42845,5
42846,5
42847,3
42848,7
42849,6
42850,5
42851,7
42852,6
42853,2
42854,7
42855,5
42856,5
42857,7
42858,3
42859,7
42860,3
42861,5
42862,7
42863,5
42864,3
42865,4
42866,5
42867,6
42868,4
42869,1
42870,3
42871,5
42872,7
42873,7
42874,6
42875,5
42876,3
42877,6
42878,7
42879,6
42880,4
42881,3
42882,5
42883,7
42884,4
42885,4
42886,7
42887,6
42888,3
42889,6
42890,5
42891,6
42892,3
42893,2
42894,6
42895,6
42896,4
42897,5
42898,7
42899,5
42900,4
42901,4
42902,5
42903,5
42904,5
42905,7
42906,5
42907,6
42908,5
42909,6
42910,4
42911,4
42912,4
42913,5
42914,5
42915,4
42916,7
42917,3
42918,2
42919,4
42920,6
42921,6
42922,5
42923,5
42924,6
42925,6
42926,6
42927,6
42928,5
42929,7
42930,4
42931,6
42932,7
42933,7
42934,6
42935,7
42936,5
42937,5
42938,7
42939,7
42940,1
42941,5
42942,5
42943,6
42944,4
42945,3
42946,4
42947,5
42948,5
42949,5
42950,4
42951,6
42952,3
42953,6
42954,4
42955,5
42956,4
42957,4
42958,4
42959,4
42960,4
42961,5
42962,4
42963,6
42964,7
42965,6
42966,5
42967,6
42968,7
42969,6
42970,4
42971,4
42972,6
42973,4
42974,7
42975,6
42976,7
42977,7
42978,7
42979,4
42980,7
42981,7
42982,4
42983,6
42984,3
42985,6
42986,5
42987,4
42988,7
42989,4
42990,7
42991,3
42992,4
42993,5
42994,6
42995,5
42996,3
42997,7
42998,5
42999,6
43000,6
43001,7
43002,4
43003,2
43004,5
43005,5
43006,6
43007,5
43008,6
43009,5
43010,5
43011,4
43012,3
43013,4
43014,3
43015,5
43016,5
43017,6
43018,4
43019,5
43020,4
43021,4
43022,2
43023,4
43024,4
43025,5
43026,6
43027,4
43028,6
43029,5
43030,7
43031,4
43032,6
43033,5
43034,6
43035,3
43036,6
43037,4
43038,3
43039,5
43040,6
43041,5
43042,7
43043,4
43044,4
43045,4
43046,3
43047,7
43048,6
43049,5
43050,6
43051,5
43052,3
43053,7
43054,4
43055,5
43056,3
43057,2
43058,6
43059,5
43060,2
43061,3
43062,3
43063,4
43064,4
43065,3
43066,4
43067,2
43068,3
43069,4
43070,6
43071,7
43072,4
43073,7
43074,4
43075,6
43076,4
43077,4
43078,4
43079,6
43080,4
43081,7
43082,5
43083,1
43084,3
43085,7
43086,6
43087,5
43088,7
43089,2
43090,4
43091,6
43092,7
43093,5
43094,5
43095,3
43096,5
43097,4
43098,4
43099,5
43100,5
43101,4
43102,5
43103,5
43104,3
43105,7
43106,5
43107,6
43108,5
43109,5
43110,4
43111,5
43112,7
43113,4
43114,3
43115,3
43116,7
43117,4
43118,5
43119,4
43120,4
43121,6
43122,3
43123,3
43124,6
43125,7
43126,5
43127,5
43128,5
43129,5
43130,7
43131,2
43132,4
43133,3
43134,7
43135,1
43136,6
43137,2
43138,5
43139,3
43140,3
43141,1
43142,6
43143,7
43144,6
43145,4
43146,5
43147,5
43148,5
43149,5
43150,5
43151,6
43152,5
43153,4
43154,4
43155,7
43156,5
43157,5
43158,6
43159,5
43160,5
43161,5
43162,5
43163,2
43164,7
43165,5
43166,6
43167,4
43168,6
43169,4
43170,6
43171,7
43172,5
43173,2
43174,2
43175,5
43176,6
43177,6
43178,2
43179,6
43180,5
43181,6
43182,6
43183,4
43184,5
43185,5
43186,4
43187,5
43188,5
43189,7
43190,5
43191,7
43192,6
43193,5
43194,4
43195,3
43196,5
43197,7
43198,6
43199,5
43200,5
43201,1
43202,4
43203,5
43204,6
43205,4
43206,4
43207,7
43208,3
43209,6
43210,5
43211,7
43212,5
43213,6
43214,6
43215,3
43216,5
43217,6
43218,5
43219,4
43220,4
43221,3
43222,6
43223,6
43224,4
43225,5
43226,6
43227,1
43228,7
43229,6
43230,5
43231,5
43232,2
43233,4
43234,4
43235,4
43236,2
43237,6
43238,3
43239,5
43240,5
43241,5
43242,3
43243,4
43244,6
43245,5
43246,5
43247,6
43248,5
43249,5
43250,5
43251,2
43252,5
43253,3
43254,6
43255,5
43256,5
43257,7
43258,2
43259,4
43260,4
43261,5
43262,5
43263,6
43264,5
43265,6
43266,7
43267,4
43268,7
43269,5
43270,3
43271,7
43272,4
43273,7
43274,5
43275,7
43276,5
43277,5
43278,2
43279,7
43280,6
43281,5
43282,5
43283,7
43284,5
43285,4
43286,6
43287,3
43288,7
43289,6
43290,3
43291,6
43292,5
43293,3
43294,3
43295,3
43296,5
43297,5
43298,5
43299,5
43300,5
43301,4
43302,4
43303,3
43304,5
43305,4
43306,3
43307,5
43308,5
43309,4
43310,7
43311,4
43312,4
43313,5
43314,5
43315,5
43316,1
43317,7
43318,4
43319,5
43320,6
43321,7
43322,5
43323,5
43324,5
43325,3
43326,5
43327,5
43328,3
43329,4
43330,6
43331,3
43332,7
43333,5
43334,4
43335,7
43336,4
43337,5
43338,4
43339,4
43340,3
43341,4
43342,3
43343,6
43344,2
43345,3
43346,3
43347,2
43348,6
43349,7
43350,4
43351,4
43352,5
43353,4
43354,3
43355,4
43356,3
43357,7
43358,6
43359,7
43360,5
43361,5
43362,4
43363,6
43364,4
43365,7
43366,3
43367,6
43368,5
43369,4
43370,4
43371,6
43372,6
43373,4
43374,3
43375,3
43376,5
43377,5
43378,6
43379,5
43380,5
43381,5
43382,4
43383,7
43384,4
43385,7
43386,5
43387,4
43388,4
43389,5
43390,4
43391,7
43392,7
43393,7
43394,7
43395,3
43396,6
43397,3
43398,3
43399,4
43400,4
43401,4
43402,5
43403,6
43404,7
43405,7
43406,6
43407,6
43408,7
43409,6
43410,5
43411,5
43412,6
43413,6
43414,7
43415,5
43416,4
43417,4
43418,7
43419,5
43420,4
43421,5
43422,4
43423,5
43424,4
43425,6
43426,4
43427,4
43428,1
43429,6
43430,5
43431,7
43432,5
43433,6
43434,5
43435,2
43436,6
43437,1
43438,6
43439,5
43440,5
43441,5
43442,5
43443,4
43444,6
43445,5
43446,6
43447,4
43448,4
43449,6
43450,6
43451,6
43452,5
43453,4
43454,5
43455,5
43456,5
43457,6
43458,3
43459,5
43460,4
43461,4
43462,5
43463,5
43464,5
43465,6
43466,6
43467,5
43468,3
43469,7
43470,5
43471,6
43472,6
43473,1
43474,5
43475,4
43476,5
43477,4
43478,4
43479,7
43480,7
43481,4
43482,5
43483,4
43484,7
43485,2
43486,6
43487,6
43488,4
43489,5
43490,5
43491,5
43492,5
43493,1
43494,6
43495,5
43496,5
43497,4
43498,7
43499,4
43500,5
43501,6
43502,4
43503,3
43504,5
43505,6
43506,7
43507,2
43508,5
43509,5
43510,7
43511,6
43512,4
43513,4
43514,5
43515,3
43516,1
43517,5
43518,3
43519,1
43520,7
43521,5
43522,5
43523,5
43524,4
43525,5
43526,1
43527,6
43528,7
43529,6
43530,7
43531,7
43532,6
43533,5
43534,4
43535,4
43536,6
43537,6
43538,6
43539,5
43540,4
43541,5
43542,5
43543,7
43544,5
43545,6
43546,7
43547,7
43548,5
43549,7
43550,7
43551,5
43552,4
43553,4
43554,3
43555,6
43556,5
43557,3
43558,7
43559,7
43560,5
43561,5
43562,7
43563,3
43564,6
43565,3
43566,4
43567,5
43568,5
43569,5
43570,5
43571,5
43572,5
43573,7
43574,5
43575,6
43576,4
43577,5
43578,5
43579,5
43580,5
43581,5
43582,4
43583,5
43584,3
43585,3
43586,5
43587,5
43588,6
43589,5
43590,5
43591,4
43592,5
43593,7
43594,6
43595,5
43596,4
43597,4
43598,6
43599,5
43600,5
43601,5
43602,3
43603,4
43604,1
43605,7
43606,7
43607,5
43608,6
43609,4
43610,6
43611,3
43612,5
43613,5
43614,6
43615,6
43616,2
43617,5
43618,6
43619,4
43620,5
43621,5
43622,5
43623,7
43624,7
43625,4
43626,6
43627,6
43628,3
43629,3
43630,7
43631,4
43632,2
43633,2
43634,3
43635,5
43636,6
43637,3
43638,5
43639,6
43640,6
43641,5
43642,6
43643,7
43644,6
43645,6
43646,4
43647,7
43648,7
43649,6
43650,2
43651,4
43652,5
43653,4
43654,5
43655,2
43656,4
43657,5
43658,2
43659,3
43660,4
43661,5
43662,6
43663,5
43664,6
43665,2
43666,1
43667,4
43668,3
43669,6
43670,5
43671,3
43672,4
43673,2
43674,7
43675,5
43676,6
43677,5
43678,6
43679,5
43680,4
43681,5
43682,4
43683,6
43684,7
43685,3
43686,6
43687,7
43688,6
43689,2
43690,5
43691,5
43692,6
43693,6
43694,6
43695,5
43696,3
43697,4
43698,2
43699,3
43700,5
43701,4
43702,3
43703,7
43704,5
43705,2
43706,7
43707,5
43708,6
43709,7
43710,7
43711,4
43712,3
43713,7
43714,6
43715,5
43716,5
43717,7
43718,3
43719,6
43720,7
43721,4
43722,7
43723,5
43724,2
43725,3
43726,4
43727,6
43728,4
43729,6
43730,4
43731,2
43732,5
43733,5
43734,6
43735,4
43736,4
43737,4
43738,4
43739,5
43740,5
43741,5
43742,6
43743,4
43744,2
43745,6
43746,4
43747,5
43748,6
43749,6
43750,7
43751,6
43752,5
43753,2
43754,5
43755,3
43756,5
43757,6
43758,7
43759,6
43760,6
43761,7
43762,5
43763,3
43764,3
43765,5
43766,5
43767,5
43768,4
43769,4
43770,6
43771,4
43772,2
43773,5
43774,5
43775,5
43776,5
43777,5
43778,7
43779,3
43780,5
43781,5
43782,5
43783,5
43784,7
43785,4
43786,7
43787,5
43788,5
43789,5
43790,3
43791,7
43792,4
43793,5
43794,6
43795,2
43796,6
43797,4
43798,2
43799,5
43800,4
43801,5
43802,5
43803,6
43804,7
43805,5
43806,5
43807,2
43808,4
43809,4
43810,4
43811,3
43812,5
43813,6
43814,6
43815,4
43816,5
43817,5
43818,6
43819,4
43820,5
43821,4
43822,5
43823,3
43824,7
43825,4
43826,4
43827,7
43828,3
43829,5
43830,5
43831,4
43832,3
43833,1
43834,5
43835,4
43836,5
43837,5
43838,3
43839,4
43840,5
43841,3
43842,5
43843,4
43844,7
43845,6
43846,7
43847,5
43848,7
43849,7
43850,4
43851,7
43852,5
43853,6
43854,7
43855,3
43856,5
43857,4
43858,7
43859,3
43860,4
43861,4
43862,5
43863,2
43864,7
43865,6
43866,5
43867,6
43868,5
43869,5
43870,4
43871,7
43872,5
43873,6
43874,5
43875,5
43876,7
43877,7
43878,7
43879,4
43880,5
43881,5
43882,3
43883,6
43884,2
43885,5
43886,5
43887,6
43888,6
43889,5
43890,4
43891,5
43892,4
43893,4
43894,5
43895,5
43896,5
43897,4
43898,5
43899,6
43900,7
43901,6
43902,5
43903,4
43904,6
43905,6
43906,3
43907,5
43908,6
43909,2
43910,6
43911,3
43912,5
43913,7
43914,5
43915,4
43916,5
43917,4
43918,7
43919,6
43920,5
43921,6
43922,4
43923,5
43924,5
43925,4
43926,1
43927,6
43928,6
43929,5
43930,5
43931,4
43932,4
43933,5
43934,1
43935,7
43936,7
43937,7
43938,5
43939,5
43940,5
43941,6
43942,5
43943,4
43944,5
43945,3
43946,7
43947,4
43948,6
43949,4
43950,5
43951,7
43952,6
43953,2
43954,6
43955,6
43956,7
43957,7
43958,5
43959,6
43960,5
43961,4
43962,6
43963,4
43964,5
43965,5
43966,5
43967,6
43968,1
43969,6
43970,4
43971,3
43972,4
43973,4
43974,2
43975,3
43976,5
43977,5
43978,5
43979,7
43980,6
43981,5
43982,2
43983,7
43984,7
43985,5
43986,5
43987,6
43988,5
43989,5
43990,6
43991,6
43992,5
43993,7
43994,6
43995,7
43996,3
43997,4
43998,7
43999,3
44000,5
44001,3
44002,2
44003,7
44004,6
44005,6
44006,6
44007,3
44008,6
44009,6
44010,6
44011,7
44012,7
44013,6
44014,5
44015,6
44016,4
44017,5
44018,4
44019,5
44020,5
44021,7
44022,7
44023,5
44024,6
44025,5
44026,4
44027,7
44028,5
44029,6
44030,5
44031,5
44032,3
44033,5
44034,7
44035,5
44036,6
44037,6
44038,5
44039,4
44040,3
44041,5
44042,4
44043,7
44044,5
44045,4
44046,4
44047,6
44048,5
44049,6
44050,6
44051,6
44052,2
44053,7
44054,3
44055,3
44056,1
44057,5
44058,7
44059,6
44060,6
44061,5
44062,7
44063,7
44064,5
44065,6
44066,7
44067,5
44068,4
44069,6
44070,4
44071,1
44072,4
44073,5
44074,2
44075,6
44076,7
44077,6
44078,6
44079,6
44080,5
44081,6
44082,6
44083,6
44084,5
44085,7
44086,4
44087,6
44088,6
44089,5
44090,5
44091,6
44092,6
44093,6
44094,3
44095,5
44096,4
44097,1
44098,7
44099,5
44100,3
44101,5
44102,5
44103,4
44104,6
44105,4
44106,5
44107,3
44108,3
44109,5
44110,3
44111,6
44112,6
44113,7
44114,6
44115,4
44116,5
44117,7
44118,5
44119,6
44120,7
44121,5
44122,5
44123,6
44124,7
44125,4
44126,4
44127,5
44128,2
44129,5
44130,5
44131,5
44132,4
44133,6
44134,5
44135,5
44136,3
44137,5
44138,6
44139,1
44140,6
44141,5
44142,7
44143,6
44144,7
44145,3
44146,3
44147,2
44148,3
44149,3
44150,5
44151,3
44152,6
44153,4
44154,4
44155,6
44156,3
44157,4
44158,6
44159,5
44160,6
44161,6
44162,5
44163,3
44164,6
44165,6
44166,3
44167,6
44168,3
44169,4
44170,3
44171,6
44172,7
44173,3
44174,4
44175,6
44176,3
44177,6
44178,5
44179,6
44180,5
44181,5
44182,6
44183,5
44184,7
44185,6
44186,6
44187,3
44188,3
44189,7
44190,3
44191,5
44192,6
44193,7
44194,3
44195,5
44196,5
44197,2
44198,2
44199,2
44200,1
44201,5
44202,6
44203,6
44204,4
44205,4
44206,5
44207,6
44208,5
44209,2
44210,4
44211,4
44212,1
44213,5
44214,5
44215,7
44216,5
44217,7
44218,4
44219,3
44220,6
44221,7
44222,4
44223,5
44224,5
44225,4
44226,4
44227,3
44228,3
44229,5
44230,5
44231,5
44232,5
44233,5
44234,4
44235,5
44236,4
44237,5
44238,4
44239,7
44240,4
44241,6
44242,3
44243,5
44244,6
44245,4
44246,7
44247,4
44248,5
44249,5
44250,5
44251,3
44252,4
44253,3
44254,4
44255,5
44256,5
44257,5
44258,4
44259,5
44260,6
44261,6
44262,7
44263,5
44264,5
44265,6
44266,3
44267,5
44268,4
44269,3
44270,6
44271,4
44272,6
44273,4
44274,4
44275,4
44276,3
44277,7
44278,5
44279,1
44280,6
44281,3
44282,1
44283,5
44284,4
44285,6
44286,5
44287,5
44288,5
44289,3
44290,1
44291,6
44292,4
44293,4
44294,5
44295,6
44296,5
44297,4
44298,4
44299,5
44300,6
44301,5
44302,4
44303,4
44304,4
44305,3
44306,4
44307,4
44308,5
44309,5
44310,6
44311,6
44312,7
44313,2
44314,7
44315,5
44316,5
44317,4
44318,7
44319,7
44320,4
44321,7
44322,4
44323,3
44324,7
44325,5
44326,4
44327,5
44328,3
44329,4
44330,4
44331,4
44332,3
44333,6
44334,5
44335,5
44336,7
44337,3
44338,5
44339,4
44340,7
44341,5
44342,6
44343,3
44344,5
44345,5
44346,2
44347,1
44348,7
44349,2
44350,6
44351,4
44352,2
44353,5
44354,3
44355,5
44356,5
44357,4
44358,5
44359,6
44360,5
44361,5
44362,7
44363,4
44364,2
44365,5
44366,2
44367,5
44368,7
44369,5
44370,6
44371,4
44372,3
44373,7
44374,5
44375,6
44376,5
44377,7
44378,5
44379,4
44380,5
44381,5
44382,3
44383,3
44384,7
44385,5
44386,7
44387,4
44388,4
44389,4
44390,3
44391,6
44392,5
44393,7
44394,5
44395,5
44396,5
44397,6
44398,4
44399,5
44400,5
44401,5
44402,5
44403,6
44404,6
44405,4
44406,7
44407,6
44408,7
44409,5
44410,5
44411,5
44412,3
44413,4
44414,5
44415,3
44416,6
44417,4
44418,3
44419,5
44420,5
44421,5
44422,3
44423,5
44424,6
44425,3
44426,6
44427,4
44428,7
44429,5
44430,1
44431,5
44432,5
44433,6
44434,5
44435,5
44436,3
44437,4
44438,5
44439,6
44440,1
44441,6
44442,6
44443,3
44444,6
44445,4
44446,4
44447,5
44448,6
44449,5
44450,2
44451,5
44452,3
44453,5
44454,4
44455,7
44456,7
44457,6
44458,4
44459,2
44460,4
44461,4
44462,6
44463,6
44464,1
44465,5
44466,2
44467,6
44468,5
44469,6
44470,5
44471,5
44472,6
44473,3
44474,5
44475,4
44476,5
44477,7
44478,6
44479,4
44480,7
44481,6
44482,4
44483,4
44484,3
44485,6
44486,5
44487,7
44488,4
44489,5
44490,6
44491,4
44492,5
44493,5
44494,2
44495,5
44496,6
44497,6
44498,5
44499,5
44500,3
44501,6
44502,6
44503,4
44504,4
44505,3
44506,5
44507,4
44508,4
44509,4
44510,7
44511,5
44512,5
44513,5
44514,7
44515,4
44516,7
44517,5
44518,4
44519,6
44520,6
44521,6
44522,4
44523,4
44524,4
44525,5
44526,5
44527,5
44528,6
44529,5
44530,5
44531,4
44532,6
44533,6
44534,1
44535,6
44536,5
44537,3
44538,3
44539,4
44540,7
44541,4
44542,6
44543,3
44544,4
44545,6
44546,7
44547,4
44548,3
44549,5
44550,5
44551,7
44552,6
44553,4
44554,6
44555,5
44556,6
44557,4
44558,4
44559,5
44560,5
44561,4
44562,4
44563,4
44564,5
44565,5
44566,5
44567,6
44568,4
44569,7
44570,6
44571,6
44572,3
44573,6
44574,1
44575,4
44576,5
44577,5
44578,6
44579,6
44580,2
44581,5
44582,6
44583,3
44584,3
44585,6
44586,2
44587,4
44588,5
44589,1
44590,6
44591,4
44592,4
44593,5
44594,5
44595,6
44596,5
44597,4
44598,4
44599,3
44600,7
44601,4
44602,2
44603,6
44604,6
44605,6
44606,2
44607,4
44608,6
44609,7
44610,5
44611,7
44612,2
44613,5
44614,4
44615,5
44616,6
44617,5
44618,5
44619,4
44620,5
44621,6
44622,7
44623,1
44624,2
44625,4
44626,4
44627,6
44628,5
44629,5
44630,6
44631,6
44632,5
44633,7
44634,7
44635,6
44636,4
44637,7
44638,4
44639,5
44640,5
44641,5
44642,5
44643,5
44644,7
44645,1
44646,7
44647,4
44648,6
44649,5
44650,3
44651,4
44652,5
44653,5
44654,6
44655,6
44656,7
44657,4
44658,3
44659,6
44660,4
44661,4
44662,5
44663,5
44664,5
44665,4
44666,4
44667,6
44668,6
44669,3
44670,3
44671,5
44672,6
44673,6
44674,5
44675,4
44676,5
44677,5
44678,6
44679,5
44680,7
44681,2
44682,5
44683,7
44684,5
44685,7
44686,5
44687,3
44688,6
44689,5
44690,4
44691,5
44692,5
44693,3
44694,7
44695,7
44696,5
44697,5
44698,5
44699,4
44700,4
44701,7
44702,2
44703,4
44704,5
44705,7
44706,3
44707,4
44708,2
44709,4
44710,5
44711,5
44712,3
44713,7
44714,6
44715,4
44716,5
44717,5
44718,5
44719,1
44720,6
44721,5
44722,4
44723,3
44724,1
44725,6
44726,5
44727,7
44728,3
44729,4
44730,5
44731,4
44732,4
44733,5
44734,5
44735,5
44736,4
44737,5
44738,6
44739,4
44740,6
44741,5
44742,4
44743,3
44744,2
44745,6
44746,4
44747,3
44748,6
44749,3
44750,7
44751,5
44752,5
44753,5
44754,7
44755,4
44756,3
44757,3
44758,7
44759,3
44760,1
44761,4
44762,3
44763,5
44764,6
44765,6
44766,7
44767,2
44768,4
44769,4
44770,5
44771,5
44772,7
44773,4
44774,5
44775,6
44776,4
44777,6
44778,6
44779,5
44780,6
44781,4
44782,6
44783,5
44784,6
44785,3
44786,4
44787,6
44788,4
44789,5
44790,4
44791,2
44792,2
44793,4
44794,7
44795,5
44796,3
44797,5
44798,4
44799,5
44800,5
44801,5
44802,5
44803,7
44804,6
44805,5
44806,4
44807,5
44808,3
44809,4
44810,5
44811,6
44812,4
44813,5
44814,4
44815,6
44816,5
44817,5
44818,7
44819,1
44820,6
44821,6
44822,7
44823,6
44824,5
44825,5
44826,3
44827,4
44828,6
44829,4
44830,6
44831,1
44832,6
44833,5
44834,5
44835,3
44836,3
44837,7
44838,6
44839,3
44840,1
44841,5
44842,4
44843,6
44844,5
44845,4
44846,3
44847,6
44848,6
44849,7
44850,3
44851,3
44852,3
44853,7
44854,4
44855,3
44856,4
44857,4
44858,6
44859,1
44860,4
44861,5
44862,6
44863,5
44864,3
44865,7
44866,3
44867,6
44868,3
44869,4
44870,7
44871,6
44872,6
44873,7
44874,4
44875,1
44876,5
44877,4
44878,5
44879,6
44880,5
44881,3
44882,7
44883,1
44884,5
44885,3
44886,4
44887,4
44888,4
44889,4
44890,2
44891,1
44892,6
44893,5
44894,5
44895,5
44896,7
44897,4
44898,4
44899,5
44900,5
44901,7
44902,5
44903,7
44904,2
44905,5
44906,2
44907,5
44908,7
44909,4
44910,5
44911,5
44912,7
44913,5
44914,3
44915,4
44916,7
44917,3
44918,4
44919,5
44920,4
44921,7
44922,3
44923,7
44924,5
44925,5
44926,6
44927,5
44928,4
44929,1
44930,7
44931,6
44932,6
44933,6
44934,4
44935,6
44936,6
44937,7
44938,5
44939,6
44940,6
44941,6
44942,7
44943,4
44944,6
44945,6
44946,4
44947,3
44948,4
44949,3
44950,4
44951,4
44952,4
44953,5
44954,6
44955,6
44956,3
44957,7
44958,3
44959,3
44960,4
44961,7
44962,4
44963,5
44964,3
44965,5
44966,1
44967,4
44968,4
44969,2
44970,2
44971,6
44972,3
44973,1
44974,3
44975,4
44976,4
44977,6
44978,6
44979,5
44980,4
44981,4
44982,3
44983,6
44984,5
44985,5
44986,5
44987,6
44988,5
44989,4
44990,6
44991,5
44992,5
44993,4
44994,4
44995,2
44996,4
44997,5
44998,7
44999,3
45000,7
45001,6
45002,5
45003,6
45004,5
45005,6
45006,4
45007,3
45008,6
45009,3
45010,4
45011,6
45012,4
45013,4
45014,1
45015,5
45016,7
45017,6
45018,6
45019,5
45020,4
45021,5
45022,6
45023,4
45024,5
45025,2
45026,6
45027,5
45028,6
45029,7
45030,6
45031,3
45032,5
45033,5
45034,5
45035,6
45036,4
45037,4
45038,5
45039,7
45040,6
45041,3
45042,4
45043,7
45044,6
45045,7
45046,3
45047,5
45048,4
45049,4
45050,5
45051,3
45052,4
45053,7
45054,7
45055,7
45056,5
45057,4
45058,4
45059,1
45060,2
45061,3
45062,4
45063,4
45064,3
45065,4
45066,6
45067,7
45068,4
45069,7
45070,7
45071,7
45072,6
45073,5
45074,5
45075,6
45076,4
45077,7
45078,7
45079,2
45080,6
45081,5
45082,7
45083,7
45084,5
45085,6
45086,7
45087,4
45088,7
45089,7
45090,5
45091,5
45092,6
45093,6
45094,6
45095,5
45096,5
45097,5
45098,6
45099,5
45100,4
45101,1
45102,5
45103,5
45104,5
45105,1
45106,6
45107,2
45108,5
45109,5
45110,3
45111,3
45112,6
45113,6
45114,6
45115,3
45116,5
45117,4
45118,6
45119,5
45120,5
45121,5
45122,4
45123,5
45124,4
45125,6
45126,2
45127,6
45128,4
45129,5
45130,5
45131,5
45132,6
45133,5
45134,5
45135,3
45136,2
45137,4
45138,5
45139,2
45140,7
45141,5
45142,5
45143,5
45144,4
45145,5
45146,5
45147,6
45148,2
45149,6
45150,3
45151,1
45152,7
45153,5
45154,5
45155,7
45156,6
45157,2
45158,5
45159,6
45160,4
45161,3
45162,4
45163,5
45164,4
45165,4
45166,7
45167,5
45168,7
45169,6
45170,6
45171,1
45172,3
45173,5
45174,7
45175,4
45176,6
45177,5
45178,5
45179,4
45180,6
45181,6
45182,4
45183,5
45184,5
45185,6
45186,5
45187,6
45188,3
45189,6
45190,6
45191,4
45192,2
45193,5
45194,4
45195,6
45196,6
45197,4
45198,4
45199,2
45200,2
45201,5
45202,4
45203,5
45204,5
45205,4
45206,3
45207,5
45208,7
45209,4
45210,4
45211,5
45212,5
45213,1
45214,3
45215,6
45216,4
45217,7
45218,4
45219,6
45220,4
45221,4
45222,7
45223,4
45224,7
45225,5
45226,6
45227,6
45228,4
45229,2
45230,6
45231,5
45232,6
45233,5
45234,4
45235,5
45236,7
45237,7
45238,5
45239,5
45240,5
45241,6
45242,5
45243,5
45244,5
45245,7
45246,5
45247,5
45248,4
45249,6
45250,6
45251,3
45252,7
45253,7
45254,3
45255,5
45256,4
45257,4
45258,6
45259,7
45260,5
45261,5
45262,1
45263,6
45264,6
45265,5
45266,7
45267,5
45268,5
45269,5
45270,5
45271,6
45272,5
45273,6
45274,3
45275,4
45276,4
45277,7
45278,5
45279,4
45280,4
45281,4
45282,6
45283,4
45284,5
45285,6
45286,2
45287,4
45288,6
45289,5
45290,5
45291,6
45292,5
45293,3
45294,7
45295,4
45296,5
45297,3
45298,5
45299,3
45300,7
45301,7
45302,4
45303,4
45304,6
45305,4
45306,5
45307,5
45308,7
45309,4
45310,5
45311,4
45312,5
45313,7
45314,5
45315,4
45316,6
45317,6
45318,4
45319,6
45320,5
45321,7
45322,4
45323,6
45324,4
45325,6
45326,4
45327,6
45328,4
45329,3
45330,6
45331,6
45332,3
45333,5
45334,2
45335,7
45336,7
45337,6
45338,6
45339,5
45340,7
45341,3
45342,5
45343,7
45344,5
45345,5
45346,6
45347,4
45348,7
45349,5
45350,5
45351,5
45352,7
45353,6
45354,6
45355,5
45356,6
45357,7
45358,5
45359,6
45360,4
45361,6
45362,6
45363,4
45364,7
45365,6
45366,6
45367,4
45368,7
45369,7
45370,6
45371,5
45372,7
45373,5
45374,5
45375,7
45376,5
45377,7
45378,3
45379,7
45380,6
45381,6
45382,5
45383,4
45384,5
45385,5
45386,2
45387,1
45388,5
45389,4
45390,6
45391,7
45392,3
45393,4
45394,6
45395,5
45396,4
45397,5
45398,2
45399,5
45400,4
45401,3
45402,5
45403,3
45404,5
45405,4
45406,1
45407,5
45408,3
45409,5
45410,7
45411,5
45412,5
45413,2
45414,4
45415,5
45416,3
45417,5
45418,3
45419,4
45420,7
45421,7
45422,7
45423,7
45424,2
45425,5
45426,6
45427,4
45428,5
45429,6
45430,6
45431,5
45432,6
45433,6
45434,5
45435,3
45436,6
45437,5
45438,7
45439,7
45440,6
45441,6
45442,3
45443,4
45444,5
45445,4
45446,6
45447,5
45448,5
45449,4
45450,5
45451,2
45452,7
45453,6
45454,2
45455,5
45456,5
45457,6
45458,7
45459,6
45460,5
45461,5
45462,4
45463,6
45464,4
45465,2
45466,2
45467,5
45468,6
45469,7
45470,6
45471,3
45472,5
45473,4
45474,7
45475,6
45476,3
45477,3
45478,3
45479,4
45480,5
45481,3
45482,7
45483,5
45484,5
45485,4
45486,6
45487,5
45488,7
45489,7
45490,2
45491,4
45492,5
45493,7
45494,6
45495,5
45496,5
45497,5
45498,3
45499,2
45500,6
45501,1
45502,4
45503,4
45504,5
45505,6
45506,4
45507,1
45508,4
45509,6
45510,7
45511,5
45512,6
45513,5
45514,5
45515,5
45516,5
45517,5
45518,4
45519,5
45520,7
45521,3
45522,5
45523,2
45524,1
45525,1
45526,2
45527,4
45528,7
45529,7
45530,5
45531,4
45532,7
45533,4
45534,2
45535,5
45536,5
45537,6
45538,7
45539,6
45540,4
45541,5
45542,4
45543,7
45544,2
45545,4
45546,2
45547,6
45548,5
45549,4
45550,5
45551,4
45552,2
45553,7
45554,5
45555,4
45556,4
45557,6
45558,2
45559,5
45560,5
45561,7
45562,6
45563,6
45564,4
45565,5
45566,5
45567,7
45568,4
45569,1
45570,5
45571,5
45572,5
45573,5
45574,4
45575,5
45576,4
45577,2
45578,4
45579,7
45580,4
45581,7
45582,7
45583,6
45584,3
45585,5
45586,4
45587,4
45588,2
45589,6
45590,4
45591,5
45592,5
45593,4
45594,5
45595,2
45596,5
45597,6
45598,6
45599,7
45600,2
45601,5
45602,6
45603,6
45604,3
45605,5
45606,6
45607,7
45608,3
45609,5
45610,3
45611,5
45612,3
45613,5
45614,4
45615,5
45616,7
45617,7
45618,7
45619,6
45620,5
45621,6
45622,7
45623,5
45624,7
45625,7
45626,2
45627,7
45628,6
45629,5
45630,7
45631,5
45632,4
45633,3
45634,4
45635,4
45636,5
45637,6
45638,5
45639,4
45640,6
45641,3
45642,7
45643,5
45644,6
45645,3
45646,2
45647,6
45648,3
45649,6
45650,5
45651,5
45652,3
45653,4
45654,6
45655,3
45656,3
45657,3
45658,2
45659,5
45660,7
45661,4
45662,5
45663,5
45664,5
45665,5
45666,4
45667,7
45668,2
45669,5
45670,5
45671,4
45672,5
45673,7
45674,7
45675,3
45676,7
45677,5
45678,4
45679,5
45680,5
45681,4
45682,5
45683,6
45684,4
45685,3
45686,2
45687,4
45688,5
45689,4
45690,5
45691,5
45692,6
45693,6
45694,7
45695,5
45696,3
45697,5
45698,3
45699,4
45700,5
45701,5
45702,7
45703,4
45704,2
45705,4
45706,4
45707,6
45708,6
45709,5
45710,6
45711,7
45712,4
45713,7
45714,5
45715,3
45716,2
45717,3
45718,7
45719,3
45720,5
45721,7
45722,5
45723,5
45724,5
45725,4
45726,3
45727,4
45728,3
45729,5
45730,5
45731,3
45732,5
45733,5
45734,5
45735,6
45736,5
45737,5
45738,6
45739,5
45740,4
45741,7
45742,2
45743,5
45744,6
45745,5
45746,7
45747,6
45748,7
45749,2
45750,4
45751,7
45752,2
45753,3
45754,3
45755,7
45756,5
45757,6
45758,7
45759,5
45760,7
45761,5
45762,4
45763,6
45764,1
45765,6
45766,5
45767,6
45768,4
45769,3
45770,5
45771,5
45772,6
45773,3
45774,7
45775,5
45776,6
45777,4
45778,5
45779,3
45780,5
45781,6
45782,6
45783,5
45784,4
45785,5
45786,7
45787,5
45788,3
45789,6
45790,4
45791,4
45792,4
45793,7
45794,5
45795,4
45796,5
45797,7
45798,6
45799,4
45800,6
45801,7
45802,1
45803,5
45804,5
45805,5
45806,1
45807,5
45808,4
45809,2
45810,7
45811,4
45812,6
45813,4
45814,5
45815,2
45816,3
45817,4
45818,4
45819,4
45820,4
45821,3
45822,6
45823,5
45824,2
45825,7
45826,5
45827,6
45828,4
45829,3
45830,5
45831,4
45832,4
45833,5
45834,6
45835,4
45836,4
45837,4
45838,6
45839,2
45840,3
45841,6
45842,5
45843,5
45844,7
45845,4
45846,3
45847,4
45848,6
45849,4
45850,6
45851,5
45852,3
45853,5
45854,5
45855,5
45856,6
45857,5
45858,6
45859,1
45860,4
45861,3
45862,5
45863,6
45864,6
45865,5
45866,6
45867,4
45868,2
45869,4
45870,6
45871,3
45872,6
45873,5
45874,5
45875,5
45876,5
45877,3
45878,4
45879,6
45880,6
45881,5
45882,6
45883,3
45884,4
45885,6
45886,4
45887,5
45888,3
45889,4
45890,4
45891,6
45892,7
45893,7
45894,7
45895,1
45896,2
45897,2
45898,5
45899,7
45900,4
45901,7
45902,7
45903,4
45904,7
45905,5
45906,4
45907,4
45908,6
45909,3
45910,5
45911,5
45912,5
45913,4
45914,5
45915,6
45916,2
45917,4
45918,5
45919,5
45920,4
45921,7
45922,5
45923,7
45924,5
45925,3
45926,6
45927,1
45928,4
45929,4
45930,4
45931,5
45932,5
45933,3
45934,4
45935,5
45936,7
45937,7
45938,6
45939,5
45940,5
45941,4
45942,3
45943,6
45944,3
45945,3
45946,6
45947,2
45948,5
45949,4
45950,7
45951,5
45952,4
45953,4
45954,6
45955,7
45956,5
45957,5
45958,5
45959,6
45960,3
45961,7
45962,5
45963,4
45964,7
45965,7
45966,6
45967,4
45968,5
45969,7
45970,4
45971,1
45972,6
45973,6
45974,4
45975,4
45976,6
45977,4
45978,5
45979,5
45980,6
45981,7
45982,6
45983,6
45984,1
45985,7
45986,6
45987,1
45988,2
45989,6
45990,6
45991,5
45992,6
45993,3
45994,2
45995,7
45996,6
45997,5
45998,1
45999,6
46000,7
46001,7
46002,5
46003,6
46004,3
46005,7
46006,5
46007,2
46008,3
46009,6
46010,6
46011,3
46012,6
46013,3
46014,5
46015,5
46016,7
46017,4
46018,6
46019,4
46020,5
46021,5
46022,5
46023,5
46024,7
46025,4
46026,6
46027,5
46028,3
46029,5
46030,3
46031,4
46032,4
46033,5
46034,4
46035,6
46036,2
46037,4
46038,5
46039,5
46040,4
46041,4
46042,7
46043,5
46044,4
46045,3
46046,5
46047,3
46048,4
46049,5
46050,5
46051,5
46052,5
46053,5
46054,6
46055,7
46056,3
46057,4
46058,6
46059,7
46060,2
46061,5
46062,7
46063,2
46064,2
46065,5
46066,5
46067,6
46068,4
46069,7
46070,5
46071,5
46072,6
46073,5
46074,6
46075,5
46076,4
46077,4
46078,6
46079,5
46080,7
46081,5
46082,4
46083,5
46084,6
46085,7
46086,4
46087,5
46088,6
46089,5
46090,4
46091,7
46092,4
46093,5
46094,5
46095,5
46096,5
46097,7
46098,5
46099,6
46100,3
46101,7
46102,7
46103,6
46104,6
46105,7
46106,2
46107,5
46108,6
46109,6
46110,5
46111,5
46112,2
46113,7
46114,6
46115,6
46116,1
46117,5
46118,3
46119,4
46120,5
46121,6
46122,5
46123,4
46124,7
46125,4
46126,5
46127,4
46128,5
46129,7
46130,6
46131,6
46132,2
46133,7
46134,6
46135,4
46136,6
46137,2
46138,5
46139,5
46140,5
46141,3
46142,7
46143,6
46144,5
46145,6
46146,5
46147,5
46148,4
46149,6
46150,3
46151,6
46152,4
46153,1
46154,5
46155,5
46156,4
46157,5
46158,7
46159,6
46160,6
46161,5
46162,5
46163,6
46164,5
46165,4
46166,5
46167,5
46168,7
46169,6
46170,5
46171,3
46172,7
46173,3
46174,5
46175,5
46176,7
46177,6
46178,3
46179,5
46180,1
46181,7
46182,7
46183,6
46184,6
46185,6
46186,6
46187,4
46188,4
46189,5
46190,4
46191,5
46192,4
46193,7
46194,7
46195,4
46196,4
46197,3
46198,1
46199,5
46200,1
46201,1
46202,1
46203,6
46204,5
46205,4
46206,4
46207,5
46208,4
46209,7
46210,2
46211,4
46212,6
46213,2
46214,6
46215,3
46216,5
46217,7
46218,6
46219,4
46220,5
46221,1
46222,6
46223,6
46224,5
46225,5
46226,4
46227,1
46228,6
46229,6
46230,3
46231,4
46232,7
46233,4
46234,5
46235,4
46236,2
46237,6
46238,5
46239,4
46240,4
46241,6
46242,6
46243,5
46244,6
46245,5
46246,5
46247,4
46248,6
46249,5
46250,4
46251,5
46252,4
46253,5
46254,6
46255,5
46256,4
46257,4
46258,2
46259,3
46260,6
46261,6
46262,5
46263,7
46264,7
46265,2
46266,7
46267,5
46268,6
46269,4
46270,7
46271,4
46272,4
46273,5
46274,5
46275,4
46276,6
46277,3
46278,5
46279,6
46280,7
46281,6
46282,6
46283,3
46284,4
46285,5
46286,7
46287,3
46288,5
46289,7
46290,4
46291,5
46292,5
46293,5
46294,5
46295,4
46296,7
46297,3
46298,5
46299,5
46300,4
46301,6
46302,6
46303,7
46304,5
46305,3
46306,5
46307,7
46308,6
46309,5
46310,5
46311,5
46312,5
46313,6
46314,5
46315,5
46316,5
46317,5
46318,5
46319,5
46320,4
46321,5
46322,7
46323,2
46324,5
46325,4
46326,3
46327,5
46328,5
46329,7
46330,2
46331,7
46332,5
46333,6
46334,6
46335,6
46336,7
46337,1
46338,5
46339,5
46340,7
46341,5
46342,5
46343,7
46344,4
46345,4
46346,3
46347,6
46348,5
46349,2
46350,6
46351,3
46352,4
46353,6
46354,4
46355,4
46356,4
46357,4
46358,7
46359,5
46360,5
46361,3
46362,6
46363,5
46364,7
46365,7
46366,5
46367,4
46368,1
46369,5
46370,5
46371,5
46372,6
46373,5
46374,4
46375,7
46376,6
46377,7
46378,5
46379,5
46380,5
46381,4
46382,6
46383,6
46384,7
46385,5
46386,5
46387,5
46388,3
46389,4
46390,4
46391,4
46392,5
46393,3
46394,5
46395,2
46396,5
46397,5
46398,7
46399,6
46400,3
46401,6
46402,5
46403,7
46404,3
46405,6
46406,6
46407,4
46408,6
46409,6
46410,3
46411,6
46412,5
46413,6
46414,5
46415,5
46416,5
46417,6
46418,6
46419,5
46420,4
46421,5
46422,3
46423,6
46424,5
46425,5
46426,5
46427,5
46428,7
46429,6
46430,6
46431,5
46432,5
46433,7
46434,2
46435,6
46436,4
46437,2
46438,5
46439,7
46440,4
46441,7
46442,4
46443,2
46444,4
46445,1
46446,5
46447,6
46448,4
46449,6
46450,5
46451,6
46452,3
46453,5
46454,6
46455,5
46456,4
46457,5
46458,4
46459,2
46460,3
46461,4
46462,3
46463,7
46464,5
46465,5
46466,5
46467,3
46468,3
46469,4
46470,7
46471,6
46472,4
46473,4
46474,5
46475,6
46476,6
46477,5
46478,5
46479,3
46480,6
46481,4
46482,7
46483,5
46484,4
46485,5
46486,6
46487,5
46488,6
46489,5
46490,5
46491,5
46492,6
46493,6
46494,4
46495,5
46496,7
46497,4
46498,3
46499,6
46500,3
46501,5
46502,7
46503,5
46504,3
46505,5
46506,4
46507,4
46508,3
46509,7
46510,4
46511,2
46512,5
46513,5
46514,6
46515,4
46516,5
46517,3
46518,3
46519,1
46520,7
46521,3
46522,5
46523,7
46524,5
46525,5
46526,5
46527,6
46528,5
46529,4
46530,4
46531,4
46532,5
46533,5
46534,5
46535,1
46536,4
46537,6
46538,4
46539,4
46540,6
46541,6
46542,5
46543,7
46544,4
46545,5
46546,4
46547,4
46548,5
46549,4
46550,5
46551,5
46552,5
46553,2
46554,4
46555,5
46556,5
46557,5
46558,3
46559,4
46560,6
46561,3
46562,5
46563,6
46564,4
46565,5
46566,6
46567,7
46568,6
46569,4
46570,3
46571,5
46572,4
46573,7
46574,3
46575,5
46576,5
46577,6
46578,4
46579,4
46580,2
46581,5
46582,7
46583,6
46584,5
46585,5
46586,4
46587,5
46588,3
46589,6
46590,5
46591,7
46592,5
46593,6
46594,2
46595,5
46596,4
46597,5
46598,5
46599,6
46600,7
46601,1
46602,5
46603,4
46604,6
46605,4
46606,5
46607,5
46608,5
46609,5
46610,3
46611,5
46612,3
46613,5
46614,7
46615,1
46616,6
46617,7
46618,4
46619,7
46620,6
46621,6
46622,6
46623,4
46624,6
46625,7
46626,5
46627,4
46628,4
46629,7
46630,5
46631,4
46632,7
46633,6
46634,4
46635,3
46636,4
46637,4
46638,4
46639,3
46640,6
46641,7
46642,5
46643,7
46644,6
46645,3
46646,4
46647,5
46648,7
46649,5
46650,7
46651,6
46652,6
46653,6
46654,7
46655,5
46656,6
46657,5
46658,7
46659,6
46660,4
46661,5
46662,6
46663,2
46664,6
46665,2
46666,6
46667,4
46668,2
46669,4
46670,5
46671,7
46672,5
46673,5
46674,4
46675,6
46676,4
46677,7
46678,5
46679,2
46680,6
46681,6
46682,3
46683,4
46684,7
46685,5
46686,5
46687,5
46688,5
46689,6
46690,6
46691,5
46692,3
46693,6
46694,7
46695,4
46696,5
46697,5
46698,4
46699,7
46700,6
46701,7
46702,6
46703,4
46704,6
46705,5
46706,7
46707,4
46708,5
46709,6
46710,3
46711,7
46712,7
46713,5
46714,2
46715,6
46716,7
46717,6
46718,5
46719,5
46720,2
46721,3
46722,3
46723,6
46724,3
46725,1
46726,7
46727,5
46728,7
46729,6
46730,5
46731,4
46732,2
46733,6
46734,5
46735,6
46736,2
46737,4
46738,6
46739,3
46740,5
46741,4
46742,1
46743,4
46744,4
46745,5
46746,6
46747,2
46748,4
46749,6
46750,2
46751,5
46752,6
46753,1
46754,7
46755,6
46756,6
46757,7
46758,4
46759,4
46760,7
46761,5
46762,6
46763,2
46764,2
46765,5
46766,7
46767,5
46768,4
46769,6
46770,5
46771,5
46772,6
46773,2
46774,3
46775,4
46776,5
46777,4
46778,3
46779,4
46780,4
46781,7
46782,2
46783,5
46784,5
46785,6
46786,4
46787,2
46788,7
46789,7
46790,6
46791,1
46792,6
46793,7
46794,5
46795,5
46796,5
46797,5
46798,5
46799,4
46800,4
46801,4
46802,3
46803,4
46804,3
46805,2
46806,3
46807,5
46808,5
46809,6
46810,4
46811,3
46812,5
46813,7
46814,6
46815,5
46816,7
46817,2
46818,5
46819,4
46820,4
46821,4
46822,5
46823,6
46824,2
46825,3
46826,7
46827,5
46828,1
46829,6
46830,5
46831,5
46832,3
46833,6
46834,3
46835,3
46836,5
46837,6
46838,4
46839,4
46840,5
46841,5
46842,5
46843,5
46844,5
46845,2
46846,2
46847,7
46848,7
46849,5
46850,7
46851,5
46852,6
46853,5
46854,3
46855,1
46856,6
46857,4
46858,5
46859,5
46860,4
46861,5
46862,3
46863,5
46864,5
46865,4
46866,5
46867,5
46868,4
46869,6
46870,5
46871,5
46872,5
46873,6
46874,7
46875,5
46876,5
46877,6
46878,4
46879,4
46880,6
46881,4
46882,5
46883,4
46884,5
46885,4
46886,6
46887,5
46888,7
46889,5
46890,5
46891,4
46892,4
46893,4
46894,5
46895,5
46896,6
46897,5
46898,4
46899,5
46900,4
46901,7
46902,5
46903,5
46904,2
46905,7
46906,4
46907,6
46908,6
46909,6
46910,4
46911,6
46912,4
46913,5
46914,5
46915,3
46916,1
46917,6
46918,7
46919,5
46920,5
46921,6
46922,6
46923,5
46924,1
46925,5
46926,7
46927,5
46928,5
46929,5
46930,6
46931,6
46932,5
46933,4
46934,3
46935,5
46936,6
46937,6
46938,4
46939,4
46940,5
46941,6
46942,3
46943,5
46944,5
46945,5
46946,6
46947,4
46948,4
46949,7
46950,5
46951,3
46952,7
46953,4
46954,2
46955,6
46956,5
46957,6
46958,2
46959,5
46960,6
46961,4
46962,4
46963,5
46964,7
46965,5
46966,6
46967,4
46968,4
46969,7
46970,6
46971,6
46972,6
46973,6
46974,5
46975,7
46976,5
46977,3
46978,7
46979,5
46980,5
46981,7
46982,4
46983,4
46984,7
46985,6
46986,5
46987,4
46988,6
46989,5
46990,7
46991,6
46992,6
46993,6
46994,2
46995,4
46996,6
46997,4
46998,4
46999,5
47000,7
47001,5
47002,7
47003,5
47004,2
47005,4
47006,5
47007,6
47008,4
47009,6
47010,3
47011,4
47012,6
47013,7
47014,2
47015,5
47016,5
47017,4
47018,3
47019,5
47020,5
47021,5
47022,6
47023,7
47024,4
47025,5
47026,2
47027,5
47028,4
47029,7
47030,6
47031,5
47032,7
47033,5
47034,4
47035,5
47036,5
47037,4
47038,2
47039,5
47040,5
47041,5
47042,4
47043,7
47044,1
47045,5
47046,4
47047,6
47048,2
47049,4
47050,5
47051,6
47052,5
47053,5
47054,6
47055,3
47056,6
47057,6
47058,4
47059,6
47060,6
47061,4
47062,5
47063,4
47064,7
47065,5
47066,3
47067,3
47068,6
47069,5
47070,6
47071,5
47072,4
47073,4
47074,4
47075,6
47076,6
47077,7
47078,4
47079,6
47080,6
47081,5
47082,7
47083,5
47084,5
47085,4
47086,5
47087,5
47088,6
47089,5
47090,5
47091,5
47092,4
47093,7
47094,5
47095,7
47096,5
47097,7
47098,5
47099,6
47100,5
47101,4
47102,2
47103,4
47104,4
47105,5
47106,3
47107,5
47108,4
47109,3
47110,6
47111,6
47112,5
47113,6
47114,3
47115,3
47116,2
47117,6
47118,4
47119,6
47120,4
47121,5
47122,2
47123,4
47124,6
47125,4
47126,5
47127,4
47128,4
47129,6
47130,1
47131,6
47132,6
47133,7
47134,3
47135,2
47136,4
47137,4
47138,5
47139,5
47140,5
47141,5
47142,6
47143,4
47144,4
47145,5
47146,6
47147,5
47148,7
47149,5
47150,6
47151,7
47152,3
47153,3
47154,4
47155,5
47156,6
47157,5
47158,6
47159,7
47160,2
47161,5
47162,5
47163,5
47164,1
47165,6
47166,7
47167,5
47168,2
47169,3
47170,6
47171,7
47172,2
47173,7
47174,5
47175,4
47176,4
47177,4
47178,6
47179,4
47180,6
47181,3
47182,4
47183,7
47184,3
47185,4
47186,5
47187,5
47188,4
47189,6
47190,7
47191,7
47192,5
47193,4
47194,5
47195,5
47196,6
47197,4
47198,5
47199,3
47200,4
47201,4
47202,6
47203,5
47204,6
47205,5
47206,7
47207,4
47208,5
47209,6
47210,7
47211,5
47212,5
47213,3
47214,6
47215,7
47216,6
47217,6
47218,6
47219,3
47220,6
47221,4
47222,6
47223,5
47224,7
47225,6
47226,3
47227,7
47228,3
47229,5
47230,3
47231,5
47232,6
47233,4
47234,5
47235,6
47236,6
47237,3
47238,3
47239,5
47240,5
47241,7
47242,6
47243,4
47244,4
47245,7
47246,6
47247,5
47248,4
47249,5
47250,5
47251,7
47252,5
47253,4
47254,4
47255,3
47256,4
47257,3
47258,2
47259,4
47260,5
47261,3
47262,5
47263,5
47264,6
47265,6
47266,6
47267,5
47268,6
47269,4
47270,5
47271,6
47272,5
47273,5
47274,6
47275,6
47276,4
47277,4
47278,5
47279,4
47280,5
47281,5
47282,3
47283,5
47284,3
47285,6
47286,6
47287,5
47288,5
47289,4
47290,4
47291,5
47292,4
47293,7
47294,3
47295,6
47296,3
47297,6
47298,5
47299,4
47300,3
47301,5
47302,2
47303,5
47304,2
47305,5
47306,6
47307,4
47308,5
47309,5
47310,7
47311,3
47312,6
47313,6
47314,5
47315,3
47316,4
47317,3
47318,2
47319,5
47320,5
47321,5
47322,2
47323,3
47324,6
47325,4
47326,5
47327,7
47328,4
47329,6
47330,5
47331,7
47332,7
47333,5
47334,6
47335,7
47336,3
47337,6
47338,2
47339,4
47340,4
47341,5
47342,6
47343,5
47344,5
47345,4
47346,4
47347,4
47348,5
47349,7
47350,5
47351,5
47352,5
47353,6
47354,6
47355,5
47356,6
47357,7
47358,5
47359,5
47360,7
47361,1
47362,5
47363,6
47364,4
47365,6
47366,7
47367,5
47368,4
47369,5
47370,5
47371,6
47372,7
47373,3
47374,5
47375,5
47376,6
47377,5
47378,7
47379,4
47380,3
47381,6
47382,3
47383,3
47384,4
47385,7
47386,6
47387,7
47388,5
47389,5
47390,3
47391,6
47392,5
47393,5
47394,6
47395,5
47396,6
47397,4
47398,5
47399,6
47400,6
47401,4
47402,5
47403,6
47404,4
47405,7
47406,3
47407,5
47408,7
47409,6
47410,7
47411,5
47412,3
47413,6
47414,5
47415,7
47416,5
47417,4
47418,6
47419,5
47420,5
47421,4
47422,7
47423,7
47424,6
47425,6
47426,6
47427,7
47428,5
47429,3
47430,6
47431,6
47432,2
47433,6
47434,4
47435,5
47436,4
47437,7
47438,6
47439,4
47440,2
47441,3
47442,1
47443,5
47444,7
47445,7
47446,3
47447,6
47448,7
47449,3
47450,4
47451,3
47452,5
47453,4
47454,7
47455,5
47456,3
47457,7
47458,6
47459,3
47460,5
47461,4
47462,2
47463,7
47464,5
47465,1
47466,4
47467,4
47468,2
47469,4
47470,5
47471,4
47472,6
47473,6
47474,6
47475,1
47476,7
47477,6
47478,4
47479,5
47480,6
47481,5
47482,6
47483,6
47484,3
47485,4
47486,3
47487,5
47488,5
47489,3
47490,7
47491,5
47492,5
47493,3
47494,4
47495,6
47496,4
47497,3
47498,5
47499,3
47500,1
47501,2
47502,2
47503,6
47504,5
47505,5
47506,5
47507,4
47508,4
47509,2
47510,4
47511,6
47512,4
47513,5
47514,3
47515,4
47516,3
47517,7
47518,2
47519,2
47520,6
47521,6
47522,4
47523,5
47524,5
47525,6
47526,5
47527,3
47528,5
47529,4
47530,3
47531,7
47532,4
47533,5
47534,6
47535,4
47536,7
47537,5
47538,5
47539,2
47540,6
47541,5
47542,5
47543,6
47544,7
47545,4
47546,3
47547,3
47548,1
47549,4
47550,5
47551,4
47552,5
47553,6
47554,3
47555,2
47556,6
47557,3
47558,5
47559,6
47560,4
47561,6
47562,5
47563,5
47564,5
47565,6
47566,4
47567,6
47568,7
47569,5
47570,5
47571,5
47572,5
47573,6
47574,4
47575,7
47576,3
47577,5
47578,6
47579,6
47580,5
47581,5
47582,5
47583,4
47584,7
47585,4
47586,2
47587,6
47588,5
47589,5
47590,5
47591,4
47592,7
47593,7
47594,4
47595,2
47596,5
47597,5
47598,6
47599,3
47600,1
47601,3
47602,7
47603,4
47604,5
47605,5
47606,1
47607,2
47608,6
47609,6
47610,5
47611,3
47612,3
47613,4
47614,6
47615,5
47616,7
47617,5
47618,7
47619,5
47620,6
47621,3
47622,5
47623,2
47624,5
47625,5
47626,7
47627,6
47628,7
47629,5
47630,5
47631,3
47632,5
47633,4
47634,7
47635,6
47636,5
47637,7
47638,5
47639,6
47640,6
47641,5
47642,5
47643,7
47644,5
47645,4
47646,6
47647,7
47648,4
47649,5
47650,5
47651,6
47652,6
47653,5
47654,5
47655,5
47656,6
47657,6
47658,4
47659,5
47660,6
47661,4
47662,5
47663,5
47664,5
47665,5
47666,7
47667,5
47668,5
47669,4
47670,4
47671,7
47672,1
47673,6
47674,6
47675,4
47676,5
47677,3
47678,6
47679,5
47680,4
47681,5
47682,7
47683,1
47684,6
47685,5
47686,4
47687,6
47688,6
47689,4
47690,5
47691,7
47692,5
47693,5
47694,4
47695,4
47696,6
47697,4
47698,5
47699,1
47700,4
47701,6
47702,3
47703,7
47704,2
47705,7
47706,7
47707,5
47708,5
47709,5
47710,5
47711,6
47712,5
47713,5
47714,6
47715,5
47716,7
47717,5
47718,7
47719,7
47720,6
47721,5
47722,5
47723,5
47724,3
47725,4
47726,6
47727,6
47728,5
47729,6
47730,3
47731,5
47732,5
47733,5
47734,4
47735,7
47736,5
47737,6
47738,4
47739,6
47740,3
47741,7
47742,3
47743,5
47744,4
47745,5
47746,7
47747,7
47748,4
47749,4
47750,5
47751,5
47752,3
47753,5
47754,4
47755,3
47756,7
47757,5
47758,7
47759,5
47760,6
47761,6
47762,7
47763,6
47764,6
47765,5
47766,4
47767,5
47768,6
47769,4
47770,6
47771,6
47772,5
47773,7
47774,5
47775,6
47776,5
47777,5
47778,5
47779,5
47780,5
47781,4
47782,5
47783,3
47784,5
47785,6
47786,6
47787,3
47788,5
47789,5
47790,6
47791,4
47792,6
47793,1
47794,3
47795,4
47796,2
47797,6
47798,4
47799,5
47800,5
47801,7
47802,7
47803,5
47804,6
47805,5
47806,5
47807,3
47808,4
47809,3
47810,4
47811,5
47812,2
47813,5
47814,6
47815,3
47816,6
47817,6
47818,5
47819,7
47820,2
47821,2
47822,4
47823,3
47824,5
47825,5
47826,5
47827,2
47828,5
47829,2
47830,4
47831,6
47832,5
47833,3
47834,1
47835,4
47836,6
47837,1
47838,4
47839,7
47840,5
47841,4
47842,3
47843,5
47844,6
47845,5
47846,4
47847,5
47848,5
47849,3
47850,4
47851,5
47852,4
47853,4
47854,1
47855,3
47856,4
47857,6
47858,2
47859,5
47860,2
47861,5
47862,5
47863,6
47864,7
47865,4
47866,3
47867,4
47868,5
47869,5
47870,4
47871,4
47872,4
47873,4
47874,6
47875,4
47876,5
47877,5
47878,2
47879,3
47880,7
47881,6
47882,4
47883,3
47884,6
47885,5
47886,5
47887,3
47888,4
47889,7
47890,7
47891,5
47892,4
47893,6
47894,2
47895,5
47896,6
47897,4
47898,6
47899,7
47900,7
47901,6
47902,7
47903,4
47904,6
47905,4
47906,7
47907,7
47908,5
47909,5
47910,5
47911,7
47912,3
47913,5
47914,5
47915,7
47916,6
47917,4
47918,4
47919,5
47920,5
47921,6
47922,3
47923,5
47924,7
47925,6
47926,5
47927,6
47928,6
47929,4
47930,4
47931,5
47932,5
47933,4
47934,3
47935,5
47936,7
47937,4
47938,3
47939,5
47940,6
47941,4
47942,5
47943,7
47944,5
47945,5
47946,5
47947,5
47948,6
47949,3
47950,5
47951,6
47952,6
47953,4
47954,3
47955,5
47956,5
47957,2
47958,7
47959,2
47960,7
47961,4
47962,6
47963,6
47964,7
47965,5
47966,7
47967,5
47968,5
47969,5
47970,4
47971,3
47972,4
47973,1
47974,5
47975,1
47976,5
47977,4
47978,6
47979,6
47980,6
47981,7
47982,4
47983,4
47984,2
47985,7
47986,7
47987,3
47988,2
47989,5
47990,5
47991,5
47992,5
47993,6
47994,4
47995,4
47996,7
47997,7
47998,7
47999,5
48000,4
48001,3
48002,4
48003,3
48004,5
48005,5
48006,3
48007,3
48008,6
48009,6
48010,5
48011,5
48012,5
48013,5
48014,5
48015,3
48016,5
48017,3
48018,5
48019,6
48020,5
48021,5
48022,4
48023,3
48024,7
48025,5
48026,4
48027,4
48028,7
48029,4
48030,4
48031,6
48032,7
48033,4
48034,5
48035,1
48036,6
48037,6
48038,5
48039,2
48040,5
48041,5
48042,4
48043,7
48044,4
48045,3
48046,2
48047,5
48048,4
48049,7
48050,4
48051,3
48052,5
48053,4
48054,5
48055,7
48056,4
48057,5
48058,4
48059,6
48060,5
48061,6
48062,4
48063,5
48064,6
48065,3
48066,7
48067,6
48068,5
48069,2
48070,4
48071,5
48072,4
48073,1
48074,6
48075,6
48076,7
48077,1
48078,5
48079,4
48080,5
48081,5
48082,5
48083,3
48084,6
48085,4
48086,5
48087,2
48088,6
48089,6
48090,6
48091,6
48092,5
48093,7
48094,6
48095,6
48096,6
48097,6
48098,6
48099,5
48100,2
48101,3
48102,5
48103,7
48104,6
48105,6
48106,5
48107,7
48108,7
48109,6
48110,7
48111,5
48112,5
48113,6
48114,6
48115,5
48116,5
48117,1
48118,7
48119,3
48120,6
48121,6
48122,2
48123,7
48124,6
48125,5
48126,4
48127,4
48128,6
48129,5
48130,6
48131,6
48132,7
48133,5
48134,6
48135,5
48136,2
48137,2
48138,5
48139,6
48140,6
48141,5
48142,6
48143,6
48144,5
48145,4
48146,4
48147,5
48148,2
48149,4
48150,7
48151,6
48152,3
48153,4
48154,4
48155,5
48156,3
48157,3
48158,3
48159,5
48160,5
48161,5
48162,6
48163,6
48164,5
48165,5
48166,6
48167,5
48168,2
48169,6
48170,7
48171,4
48172,6
48173,6
48174,2
48175,5
48176,4
48177,6
48178,3
48179,5
48180,7
48181,5
48182,4
48183,4
48184,7
48185,7
48186,5
48187,4
48188,6
48189,6
48190,5
48191,3
48192,5
48193,3
48194,6
48195,3
48196,6
48197,5
48198,5
48199,2
48200,5
48201,5
48202,4
48203,3
48204,4
48205,6
48206,3
48207,4
48208,3
48209,2
48210,4
48211,4
48212,5
48213,5
48214,4
48215,5
48216,2
48217,2
48218,7
48219,6
48220,4
48221,5
48222,4
48223,5
48224,3
48225,6
48226,4
48227,6
48228,4
48229,5
48230,3
48231,6
48232,4
48233,7
48234,7
48235,2
48236,4
48237,3
48238,4
48239,6
48240,7
48241,1
48242,6
48243,5
48244,6
48245,7
48246,4
48247,7
48248,5
48249,5
48250,7
48251,7
48252,5
48253,5
48254,5
48255,3
48256,5
48257,7
48258,5
48259,4
48260,3
48261,5
48262,4
48263,5
48264,5
48265,4
48266,5
48267,7
48268,2
48269,1
48270,5
48271,2
48272,7
48273,6
48274,4
48275,4
48276,5
48277,5
48278,6
48279,5
48280,6
48281,5
48282,5
48283,7
48284,6
48285,4
48286,7
48287,5
48288,5
48289,4
48290,3
48291,5
48292,5
48293,4
48294,4
48295,3
48296,7
48297,6
48298,4
48299,4
48300,4
48301,3
48302,7
48303,4
48304,4
48305,7
48306,6
48307,6
48308,4
48309,4
48310,5
48311,5
48312,4
48313,7
48314,2
48315,5
48316,3
48317,6
48318,5
48319,5
48320,5
48321,6
48322,5
48323,3
48324,5
48325,5
48326,3
48327,5
48328,5
48329,6
48330,6
48331,3
48332,5
48333,6
48334,7
48335,7
48336,4
48337,6
48338,4
48339,5
48340,3
48341,7
48342,5
48343,5
48344,4
48345,4
48346,1
48347,3
48348,1
48349,4
48350,4
48351,6
48352,2
48353,5
48354,4
48355,2
48356,5
48357,5
48358,7
48359,4
48360,4
48361,4
48362,4
48363,3
48364,7
48365,2
48366,5
48367,7
48368,7
48369,4
48370,5
48371,2
48372,5
48373,7
48374,6
48375,3
48376,6
48377,5
48378,6
48379,5
48380,4
48381,6
48382,6
48383,3
48384,6
48385,2
48386,5
48387,4
48388,5
48389,5
48390,4
48391,5
48392,7
48393,4
48394,7
48395,7
48396,6
48397,7
48398,5
48399,7
48400,7
48401,6
48402,4
48403,4
48404,3
48405,6
48406,4
48407,6
48408,4
48409,4
48410,5
48411,5
48412,7
48413,2
48414,4
48415,5
48416,1
48417,7
48418,6
48419,7
48420,3
48421,7
48422,5
48423,4
48424,3
48425,4
48426,7
48427,5
48428,5
48429,5
48430,3
48431,6
48432,5
48433,5
48434,5
48435,5
48436,4
48437,3
48438,2
48439,7
48440,6
48441,4
48442,5
48443,5
48444,5
48445,2
48446,5
48447,3
48448,4
48449,6
48450,7
48451,7
48452,6
48453,7
48454,5
48455,1
48456,7
48457,5
48458,5
48459,4
48460,7
48461,4
48462,7
48463,2
48464,6
48465,7
48466,3
48467,4
48468,5
48469,7
48470,5
48471,7
48472,4
48473,1
48474,5
48475,4
48476,4
48477,5
48478,6
48479,3
48480,4
48481,5
48482,6
48483,7
48484,3
48485,4
48486,6
48487,5
48488,4
48489,5
48490,4
48491,4
48492,7
48493,7
48494,7
48495,6
48496,5
48497,3
48498,6
48499,5
48500,5
48501,5
48502,7
48503,7
48504,7
48505,6
48506,5
48507,4
48508,5
48509,5
48510,6
48511,5
48512,6
48513,5
48514,2
48515,6
48516,5
48517,5
48518,5
48519,5
48520,3
48521,4
48522,6
48523,4
48524,4
48525,5
48526,5
48527,5
48528,2
48529,4
48530,6
48531,5
48532,7
48533,4
48534,4
48535,6
48536,5
48537,4
48538,4
48539,5
48540,5
48541,6
48542,6
48543,5
48544,5
48545,3
48546,6
48547,5
48548,5
48549,5
48550,3
48551,5
48552,6
48553,1
48554,3
48555,6
48556,4
48557,7
48558,5
48559,6
48560,6
48561,5
48562,2
48563,6
48564,6
48565,4
48566,4
48567,4
48568,4
48569,3
48570,5
48571,5
48572,4
48573,2
48574,2
48575,6
48576,4
48577,5
48578,4
48579,6
48580,6
48581,5
48582,5
48583,4
48584,4
48585,6
48586,5
48587,5
48588,3
48589,4
48590,7
48591,4
48592,5
48593,6
48594,4
48595,4
48596,7
48597,4
48598,6
48599,5
48600,4
48601,4
48602,7
48603,6
48604,4
48605,6
48606,6
48607,2
48608,3
48609,5
48610,6
48611,5
48612,3
48613,3
48614,5
48615,6
48616,2
48617,6
48618,5
48619,2
48620,5
48621,4
48622,5
48623,4
48624,6
48625,4
48626,3
48627,5
48628,7
48629,3
48630,5
48631,1
48632,4
48633,7
48634,5
48635,6
48636,6
48637,7
48638,6
48639,2
48640,7
48641,7
48642,5
48643,5
48644,7
48645,2
48646,6
48647,4
48648,6
48649,7
48650,7
48651,7
48652,6
48653,4
48654,6
48655,4
48656,5
48657,4
48658,7
48659,5
48660,5
48661,7
48662,5
48663,7
48664,5
48665,4
48666,7
48667,5
48668,4
48669,2
48670,6
48671,6
48672,3
48673,1
48674,6
48675,5
48676,6
48677,3
48678,4
48679,7
48680,4
48681,3
48682,2
48683,4
48684,5
48685,5
48686,5
48687,4
48688,5
48689,5
48690,5
48691,5
48692,3
48693,3
48694,7
48695,6
48696,6
48697,4
48698,6
48699,1
48700,5
48701,5
48702,6
48703,5
48704,4
48705,5
48706,5
48707,4
48708,5
48709,6
48710,3
48711,6
48712,6
48713,4
48714,5
48715,5
48716,5
48717,6
48718,4
48719,5
48720,7
48721,5
48722,3
48723,3
48724,7
48725,5
48726,7
48727,6
48728,5
48729,6
48730,5
48731,6
48732,4
48733,4
48734,7
48735,4
48736,5
48737,7
48738,5
48739,4
48740,5
48741,6
48742,2
48743,5
48744,6
48745,6
48746,4
48747,1
48748,6
48749,5
48750,5
48751,5
48752,5
48753,5
48754,5
48755,7
48756,1
48757,5
48758,3
48759,5
48760,3
48761,6
48762,7
48763,6
48764,7
48765,2
48766,5
48767,6
48768,6
48769,3
48770,4
48771,4
48772,1
48773,4
48774,5
48775,6
48776,5
48777,5
48778,7
48779,5
48780,7
48781,5
48782,7
48783,5
48784,7
48785,7
48786,3
48787,4
48788,5
48789,6
48790,7
48791,7
48792,4
48793,5
48794,4
48795,7
48796,4
48797,6
48798,4
48799,5
48800,4
48801,4
48802,5
48803,3
48804,5
48805,5
48806,6
48807,7
48808,7
48809,6
48810,7
48811,7
48812,4
48813,5
48814,3
48815,3
48816,4
48817,3
48818,3
48819,5
48820,6
48821,6
48822,7
48823,4
48824,5
48825,4
48826,6
48827,5
48828,5
48829,6
48830,5
48831,4
48832,6
48833,6
48834,6
48835,3
48836,7
48837,5
48838,4
48839,7
48840,5
48841,3
48842,6
48843,5
48844,5
48845,6
48846,6
48847,5
48848,7
48849,7
48850,5
48851,7
48852,7
48853,5
48854,6
48855,6
48856,6
48857,5
48858,7
48859,2
48860,5
48861,4
48862,5
48863,5
48864,7
48865,7
48866,2
48867,2
48868,6
48869,5
48870,2
48871,6
48872,5
48873,5
48874,4
48875,6
48876,6
48877,5
48878,6
48879,6
48880,4
48881,6
48882,5
48883,5
48884,4
48885,5
48886,3
48887,6
48888,6
48889,5
48890,7
48891,5
48892,4
48893,6
48894,5
48895,4
48896,6
48897,5
48898,5
48899,6
48900,7
48901,5
48902,2
48903,7
48904,4
48905,5
48906,4
48907,4
48908,3
48909,6
48910,4
48911,6
48912,5
48913,2
48914,7
48915,6
48916,6
48917,3
48918,5
48919,3
48920,5
48921,3
48922,4
48923,4
48924,5
48925,4
48926,5
48927,5
48928,3
48929,5
48930,3
48931,6
48932,3
48933,6
48934,6
48935,4
48936,5
48937,5
48938,4
48939,3
48940,7
48941,7
48942,6
48943,6
48944,5
48945,6
48946,4
48947,5
48948,5
48949,4
48950,5
48951,5
48952,6
48953,5
48954,5
48955,3
48956,5
48957,4
48958,5
48959,3
48960,7
48961,5
48962,3
48963,5
48964,6
48965,6
48966,4
48967,5
48968,5
48969,5
48970,1
48971,4
48972,5
48973,4
48974,4
48975,6
48976,5
48977,4
48978,6
48979,3
48980,6
48981,2
48982,5
48983,3
48984,7
48985,7
48986,6
48987,5
48988,3
48989,6
48990,4
48991,5
48992,5
48993,6
48994,3
48995,5
48996,5
48997,7
48998,5
48999,3
49000,5
49001,6
49002,4
49003,5
49004,3
49005,6
49006,5
49007,6
49008,6
49009,3
49010,1
49011,6
49012,7
49013,4
49014,6
49015,6
49016,6
49017,4
49018,3
49019,5
49020,3
49021,3
49022,4
49023,6
49024,4
49025,2
49026,6
49027,4
49028,6
49029,5
49030,1
49031,6
49032,6
49033,5
49034,5
49035,6
49036,6
49037,5
49038,5
49039,4
49040,6
49041,6
49042,6
49043,1
49044,7
49045,5
49046,5
49047,4
49048,5
49049,4
49050,4
49051,7
49052,5
49053,1
49054,3
49055,3
49056,6
49057,7
49058,5
49059,6
49060,5
49061,5
49062,5
49063,4
49064,3
49065,5
49066,4
49067,6
49068,6
49069,3
49070,6
49071,7
49072,7
49073,4
49074,5
49075,4
49076,2
49077,5
49078,7
49079,7
49080,7
49081,5
49082,4
49083,3
49084,4
49085,6
49086,4
49087,4
49088,5
49089,4
49090,4
49091,5
49092,1
49093,5
49094,3
49095,7
49096,3
49097,6
49098,6
49099,6
49100,6
49101,3
49102,5
49103,4
49104,4
49105,7
49106,4
49107,6
49108,7
49109,5
49110,7
49111,5
49112,5
49113,7
49114,5
49115,7
49116,3
49117,5
49118,7
49119,6
49120,4
49121,6
49122,5
49123,5
49124,3
49125,4
49126,7
49127,3
49128,7
49129,3
49130,5
49131,4
49132,6
49133,7
49134,5
49135,6
49136,5
49137,2
49138,5
49139,3
49140,4
49141,5
49142,6
49143,5
49144,6
49145,5
49146,5
49147,4
49148,5
49149,7
49150,4
49151,4
49152,6
49153,6
49154,6
49155,5
49156,5
49157,5
49158,6
49159,3
49160,3
49161,7
49162,7
49163,4
49164,4
49165,1
49166,7
49167,6
49168,1
49169,2
49170,7
49171,5
49172,4
49173,2
49174,5
49175,7
49176,4
49177,5
49178,3
49179,1
49180,4
49181,5
49182,7
49183,4
49184,4
49185,4
49186,5
49187,4
49188,3
49189,6
49190,6
49191,5
49192,7
49193,5
49194,6
49195,1
49196,5
49197,5
49198,1
49199,4
49200,1
49201,3
49202,7
49203,7
49204,6
49205,4
49206,6
49207,7
49208,5
49209,4
49210,5
49211,6
49212,5
49213,7
49214,5
49215,4
49216,5
49217,4
49218,5
49219,6
49220,4
49221,5
49222,3
49223,1
49224,6
49225,4
49226,4
49227,6
49228,3
49229,4
49230,6
49231,7
49232,5
49233,5
49234,6
49235,7
49236,6
49237,5
49238,3
49239,3
49240,6
49241,5
49242,5
49243,7
49244,3
49245,7
49246,6
49247,3
49248,4
49249,6
49250,7
49251,4
49252,3
49253,5
49254,7
49255,4
49256,6
49257,5
49258,6
49259,3
49260,5
49261,4
49262,5
49263,2
49264,7
49265,5
49266,6
49267,5
49268,4
49269,3
49270,6
49271,5
49272,5
49273,2
49274,5
49275,3
49276,5
49277,5
49278,2
49279,7
49280,4
49281,6
49282,7
49283,6
49284,5
49285,6
49286,4
49287,6
49288,5
49289,4
49290,4
49291,7
49292,5
49293,3
49294,6
49295,6
49296,7
49297,7
49298,7
49299,4
49300,7
49301,6
49302,6
49303,3
49304,5
49305,3
49306,5
49307,4
49308,3
49309,7
49310,6
49311,6
49312,7
49313,4
49314,6
49315,4
49316,5
49317,5
49318,4
49319,6
49320,4
49321,5
49322,3
49323,5
49324,6
49325,7
49326,6
49327,5
49328,1
49329,6
49330,7
49331,5
49332,5
49333,5
49334,4
49335,5
49336,4
49337,6
49338,7
49339,4
49340,4
49341,4
49342,3
49343,6
49344,5
49345,3
49346,5
49347,5
49348,4
49349,5
49350,3
49351,6
49352,5
49353,5
49354,6
49355,3
49356,5
49357,2
49358,6
49359,7
49360,5
49361,5
49362,5
49363,6
49364,6
49365,4
49366,4
49367,5
49368,5
49369,5
49370,5
49371,4
49372,3
49373,6
49374,5
49375,7
49376,6
49377,7
49378,7
49379,3
49380,7
49381,3
49382,5
49383,5
49384,3
49385,6
49386,2
49387,4
49388,6
49389,5
49390,5
49391,6
49392,7
49393,7
49394,4
49395,7
49396,6
49397,5
49398,5
49399,4
49400,5
49401,5
49402,7
49403,5
49404,4
49405,4
49406,2
49407,5
49408,5
49409,4
49410,4
49411,4
49412,5
49413,7
49414,5
49415,7
49416,3
49417,6
49418,4
49419,3
49420,6
49421,3
49422,5
49423,5
49424,7
49425,6
49426,4
49427,5
49428,2
49429,4
49430,6
49431,6
49432,4
49433,6
49434,6
49435,3
49436,6
49437,5
49438,5
49439,5
49440,6
49441,5
49442,6
49443,7
49444,6
49445,6
49446,5
49447,7
49448,5
49449,5
49450,7
49451,5
49452,3
49453,5
49454,4
49455,6
49456,4
49457,5
49458,3
49459,3
49460,6
49461,7
49462,4
49463,6
49464,7
49465,5
49466,3
49467,5
49468,3
49469,4
49470,3
49471,5
49472,3
49473,7
49474,5
49475,6
49476,5
49477,4
49478,7
49479,2
49480,5
49481,3
49482,6
49483,5
49484,5
49485,1
49486,5
49487,5
49488,3
49489,4
49490,5
49491,2
49492,5
49493,5
49494,3
49495,6
49496,6
49497,1
49498,6
49499,4
49500,4
49501,5
49502,2
49503,5
49504,3
49505,2
49506,3
49507,5
49508,5
49509,3
49510,3
49511,4
49512,5
49513,6
49514,4
49515,5
49516,5
49517,5
49518,3
49519,5
49520,4
49521,4
49522,5
49523,4
49524,5
49525,6
49526,5
49527,5
49528,3
49529,6
49530,4
49531,7
49532,4
49533,4
49534,6
49535,6
49536,5
49537,5
49538,5
49539,6
49540,5
49541,4
49542,3
49543,5
49544,5
49545,5
49546,6
49547,4
49548,5
49549,3
49550,7
49551,4
49552,7
49553,3
49554,4
49555,6
49556,7
49557,2
49558,6
49559,5
49560,5
49561,4
49562,6
49563,4
49564,3
49565,5
49566,6
49567,5
49568,6
49569,5
49570,7
49571,7
49572,5
49573,6
49574,3
49575,5
49576,5
49577,5
49578,6
49579,5
49580,5
49581,6
49582,6
49583,4
49584,4
49585,6
49586,4
49587,4
49588,3
49589,3
49590,2
49591,5
49592,5
49593,3
49594,5
49595,5
49596,5
49597,6
49598,7
49599,5
49600,6
49601,5
49602,7
49603,6
49604,5
49605,4
49606,5
49607,5
49608,6
49609,6
49610,5
49611,3
49612,4
49613,5
49614,5
49615,6
49616,7
49617,4
49618,3
49619,5
49620,4
49621,5
49622,7
49623,2
49624,4
49625,4
49626,5
49627,5
49628,5
49629,3
49630,2
49631,6
49632,2
49633,7
49634,4
49635,7
49636,5
49637,3
49638,4
49639,4
49640,6
49641,6
49642,3
49643,5
49644,4
49645,2
49646,5
49647,2
49648,6
49649,5
49650,7
49651,2
49652,4
49653,5
49654,5
49655,7
49656,5
49657,7
49658,2
49659,2
49660,6
49661,6
49662,4
49663,5
49664,4
49665,6
49666,2
49667,2
49668,7
49669,4
49670,7
49671,5
49672,6
49673,4
49674,5
49675,3
49676,5
49677,5
49678,4
49679,5
49680,4
49681,7
49682,5
49683,2
49684,4
49685,7
49686,7
49687,6
49688,5
49689,6
49690,1
49691,5
49692,6
49693,3
49694,6
49695,6
49696,2
49697,5
49698,4
49699,5
49700,4
49701,5
49702,5
49703,6
49704,5
49705,6
49706,3
49707,7
49708,3
49709,4
49710,5
49711,4
49712,7
49713,1
49714,5
49715,5
49716,4
49717,3
49718,2
49719,6
49720,6
49721,7
49722,1
49723,4
49724,5
49725,6
49726,6
49727,4
49728,3
49729,5
49730,3
49731,7
49732,3
49733,7
49734,2
49735,5
49736,5
49737,4
49738,4
49739,3
49740,4
49741,6
49742,2
49743,2
49744,6
49745,7
49746,5
49747,5
49748,7
49749,6
49750,1
49751,6
49752,7
49753,5
49754,7
49755,5
49756,6
49757,7
49758,5
49759,4
49760,5
49761,5
49762,7
49763,5
49764,7
49765,4
49766,5
49767,2
49768,5
49769,5
49770,7
49771,3
49772,6
49773,3
49774,6
49775,4
49776,6
49777,2
49778,3
49779,6
49780,7
49781,4
49782,5
49783,6
49784,7
49785,2
49786,6
49787,2
49788,3
49789,6
49790,6
49791,1
49792,5
49793,3
49794,2
49795,1
49796,6
49797,5
49798,4
49799,4
49800,5
49801,5
49802,6
49803,4
49804,6
49805,6
49806,3
49807,3
49808,7
49809,6
49810,4
49811,7
49812,5
49813,6
49814,5
49815,6
49816,6
49817,4
49818,4
49819,6
49820,3
49821,4
49822,5
49823,4
49824,6
49825,6
49826,2
49827,3
49828,5
49829,5
49830,5
49831,3
49832,6
49833,3
49834,5
49835,5
49836,6
49837,1
49838,5
49839,5
49840,4
49841,5
49842,3
49843,5
49844,4
49845,3
49846,6
49847,3
49848,7
49849,5
49850,6
49851,6
49852,5
49853,5
49854,6
49855,5
49856,4
49857,6
49858,5
49859,6
49860,4
49861,6
49862,2
49863,4
49864,6
49865,4
49866,5
49867,5
49868,5
49869,5
49870,6
49871,5
49872,3
49873,4
49874,6
49875,5
49876,2
49877,3
49878,5
49879,6
49880,4
49881,5
49882,5
49883,6
49884,7
49885,6
49886,5
49887,5
49888,5
49889,5
49890,6
49891,6
49892,5
49893,5
49894,1
49895,6
49896,4
49897,6
49898,4
49899,4
49900,4
49901,6
49902,3
49903,5
49904,4
49905,2
49906,7
49907,4
49908,3
49909,5
49910,6
49911,5
49912,6
49913,2
49914,6
49915,4
49916,5
49917,7
49918,6
49919,2
49920,2
49921,6
49922,4
49923,7
49924,6
49925,5
49926,5
49927,6
49928,4
49929,5
49930,4
49931,7
49932,6
49933,4
49934,7
49935,5
49936,2
49937,5
49938,6
49939,4
49940,2
49941,4
49942,6
49943,2
49944,2
49945,7
49946,2
49947,4
49948,4
49949,7
49950,4
49951,6
49952,6
49953,7
49954,5
49955,6
49956,5
49957,7
49958,6
49959,5
49960,6
49961,6
49962,5
49963,5
49964,3
49965,4
49966,3
49967,3
49968,5
49969,7
49970,3
49971,4
49972,4
49973,5
49974,3
49975,6
49976,5
49977,5
49978,2
49979,5
49980,3
49981,5
49982,3
49983,4
49984,3
49985,2
49986,5
49987,5
49988,5
49989,7
49990,6
49991,3
49992,5
49993,4
49994,5
49995,3
49996,4
49997,7
49998,4
49999,7
50000,4
50001,6
50002,6
50003,5
50004,6
50005,6
50006,6
50007,4
50008,6
50009,7
50010,7
50011,3
50012,6
50013,6
50014,7
50015,4
50016,5
50017,5
50018,7
50019,4
50020,5
50021,7
50022,6
50023,2
50024,5
50025,5
50026,5
50027,7
50028,5
50029,3
50030,5
50031,4
50032,5
50033,5
50034,3
50035,4
50036,3
50037,5
50038,2
50039,7
50040,5
50041,7
50042,5
50043,7
50044,4
50045,6
50046,7
50047,7
50048,4
50049,5
50050,4
50051,5
50052,5
50053,5
50054,4
50055,6
50056,4
50057,5
50058,7
50059,7
50060,4
50061,4
50062,5
50063,4
50064,7
50065,7
50066,5
50067,6
50068,5
50069,7
50070,4
50071,5
50072,5
50073,4
50074,5
50075,7
50076,6
50077,7
50078,7
50079,2
50080,7
50081,3
50082,3
50083,6
50084,6
50085,5
50086,6
50087,5
50088,5
50089,4
50090,5
50091,5
50092,5
50093,5
50094,6
50095,7
50096,4
50097,3
50098,5
50099,5
50100,7
50101,5
50102,6
50103,3
50104,6
50105,5
50106,3
50107,5
50108,6
50109,5
50110,5
50111,5
50112,5
50113,6
50114,2
50115,4
50116,3
50117,6
50118,4
50119,5
50120,7
50121,7
50122,7
50123,6
50124,7
50125,2
50126,5
50127,5
50128,5
50129,6
50130,6
50131,4
50132,4
50133,5
50134,2
50135,6
50136,6
50137,6
50138,5
50139,6
50140,7
50141,5
50142,3
50143,7
50144,5
50145,4
50146,5
50147,3
50148,4
50149,1
50150,6
50151,4
50152,4
50153,5
50154,5
50155,6
50156,7
50157,5
50158,5
50159,6
50160,3
50161,5
50162,5
50163,6
50164,3
50165,7
50166,3
50167,4
50168,7
50169,5
50170,3
50171,7
50172,5
50173,4
50174,5
50175,7
50176,7
50177,3
50178,3
50179,5
50180,2
50181,4
50182,3
50183,4
50184,5
50185,5
50186,4
50187,5
50188,5
50189,5
50190,3
50191,4
50192,6
50193,5
50194,5
50195,5
50196,5
50197,6
50198,5
50199,4
50200,3
50201,5
50202,6
50203,5
50204,5
50205,5
50206,4
50207,7
50208,7
50209,5
50210,5
50211,3
50212,6
50213,5
50214,5
50215,5
50216,6
50217,4
50218,2
50219,3
50220,5
50221,3
50222,5
50223,6
50224,6
50225,2
50226,1
50227,7
50228,4
50229,3
50230,5
50231,4
50232,5
50233,7
50234,6
50235,7
50236,2
50237,6
50238,4
50239,6
50240,4
50241,3
50242,5
50243,4
50244,6
50245,4
50246,5
50247,4
50248,4
50249,4
50250,6
50251,4
50252,6
50253,6
50254,4
50255,3
50256,2
50257,5
50258,7
50259,3
50260,5
50261,3
50262,1
50263,6
50264,5
50265,6
50266,5
50267,6
50268,6
50269,5
50270,5
50271,6
50272,6
50273,5
50274,5
50275,5
50276,7
50277,5
50278,4
50279,5
50280,5
50281,5
50282,6
50283,2
50284,5
50285,4
50286,7
50287,6
50288,3
50289,5
50290,3
50291,6
50292,2
50293,1
50294,4
50295,5
50296,6
50297,5
50298,6
50299,5
50300,7
50301,6
50302,2
50303,5
50304,5
50305,5
50306,5
50307,5
50308,5
50309,6
50310,6
50311,5
50312,4
50313,4
50314,4
50315,3
50316,7
50317,7
50318,4
50319,1
50320,2
50321,5
50322,6
50323,6
50324,3
50325,3
50326,4
50327,4
50328,7
50329,6
50330,1
50331,6
50332,6
50333,5
50334,4
50335,2
50336,7
50337,7
50338,4
50339,4
50340,6
50341,5
50342,4
50343,4
50344,4
50345,6
50346,2
50347,3
50348,2
50349,4
50350,5
50351,3
50352,4
50353,7
50354,5
50355,4
50356,5
50357,5
50358,4
50359,4
50360,5
50361,3
50362,5
50363,5
50364,5
50365,7
50366,6
50367,6
50368,5
50369,2
50370,7
50371,5
50372,6
50373,3
50374,7
50375,4
50376,7
50377,4
50378,6
50379,3
50380,4
50381,7
50382,5
50383,3
50384,7
50385,7
50386,6
50387,7
50388,5
50389,6
50390,6
50391,6
50392,2
50393,6
50394,3
50395,4
50396,2
50397,5
50398,5
50399,4
50400,2
50401,3
50402,6
50403,6
50404,1
50405,3
50406,5
50407,4
50408,3
50409,5
50410,5
50411,4
50412,5
50413,7
50414,6
50415,5
50416,6
50417,3
50418,6
50419,6
50420,7
50421,4
50422,7
50423,5
50424,7
50425,5
50426,6
50427,6
50428,6
50429,5
50430,5
50431,5
50432,5
50433,5
50434,5
50435,5
50436,4
50437,7
50438,7
50439,6
50440,1
50441,2
50442,6
50443,6
50444,4
50445,6
50446,5
50447,6
50448,4
50449,5
50450,5
50451,6
50452,5
50453,5
50454,6
50455,7
50456,3
50457,6
50458,4
50459,5
50460,6
50461,4
50462,2
50463,2
50464,5
50465,6
50466,3
50467,3
50468,3
50469,4
50470,5
50471,2
50472,6
50473,4
50474,4
50475,7
50476,5
50477,4
50478,5
50479,6
50480,3
50481,5
50482,3
50483,5
50484,4
50485,7
50486,2
50487,4
50488,6
50489,2
50490,6
50491,4
50492,6
50493,4
50494,4
50495,4
50496,4
50497,4
50498,4
50499,7
50500,6
50501,6
50502,5
50503,5
50504,5
50505,6
50506,6
50507,6
50508,5
50509,2
50510,4
50511,5
50512,6
50513,4
50514,5
50515,2
50516,5
50517,5
50518,2
50519,3
50520,2
50521,7
50522,6
50523,3
50524,6
50525,4
50526,4
50527,5
50528,3
50529,5
50530,6
50531,4
50532,3
50533,5
50534,6
50535,3
50536,4
50537,7
50538,7
50539,7
50540,5
50541,5
50542,6
50543,5
50544,7
50545,4
50546,7
50547,5
50548,5
50549,7
50550,5
50551,6
50552,4
50553,4
50554,3
50555,7
50556,5
50557,4
50558,4
50559,5
50560,4
50561,5
50562,5
50563,7
50564,5
50565,4
50566,5
50567,3
50568,7
50569,4
50570,3
50571,5
50572,7
50573,3
50574,5
50575,6
50576,7
50577,5
50578,3
50579,3
50580,5
50581,7
50582,4
50583,5
50584,5
50585,3
50586,4
50587,5
50588,5
50589,2
50590,7
50591,4
50592,7
50593,5
50594,6
50595,5
50596,7
50597,6
50598,5
50599,5
50600,7
50601,4
50602,5
50603,5
50604,4
50605,5
50606,7
50607,4
50608,4
50609,4
50610,5
50611,4
50612,4
50613,4
50614,3
50615,4
50616,5
50617,5
50618,4
50619,5
50620,7
50621,6
50622,7
50623,4
50624,5
50625,6
50626,6
50627,6
50628,3
50629,6
50630,6
50631,4
50632,6
50633,5
50634,4
50635,5
50636,5
50637,5
50638,6
50639,4
50640,5
50641,6
50642,6
50643,6
50644,6
50645,7
50646,1
50647,5
50648,5
50649,7
50650,5
50651,7
50652,2
50653,4
50654,7
50655,5
50656,7
50657,6
50658,6
50659,6
50660,4
50661,5
50662,6
50663,7
50664,2
50665,6
50666,5
50667,4
50668,3
50669,6
50670,5
50671,7
50672,5
50673,6
50674,2
50675,7
50676,7
50677,3
50678,5
50679,5
50680,6
50681,5
50682,7
50683,6
50684,4
50685,3
50686,3
50687,4
50688,5
50689,4
50690,7
50691,7
50692,6
50693,7
50694,4
50695,1
50696,6
50697,4
50698,6
50699,4
50700,6
50701,4
50702,6
50703,6
50704,5
50705,7
50706,4
50707,4
50708,7
50709,6
50710,5
50711,4
50712,3
50713,5
50714,7
50715,6
50716,4
50717,6
50718,7
50719,7
50720,7
50721,5
50722,6
50723,1
50724,5
50725,7
50726,7
50727,7
50728,3
50729,6
50730,7
50731,5
50732,5
50733,5
50734,7
50735,6
50736,5
50737,7
50738,5
50739,7
50740,4
50741,7
50742,6
50743,7
50744,5
50745,6
50746,5
50747,5
50748,4
50749,5
50750,6
50751,4
50752,5
50753,4
50754,4
50755,5
50756,5
50757,3
50758,6
50759,2
50760,6
50761,5
50762,4
50763,7
50764,6
50765,2
50766,5
50767,4
50768,6
50769,7
50770,5
50771,6
50772,3
50773,7
50774,3
50775,5
50776,7
50777,5
50778,6
50779,5
50780,7
50781,7
50782,5
50783,7
50784,7
50785,5
50786,7
50787,5
50788,1
50789,4
50790,4
50791,7
50792,4
50793,3
50794,4
50795,5
50796,7
50797,4
50798,5
50799,6
50800,7
50801,7
50802,5
50803,6
50804,4
50805,7
50806,2
50807,5
50808,6
50809,4
50810,6
50811,4
50812,3
50813,6
50814,6
50815,3
50816,7
50817,3
50818,3
50819,5
50820,7
50821,4
50822,6
50823,4
50824,6
50825,3
50826,6
50827,6
50828,4
50829,6
50830,4
50831,5
50832,7
50833,7
50834,4
50835,7
50836,3
50837,5
50838,3
50839,4
50840,5
50841,3
50842,4
50843,6
50844,4
50845,4
50846,5
50847,4
50848,5
50849,4
50850,7
50851,2
50852,4
50853,4
50854,5
50855,3
50856,4
50857,5
50858,5
50859,5
50860,5
50861,4
50862,5
50863,6
50864,2
50865,6
50866,6
50867,4
50868,4
50869,7
50870,5
50871,6
50872,6
50873,5
50874,4
50875,6
50876,1
50877,7
50878,7
50879,5
50880,5
50881,3
50882,6
50883,5
50884,4
50885,7
50886,4
50887,2
50888,4
50889,5
50890,4
50891,4
50892,6
50893,6
50894,4
50895,3
50896,7
50897,5
50898,5
50899,5
50900,6
50901,7
50902,4
50903,6
50904,7
50905,6
50906,6
50907,5
50908,2
50909,6
50910,6
50911,5
50912,4
50913,5
50914,2
50915,4
50916,4
50917,4
50918,4
50919,7
50920,6
50921,5
50922,7
50923,4
50924,2
50925,7
50926,3
50927,6
50928,5
50929,7
50930,6
50931,6
50932,5
50933,7
50934,5
50935,4
50936,4
50937,6
50938,2
50939,3
50940,7
50941,3
50942,7
50943,5
50944,5
50945,7
50946,7
50947,4
50948,3
50949,7
50950,6
50951,3
50952,6
50953,7
50954,3
50955,5
50956,5
50957,7
50958,5
50959,7
50960,5
50961,5
50962,5
50963,5
50964,4
50965,7
50966,5
50967,3
50968,7
50969,4
50970,5
50971,7
50972,7
50973,7
50974,6
50975,4
50976,1
50977,6
50978,7
50979,5
50980,3
50981,4
50982,6
50983,7
50984,2
50985,3
50986,6
50987,5
50988,5
50989,5
50990,6
50991,5
50992,6
50993,5
50994,3
50995,1
50996,5
50997,7
50998,2
50999,5
51000,5
51001,7
51002,5
51003,6
51004,4
51005,5
51006,3
51007,5
51008,4
51009,5
51010,7
51011,4
51012,2
51013,7
51014,7
51015,4
51016,5
51017,4
51018,3
51019,7
51020,4
51021,7
51022,7
51023,4
51024,7
51025,6
51026,5
51027,6
51028,5
51029,6
51030,7
51031,4
51032,5
51033,5
51034,4
51035,4
51036,7
51037,6
51038,6
51039,4
51040,4
51041,5
51042,5
51043,5
51044,5
51045,5
51046,3
51047,4
51048,6
51049,4
51050,7
51051,4
51052,4
51053,6
51054,5
51055,5
51056,4
51057,4
51058,4
51059,5
51060,3
51061,5
51062,7
51063,3
51064,5
51065,4
51066,4
51067,5
51068,6
51069,2
51070,4
51071,4
51072,3
51073,7
51074,6
51075,5
51076,7
51077,5
51078,5
51079,4
51080,5
51081,7
51082,3
51083,4
51084,5
51085,7
51086,6
51087,1
51088,5
51089,5
51090,6
51091,6
51092,1
51093,5
51094,7
51095,7
51096,5
51097,5
51098,4
51099,6
51100,4
51101,3
51102,6
51103,5
51104,5
51105,7
51106,6
51107,6
51108,7
51109,5
51110,6
51111,4
51112,3
51113,3
51114,6
51115,5
51116,3
51117,4
51118,5
51119,6
51120,3
51121,3
51122,5
51123,4
51124,3
51125,4
51126,6
51127,5
51128,6
51129,7
51130,5
51131,7
51132,6
51133,5
51134,5
51135,5
51136,5
51137,6
51138,6
51139,6
51140,6
51141,6
51142,3
51143,5
51144,6
51145,6
51146,7
51147,5
51148,6
51149,4
51150,5
51151,3
51152,7
51153,6
51154,6
51155,3
51156,5
51157,6
51158,7
51159,5
51160,5
51161,5
51162,1
51163,4
51164,4
51165,6
51166,4
51167,3
51168,5
51169,7
51170,6
51171,2
51172,7
51173,7
51174,6
51175,7
51176,2
51177,4
51178,6
51179,5
51180,6
51181,2
51182,3
51183,4
51184,7
51185,2
51186,5
51187,7
51188,4
51189,5
51190,5
51191,4
51192,2
51193,5
51194,4
51195,5
51196,3
51197,7
51198,5
51199,6
51200,5
51201,4
51202,1
51203,4
51204,7
51205,5
51206,6
51207,2
51208,5
51209,7
51210,5
51211,6
51212,3
51213,7
51214,4
51215,4
51216,7
51217,3
51218,7
51219,4
51220,7
51221,5
51222,6
51223,3
51224,5
51225,4
51226,5
51227,4
51228,5
51229,7
51230,5
51231,5
51232,6
51233,5
51234,5
51235,7
51236,7
51237,6
51238,6
51239,4
51240,5
51241,5
51242,5
51243,3
51244,4
51245,2
51246,6
51247,5
51248,7
51249,2
51250,3
51251,7
51252,7
51253,3
51254,5
51255,7
51256,2
51257,6
51258,5
51259,1
51260,7
51261,7
51262,6
51263,4
51264,6
51265,5
51266,5
51267,4
51268,6
51269,7
51270,7
51271,5
51272,6
51273,4
51274,7
51275,7
51276,5
51277,5
51278,4
51279,5
51280,6
51281,6
51282,3
51283,6
51284,6
51285,7
51286,5
51287,7
51288,5
51289,6
51290,7
51291,4
51292,4
51293,4
51294,6
51295,4
51296,6
51297,2
51298,6
51299,5
51300,5
51301,1
51302,4
51303,4
51304,7
51305,6
51306,5
51307,5
51308,4
51309,6
51310,3
51311,5
51312,7
51313,7
51314,4
51315,6
51316,5
51317,5
51318,5
51319,6
51320,4
51321,2
51322,6
51323,6
51324,7
51325,2
51326,3
51327,6
51328,6
51329,6
51330,4
51331,3
51332,3
51333,6
51334,5
51335,3
51336,5
51337,6
51338,5
51339,5
51340,4
51341,4
51342,5
51343,6
51344,5
51345,2
51346,4
51347,5
51348,5
51349,4
51350,5
51351,4
51352,5
51353,5
51354,2
51355,3
51356,5
51357,5
51358,5
51359,6
51360,5
51361,7
51362,5
51363,4
51364,6
51365,6
51366,6
51367,6
51368,5
51369,6
51370,6
51371,6
51372,2
51373,5
51374,4
51375,5
51376,7
51377,5
51378,7
51379,5
51380,5
51381,7
51382,5
51383,5
51384,6
51385,7
51386,7
51387,4
51388,6
51389,5
51390,7
51391,5
51392,3
51393,4
51394,7
51395,4
51396,5
51397,3
51398,5
51399,4
51400,6
51401,5
51402,5
51403,5
51404,6
51405,4
51406,4
51407,3
51408,6
51409,4
51410,5
51411,5
51412,4
51413,3
51414,5
51415,6
51416,3
51417,1
51418,6
51419,6
51420,7
51421,4
51422,7
51423,3
51424,4
51425,4
51426,6
51427,5
51428,4
51429,3
51430,2
51431,6
51432,5
51433,4
51434,5
51435,5
51436,7
51437,4
51438,6
51439,5
51440,5
51441,4
51442,4
51443,2
51444,4
51445,6
51446,5
51447,6
51448,4
51449,7
51450,5
51451,6
51452,3
51453,3
51454,7
51455,7
51456,4
51457,6
51458,6
51459,5
51460,4
51461,5
51462,5
51463,7
51464,5
51465,5
51466,4
51467,4
51468,3
51469,7
51470,6
51471,4
51472,6
51473,4
51474,3
51475,4
51476,7
51477,4
51478,3
51479,5
51480,4
51481,7
51482,2
51483,2
51484,5
51485,4
51486,5
51487,3
51488,5
51489,6
51490,6
51491,6
51492,4
51493,7
51494,4
51495,4
51496,1
51497,5
51498,5
51499,5
51500,4
51501,3
51502,7
51503,5
51504,5
51505,5
51506,5
51507,5
51508,7
51509,3
51510,5
51511,2
51512,6
51513,7
51514,6
51515,6
51516,2
51517,2
51518,6
51519,4
51520,4
51521,3
51522,2
51523,6
51524,3
51525,3
51526,3
51527,4
51528,7
51529,6
51530,5
51531,5
51532,7
51533,5
51534,7
51535,5
51536,6
51537,6
51538,5
51539,5
51540,5
51541,3
51542,5
51543,4
51544,5
51545,4
51546,5
51547,3
51548,4
51549,5
51550,5
51551,6
51552,3
51553,5
51554,5
51555,6
51556,4
51557,5
51558,4
51559,3
51560,7
51561,5
51562,5
51563,7
51564,4
51565,6
51566,5
51567,4
51568,4
51569,5
51570,3
51571,5
51572,4
51573,4
51574,2
51575,5
51576,7
51577,5
51578,5
51579,6
51580,5
51581,5
51582,4
51583,7
51584,7
51585,5
51586,7
51587,6
51588,5
51589,5
51590,5
51591,5
51592,5
51593,5
51594,6
51595,1
51596,2
51597,2
51598,2
51599,4
51600,6
51601,3
51602,5
51603,4
51604,5
51605,4
51606,2
51607,6
51608,4
51609,7
51610,5
51611,6
51612,5
51613,5
51614,6
51615,5
51616,4
51617,5
51618,4
51619,6
51620,4
51621,7
51622,5
51623,7
51624,6
51625,6
51626,7
51627,5
51628,4
51629,5
51630,7
51631,3
51632,6
51633,4
51634,3
51635,5
51636,1
51637,5
51638,5
51639,6
51640,5
51641,4
51642,5
51643,6
51644,3
51645,6
51646,6
51647,6
51648,5
51649,5
51650,4
51651,7
51652,4
51653,6
51654,5
51655,7
51656,6
51657,5
51658,5
51659,3
51660,4
51661,5
51662,5
51663,7
51664,4
51665,4
51666,5
51667,1
51668,5
51669,7
51670,6
51671,5
51672,4
51673,6
51674,2
51675,7
51676,5
51677,6
51678,6
51679,3
51680,1
51681,3
51682,5
51683,4
51684,5
51685,5
51686,5
51687,6
51688,4
51689,5
51690,5
51691,7
51692,5
51693,4
51694,3
51695,4
51696,5
51697,5
51698,5
51699,6
51700,6
51701,5
51702,5
51703,6
51704,4
51705,2
51706,4
51707,3
51708,4
51709,4
51710,4
51711,7
51712,7
51713,4
51714,7
51715,6
51716,4
51717,3
51718,6
51719,5
51720,2
51721,5
51722,3
51723,2
51724,6
51725,5
51726,3
51727,6
51728,6
51729,5
51730,5
51731,6
51732,6
51733,7
51734,3
51735,4
51736,3
51737,6
51738,5
51739,6
51740,6
51741,7
51742,3
51743,6
51744,5
51745,6
51746,5
51747,4
51748,4
51749,6
51750,4
51751,4
51752,4
51753,5
51754,4
51755,4
51756,5
51757,6
51758,4
51759,5
51760,7
51761,2
51762,4
51763,4
51764,6
51765,4
51766,7
51767,6
51768,4
51769,5
51770,5
51771,7
51772,7
51773,5
51774,5
51775,5
51776,4
51777,5
51778,1
51779,6
51780,5
51781,4
51782,3
51783,5
51784,3
51785,2
51786,6
51787,4
51788,6
51789,5
51790,5
51791,6
51792,7
51793,7
51794,3
51795,6
51796,5
51797,2
51798,3
51799,5
51800,3
51801,6
51802,5
51803,5
51804,6
51805,4
51806,6
51807,5
51808,7
51809,6
51810,5
51811,5
51812,4
51813,6
51814,4
51815,5
51816,4
51817,6
51818,5
51819,5
51820,7
51821,5
51822,2
51823,3
51824,5
51825,7
51826,4
51827,3
51828,4
51829,7
51830,7
51831,5
51832,7
51833,7
51834,5
51835,6
51836,6
51837,6
51838,7
51839,7
51840,6
51841,6
51842,5
51843,3
51844,6
51845,5
51846,2
51847,6
51848,6
51849,2
51850,6
51851,2
51852,6
51853,4
51854,3
51855,6
51856,5
51857,4
51858,7
51859,3
51860,4
51861,4
51862,3
51863,3
51864,2
51865,7
51866,5
51867,7
51868,3
51869,5
51870,2
51871,6
51872,6
51873,4
51874,5
51875,4
51876,6
51877,4
51878,5
51879,7
51880,7
51881,6
51882,6
51883,6
51884,5
51885,5
51886,6
51887,4
51888,5
51889,2
51890,6
51891,5
51892,4
51893,3
51894,6
51895,5
51896,7
51897,4
51898,5
51899,5
51900,5
51901,3
51902,2
51903,3
51904,3
51905,5
51906,5
51907,7
51908,3
51909,6
51910,6
51911,3
51912,6
51913,6
51914,7
51915,3
51916,5
51917,3
51918,5
51919,7
51920,6
51921,6
51922,5
51923,2
51924,2
51925,5
51926,3
51927,7
51928,6
51929,5
51930,4
51931,6
51932,6
51933,4
51934,5
51935,4
51936,4
51937,6
51938,4
51939,3
51940,6
51941,7
51942,5
51943,4
51944,5
51945,5
51946,3
51947,2
51948,6
51949,6
51950,4
51951,4
51952,6
51953,5
51954,4
51955,7
51956,4
51957,5
51958,3
51959,6
51960,6
51961,6
51962,4
51963,5
51964,5
51965,7
51966,3
51967,7
51968,3
51969,5
51970,7
51971,5
51972,5
51973,5
51974,3
51975,6
51976,5
51977,5
51978,7
51979,5
51980,4
51981,3
51982,7
51983,5
51984,6
51985,4
51986,5
51987,6
51988,5
51989,5
51990,5
51991,5
51992,4
51993,4
51994,3
51995,6
51996,5
51997,6
51998,6
51999,5
52000,4
52001,6
52002,5
52003,2
52004,6
52005,5
52006,5
52007,4
52008,7
52009,6
52010,6
52011,2
52012,4
52013,3
52014,4
52015,6
52016,6
52017,6
52018,5
52019,7
52020,6
52021,6
52022,5
52023,6
52024,3
52025,5
52026,3
52027,7
52028,5
52029,7
52030,4
52031,3
52032,5
52033,7
52034,4
52035,6
52036,5
52037,7
52038,5
52039,5
52040,1
52041,5
52042,3
52043,5
52044,4
52045,5
52046,6
52047,7
52048,5
52049,5
52050,5
52051,4
52052,5
52053,6
52054,4
52055,6
52056,4
52057,6
52058,5
52059,6
52060,6
52061,7
52062,7
52063,5
52064,6
52065,5
52066,7
52067,4
52068,6
52069,3
52070,5
52071,4
52072,7
52073,5
52074,4
52075,7
52076,5
52077,6
52078,3
52079,4
52080,5
52081,4
52082,7
52083,4
52084,4
52085,4
52086,4
52087,7
52088,6
52089,4
52090,3
52091,4
52092,6
52093,5
52094,4
52095,3
52096,6
52097,6
52098,6
52099,3
52100,5
52101,7
52102,4
52103,7
52104,2
52105,5
52106,4
52107,5
52108,5
52109,5
52110,6
52111,5
52112,5
52113,2
52114,6
52115,5
52116,6
52117,4
52118,5
52119,4
52120,6
52121,6
52122,5
52123,4
52124,6
52125,4
52126,4
52127,4
52128,7
52129,3
52130,7
52131,6
52132,5
52133,7
52134,7
52135,4
52136,5
52137,3
52138,6
52139,4
52140,7
52141,4
52142,5
52143,4
52144,6
52145,5
52146,3
52147,6
52148,4
52149,7
52150,5
52151,7
52152,4
52153,3
52154,2
52155,5
52156,2
52157,4
52158,6
52159,5
52160,7
52161,6
52162,5
52163,4
52164,4
52165,4
52166,4
52167,4
52168,3
52169,5
52170,6
52171,6
52172,3
52173,5
52174,4
52175,7
52176,5
52177,2
52178,3
52179,2
52180,6
52181,3
52182,3
52183,5
52184,7
52185,3
52186,6
52187,6
52188,5
52189,4
52190,7
52191,5
52192,4
52193,5
52194,5
52195,4
52196,5
52197,6
52198,5
52199,5
52200,5
52201,6
52202,5
52203,7
52204,5
52205,5
52206,7
52207,4
52208,7
52209,2
52210,5
52211,4
52212,5
52213,3
52214,4
52215,6
52216,4
52217,6
52218,4
52219,5
52220,7
52221,6
52222,6
52223,6
52224,3
52225,5
52226,6
52227,5
52228,5
52229,4
52230,6
52231,2
52232,6
52233,2
52234,3
52235,5
52236,7
52237,5
52238,5
52239,2
52240,4
52241,3
52242,7
52243,7
52244,4
52245,4
52246,4
52247,7
52248,5
52249,4
52250,2
52251,6
52252,6
52253,6
52254,7
52255,5
52256,4
52257,5
52258,5
52259,7
52260,7
52261,4
52262,6
52263,4
52264,5
52265,4
52266,6
52267,6
52268,6
52269,6
52270,4
52271,7
52272,5
52273,6
52274,7
52275,6
52276,7
52277,5
52278,5
52279,5
52280,5
52281,5
52282,4
52283,4
52284,4
52285,5
52286,7
52287,5
52288,5
52289,6
52290,4
52291,7
52292,6
52293,7
52294,4
52295,7
52296,5
52297,3
52298,7
52299,5
52300,6
52301,4
52302,5
52303,5
52304,7
52305,5
52306,6
52307,5
52308,5
52309,5
52310,5
52311,5
52312,6
52313,4
52314,4
52315,7
52316,4
52317,3
52318,7
52319,2
52320,4
52321,7
52322,5
52323,7
52324,6
52325,5
52326,5
52327,6
52328,5
52329,4
52330,7
52331,7
52332,5
52333,3
52334,7
52335,7
52336,5
52337,5
52338,7
52339,6
52340,6
52341,1
52342,3
52343,5
52344,7
52345,4
52346,5
52347,5
52348,2
52349,5
52350,6
52351,7
52352,7
52353,6
52354,3
52355,5
52356,6
52357,6
52358,7
52359,5
52360,6
52361,3
52362,4
52363,7
52364,5
52365,3
52366,7
52367,4
52368,5
52369,5
52370,2
52371,2
52372,5
52373,5
52374,5
52375,4
52376,6
52377,3
52378,3
52379,5
52380,4
52381,6
52382,6
52383,5
52384,3
52385,5
52386,2
52387,5
52388,4
52389,5
52390,7
52391,7
52392,5
52393,7
52394,6
52395,5
52396,4
52397,5
52398,6
52399,4
52400,7
52401,6
52402,4
52403,5
52404,5
52405,4
52406,5
52407,3
52408,5
52409,5
52410,3
52411,4
52412,5
52413,7
52414,5
52415,4
52416,5
52417,2
52418,5
52419,4
52420,7
52421,7
52422,6
52423,5
52424,4
52425,6
52426,7
52427,4
52428,5
52429,4
52430,5
52431,7
52432,5
52433,3
52434,7
52435,5
52436,2
52437,4
52438,6
52439,6
52440,5
52441,2
52442,7
52443,2
52444,6
52445,6
52446,4
52447,6
52448,2
52449,6
52450,4
52451,6
52452,4
52453,6
52454,6
52455,5
52456,2
52457,5
52458,2
52459,7
52460,3
52461,7
52462,5
52463,2
52464,6
52465,4
52466,5
52467,6
52468,7
52469,5
52470,1
52471,7
52472,6
52473,6
52474,5
52475,7
52476,6
52477,6
52478,7
52479,4
52480,5
52481,6
52482,7
52483,4
52484,5
52485,5
52486,3
52487,6
52488,4
52489,3
52490,5
52491,4
52492,6
52493,6
52494,3
52495,4
52496,6
52497,4
52498,6
52499,5
52500,5
52501,5
52502,3
52503,5
52504,4
52505,4
52506,6
52507,5
52508,4
52509,6
52510,5
52511,7
52512,1
52513,4
52514,5
52515,7
52516,7
52517,4
52518,5
52519,4
52520,4
52521,5
52522,4
52523,4
52524,5
52525,6
52526,7
52527,5
52528,5
52529,5
52530,2
52531,6
52532,5
52533,6
52534,6
52535,6
52536,5
52537,4
52538,5
52539,6
52540,6
52541,4
52542,5
52543,5
52544,7
52545,6
52546,5
52547,4
52548,1
52549,5
52550,6
52551,2
52552,7
52553,6
52554,1
52555,3
52556,7
52557,6
52558,1
52559,7
52560,4
52561,6
52562,5
52563,5
52564,5
52565,4
52566,7
52567,4
52568,5
52569,6
52570,7
52571,7
52572,2
52573,6
52574,5
52575,5
52576,3
52577,5
52578,3
52579,7
52580,2
52581,5
52582,5
52583,6
52584,6
52585,2
52586,5
52587,7
52588,5
52589,5
52590,5
52591,5
52592,4
52593,6
52594,5
52595,7
52596,6
52597,4
52598,5
52599,6
52600,3
52601,7
52602,5
52603,6
52604,6
52605,4
52606,5
52607,1
52608,4
52609,7
52610,5
52611,5
52612,4
52613,2
52614,5
52615,4
52616,5
52617,5
52618,7
52619,4
52620,4
52621,5
52622,4
52623,3
52624,6
52625,3
52626,5
52627,5
52628,6
52629,7
52630,6
52631,3
52632,6
52633,3
52634,3
52635,5
52636,2
52637,5
52638,4
52639,4
52640,3
52641,5
52642,4
52643,4
52644,4
52645,3
52646,6
52647,2
52648,4
52649,5
52650,6
52651,5
52652,6
52653,6
52654,4
52655,6
52656,4
52657,4
52658,5
52659,7
52660,5
52661,4
52662,5
52663,5
52664,4
52665,5
52666,4
52667,4
52668,5
52669,5
52670,4
52671,7
52672,4
52673,3
52674,3
52675,6
52676,6
52677,6
52678,6
52679,5
52680,5
52681,2
52682,3
52683,4
52684,2
52685,6
52686,6
52687,6
52688,4
52689,6
52690,5
52691,5
52692,5
52693,7
52694,4
52695,4
52696,6
52697,5
52698,2
52699,4
52700,4
52701,5
52702,7
52703,4
52704,7
52705,6
52706,3
52707,3
52708,1
52709,6
52710,6
52711,7
52712,3
52713,3
52714,7
52715,5
52716,7
52717,5
52718,2
52719,2
52720,7
52721,6
52722,4
52723,5
52724,5
52725,6
52726,6
52727,3
52728,5
52729,6
52730,6
52731,4
52732,6
52733,5
52734,4
52735,5
52736,6
52737,4
52738,5
52739,7
52740,4
52741,4
52742,5
52743,6
52744,4
52745,5
52746,4
52747,2
52748,6
52749,5
52750,2
52751,7
52752,6
52753,7
52754,6
52755,7
52756,3
52757,6
52758,5
52759,5
52760,5
52761,2
52762,6
52763,6
52764,4
52765,4
52766,7
52767,2
52768,6
52769,6
52770,4
52771,5
52772,6
52773,4
52774,4
52775,2
52776,4
52777,5
52778,7
52779,7
52780,5
52781,4
52782,4
52783,2
52784,2
52785,5
52786,3
52787,5
52788,5
52789,2
52790,6
52791,2
52792,5
52793,6
52794,7
52795,3
52796,6
52797,6
52798,4
52799,2
52800,6
52801,7
52802,4
52803,3
52804,6
52805,4
52806,4
52807,6
52808,5
52809,6
52810,4
52811,4
52812,7
52813,4
52814,2
52815,6
52816,5
52817,6
52818,5
52819,2
52820,5
52821,5
52822,5
52823,7
52824,6
52825,4
52826,4
52827,7
52828,4
52829,3
52830,6
52831,4
52832,5
52833,3
52834,7
52835,7
52836,4
52837,7
52838,7
52839,4
52840,6
52841,3
52842,7
52843,5
52844,2
52845,5
52846,6
52847,7
52848,4
52849,4
52850,5
52851,4
52852,7
52853,7
52854,5
52855,7
52856,5
52857,3
52858,5
52859,4
52860,5
52861,5
52862,4
52863,4
52864,6
52865,5
52866,6
52867,2
52868,4
52869,5
52870,5
52871,7
52872,3
52873,6
52874,6
52875,4
52876,5
52877,4
52878,6
52879,6
52880,7
52881,7
52882,6
52883,2
52884,5
52885,6
52886,5
52887,7
52888,4
52889,6
52890,4
52891,7
52892,6
52893,6
52894,7
52895,5
52896,5
52897,6
52898,7
52899,5
52900,4
52901,4
52902,5
52903,5
52904,6
52905,5
52906,6
52907,7
52908,4
52909,4
52910,7
52911,6
52912,6
52913,7
52914,5
52915,1
52916,4
52917,4
52918,5
52919,4
52920,6
52921,5
52922,5
52923,4
52924,3
52925,4
52926,2
52927,6
52928,5
52929,5
52930,6
52931,5
52932,6
52933,5
52934,4
52935,5
52936,4
52937,5
52938,7
52939,4
52940,5
52941,7
52942,6
52943,5
52944,6
52945,5
52946,5
52947,6
52948,3
52949,7
52950,4
52951,2
52952,6
52953,1
52954,6
52955,6
52956,5
52957,5
52958,4
52959,2
52960,6
52961,6
52962,5
52963,5
52964,4
52965,5
52966,7
52967,7
52968,5
52969,4
52970,5
52971,5
52972,4
52973,2
52974,5
52975,4
52976,6
52977,4
52978,4
52979,5
52980,7
52981,4
52982,5
52983,6
52984,4
52985,3
52986,5
52987,4
52988,5
52989,5
52990,4
52991,6
52992,7
52993,6
52994,4
52995,5
52996,5
52997,7
52998,6
52999,7
53000,6
53001,5
53002,1
53003,6
53004,6
53005,5
53006,4
53007,5
53008,5
53009,5
53010,5
53011,7
53012,6
53013,3
53014,5
53015,7
53016,6
53017,3
53018,5
53019,6
53020,6
53021,5
53022,6
53023,5
53024,5
53025,5
53026,7
53027,3
53028,3
53029,7
53030,6
53031,7
53032,5
53033,6
53034,7
53035,5
53036,2
53037,5
53038,6
53039,6
53040,3
53041,4
53042,6
53043,7
53044,7
53045,6
53046,6
53047,5
53048,5
53049,5
53050,6
53051,6
53052,7
53053,5
53054,5
53055,5
53056,7
53057,5
53058,6
53059,7
53060,2
53061,5
53062,4
53063,5
53064,1
53065,4
53066,6
53067,4
53068,5
53069,6
53070,5
53071,7
53072,4
53073,2
53074,5
53075,4
53076,3
53077,5
53078,5
53079,6
53080,7
53081,4
53082,6
53083,3
53084,3
53085,4
53086,7
53087,6
53088,7
53089,4
53090,5
53091,5
53092,5
53093,2
53094,2
53095,5
53096,5
53097,6
53098,5
53099,5
53100,5
53101,4
53102,5
53103,5
53104,5
53105,6
53106,7
53107,4
53108,6
53109,3
53110,2
53111,6
53112,6
53113,2
53114,6
53115,6
53116,3
53117,2
53118,4
53119,6
53120,6
53121,6
53122,6
53123,6
53124,7
53125,4
53126,5
53127,6
53128,5
53129,6
53130,5
53131,5
53132,5
53133,6
53134,5
53135,4
53136,5
53137,3
53138,5
53139,2
53140,4
53141,6
53142,6
53143,4
53144,5
53145,5
53146,6
53147,6
53148,5
53149,3
53150,4
53151,5
53152,2
53153,6
53154,2
53155,5
53156,3
53157,4
53158,5
53159,4
53160,3
53161,5
53162,3
53163,6
53164,1
53165,4
53166,4
53167,3
53168,5
53169,4
53170,6
53171,7
53172,6
53173,7
53174,7
53175,5
53176,5
53177,5
53178,4
53179,6
53180,7
53181,6
53182,7
53183,4
53184,5
53185,1
53186,6
53187,4
53188,3
53189,5
53190,5
53191,7
53192,7
53193,7
53194,5
53195,6
53196,7
53197,6
53198,3
53199,6
53200,5
53201,4
53202,7
53203,7
53204,5
53205,5
53206,4
53207,5
53208,5
53209,6
53210,7
53211,5
53212,5
53213,7
53214,3
53215,4
53216,3
53217,2
53218,3
53219,6
53220,4
53221,4
53222,7
53223,4
53224,6
53225,5
53226,2
53227,5
53228,7
53229,4
53230,4
53231,3
53232,5
53233,6
53234,6
53235,5
53236,2
53237,6
53238,5
53239,3
53240,6
53241,3
53242,6
53243,6
53244,1
53245,4
53246,7
53247,6
53248,4
53249,4
53250,6
53251,5
53252,6
53253,6
53254,7
53255,4
53256,6
53257,6
53258,6
53259,6
53260,6
53261,4
53262,4
53263,4
53264,6
53265,6
53266,7
53267,6
53268,5
53269,5
53270,5
53271,5
53272,6
53273,5
53274,7
53275,5
53276,3
53277,5
53278,3
53279,2
53280,1
53281,7
53282,5
53283,7
53284,3
53285,4
53286,4
53287,7
53288,4
53289,3
53290,4
53291,2
53292,7
53293,6
53294,5
53295,4
53296,6
53297,6
53298,4
53299,3
53300,4
53301,3
53302,6
53303,4
53304,6
53305,6
53306,7
53307,7
53308,5
53309,5
53310,4
53311,6
53312,4
53313,4
53314,7
53315,4
53316,5
53317,6
53318,5
53319,3
53320,6
53321,6
53322,6
53323,4
53324,6
53325,2
53326,7
53327,4
53328,7
53329,7
53330,6
53331,6
53332,5
53333,5
53334,5
53335,6
53336,2
53337,4
53338,4
53339,5
53340,6
53341,3
53342,7
53343,5
53344,7
53345,5
53346,4
53347,7
53348,5
53349,5
53350,2
53351,7
53352,2
53353,6
53354,7
53355,5
53356,2
53357,4
53358,5
53359,6
53360,5
53361,1
53362,6
53363,7
53364,6
53365,5
53366,5
53367,3
53368,5
53369,3
53370,5
53371,5
53372,4
53373,7
53374,5
53375,6
53376,7
53377,4
53378,7
53379,7
53380,4
53381,6
53382,6
53383,3
53384,3
53385,7
53386,7
53387,4
53388,7
53389,6
53390,6
53391,7
53392,7
53393,6
53394,4
53395,5
53396,4
53397,6
53398,4
53399,4
53400,5
53401,3
53402,6
53403,7
53404,2
53405,5
53406,6
53407,7
53408,5
53409,6
53410,4
53411,3
53412,3
53413,4
53414,4
53415,4
53416,2
53417,5
53418,4
53419,5
53420,6
53421,5
53422,4
53423,7
53424,1
53425,7
53426,4
53427,6
53428,4
53429,4
53430,4
53431,4
53432,7
53433,5
53434,5
53435,5
53436,3
53437,5
53438,5
53439,4
53440,6
53441,7
53442,5
53443,5
53444,6
53445,4
53446,4
53447,5
53448,4
53449,6
53450,4
53451,5
53452,5
53453,5
53454,5
53455,6
53456,6
53457,3
53458,3
53459,2
53460,4
53461,5
53462,4
53463,5
53464,4
53465,6
53466,4
53467,3
53468,3
53469,4
53470,5
53471,2
53472,2
53473,6
53474,3
53475,5
53476,6
53477,5
53478,6
53479,7
53480,6
53481,5
53482,5
53483,7
53484,5
53485,3
53486,5
53487,5
53488,5
53489,5
53490,5
53491,5
53492,3
53493,7
53494,5
53495,3
53496,6
53497,5
53498,4
53499,6
53500,5
53501,6
53502,3
53503,3
53504,5
53505,5
53506,5
53507,7
53508,4
53509,4
53510,7
53511,5
53512,7
53513,7
53514,5
53515,3
53516,5
53517,6
53518,6
53519,4
53520,5
53521,7
53522,5
53523,2
53524,7
53525,7
53526,6
53527,5
53528,4
53529,5
53530,5
53531,5
53532,3
53533,4
53534,5
53535,5
53536,3
53537,7
53538,5
53539,2
53540,7
53541,4
53542,6
53543,7
53544,4
53545,5
53546,5
53547,7
53548,1
53549,6
53550,4
53551,5
53552,6
53553,5
53554,5
53555,7
53556,3
53557,4
53558,5
53559,3
53560,3
53561,6
53562,6
53563,5
53564,5
53565,5
53566,6
53567,6
53568,6
53569,5
53570,7
53571,4
53572,5
53573,6
53574,5
53575,5
53576,6
53577,4
53578,3
53579,7
53580,7
53581,5
53582,6
53583,5
53584,2
53585,6
53586,4
53587,6
53588,3
53589,5
53590,5
53591,7
53592,5
53593,1
53594,4
53595,5
53596,5
53597,5
53598,5
53599,7
53600,5
53601,4
53602,6
53603,5
53604,3
53605,3
53606,7
53607,6
53608,4
53609,5
53610,5
53611,5
53612,3
53613,4
53614,5
53615,5
53616,7
53617,6
53618,5
53619,7
53620,4
53621,7
53622,5
53623,2
53624,5
53625,6
53626,6
53627,3
53628,5
53629,5
53630,4
53631,5
53632,4
53633,5
53634,3
53635,4
53636,5
53637,5
53638,5
53639,6
53640,4
53641,2
53642,5
53643,7
53644,4
53645,5
53646,5
53647,3
53648,4
53649,3
53650,3
53651,7
53652,1
53653,6
53654,6
53655,6
53656,5
53657,4
53658,6
53659,6
53660,4
53661,2
53662,4
53663,5
53664,3
53665,2
53666,6
53667,6
53668,5
53669,6
53670,6
53671,4
53672,5
53673,7
53674,5
53675,2
53676,2
53677,4
53678,5
53679,6
53680,6
53681,6
53682,5
53683,5
53684,5
53685,6
53686,3
53687,5
53688,2
53689,5
53690,5
53691,5
53692,5
53693,6
53694,7
53695,5
53696,7
53697,6
53698,5
53699,5
53700,3
53701,1
53702,5
53703,6
53704,6
53705,5
53706,4
53707,6
53708,6
53709,3
53710,5
53711,7
53712,3
53713,5
53714,5
53715,7
53716,6
53717,7
53718,6
53719,4
53720,5
53721,4
53722,6
53723,4
53724,4
53725,7
53726,4
53727,5
53728,5
53729,6
53730,4
53731,6
53732,5
53733,7
53734,5
53735,5
53736,4
53737,3
53738,5
53739,5
53740,6
53741,7
53742,7
53743,4
53744,5
53745,6
53746,6
53747,2
53748,6
53749,4
53750,6
53751,5
53752,5
53753,6
53754,4
53755,4
53756,6
53757,7
53758,4
53759,5
53760,7
53761,5
53762,2
53763,5
53764,2
53765,6
53766,6
53767,2
53768,5
53769,4
53770,6
53771,4
53772,5
53773,5
53774,3
53775,4
53776,5
53777,6
53778,6
53779,6
53780,6
53781,4
53782,4
53783,7
53784,6
53785,4
53786,4
53787,7
53788,5
53789,6
53790,6
53791,4
53792,5
53793,5
53794,5
53795,5
53796,3
53797,3
53798,5
53799,4
53800,7
53801,3
53802,3
53803,5
53804,7
53805,4
53806,4
53807,2
53808,6
53809,4
53810,5
53811,5
53812,6
53813,6
53814,4
53815,6
53816,4
53817,6
53818,3
53819,6
53820,7
53821,7
53822,5
53823,7
53824,6
53825,3
53826,4
53827,2
53828,4
53829,5
53830,5
53831,5
53832,6
53833,5
53834,3
53835,4
53836,5
53837,5
53838,5
53839,5
53840,5
53841,4
53842,6
53843,4
53844,4
53845,5
53846,2
53847,4
53848,7
53849,3
53850,7
53851,2
53852,5
53853,6
53854,6
53855,3
53856,4
53857,3
53858,2
53859,5
53860,7
53861,7
53862,5
53863,7
53864,6
53865,4
53866,6
53867,4
53868,6
53869,1
53870,3
53871,6
53872,6
53873,2
53874,2
53875,3
53876,2
53877,4
53878,7
53879,4
53880,6
53881,6
53882,3
53883,6
53884,7
53885,6
53886,6
53887,6
53888,4
53889,4
53890,5
53891,7
53892,4
53893,4
53894,5
53895,5
53896,3
53897,4
53898,2
53899,4
53900,4
53901,4
53902,6
53903,5
53904,4
53905,6
53906,4
53907,6
53908,4
53909,4
53910,5
53911,5
53912,5
53913,5
53914,2
53915,2
53916,3
53917,5
53918,5
53919,4
53920,5
53921,5
53922,5
53923,7
53924,5
53925,5
53926,5
53927,6
53928,5
53929,5
53930,5
53931,6
53932,5
53933,6
53934,4
53935,5
53936,1
53937,5
53938,5
53939,3
53940,3
53941,5
53942,4
53943,5
53944,7
53945,5
53946,5
53947,6
53948,6
53949,7
53950,4
53951,3
53952,2
53953,5
53954,5
53955,5
53956,4
53957,4
53958,6
53959,6
53960,5
53961,5
53962,5
53963,6
53964,5
53965,4
53966,7
53967,5
53968,6
53969,6
53970,4
53971,5
53972,6
53973,5
53974,5
53975,3
53976,7
53977,5
53978,5
53979,5
53980,6
53981,6
53982,5
53983,4
53984,5
53985,4
53986,5
53987,5
53988,4
53989,5
53990,4
53991,3
53992,2
53993,5
53994,3
53995,5
53996,5
53997,3
53998,5
53999,6
54000,4
54001,5
54002,4
54003,3
54004,5
54005,5
54006,5
54007,4
54008,4
54009,6
54010,6
54011,5
54012,5
54013,5
54014,5
54015,4
54016,3
54017,1
54018,5
54019,5
54020,5
54021,7
54022,4
54023,7
54024,6
54025,4
54026,5
54027,1
54028,5
54029,5
54030,7
54031,5
54032,6
54033,3
54034,4
54035,3
54036,4
54037,6
54038,4
54039,4
54040,6
54041,4
54042,7
54043,6
54044,6
54045,3
54046,6
54047,5
54048,4
54049,4
54050,6
54051,3
54052,5
54053,4
54054,6
54055,3
54056,5
54057,1
54058,5
54059,2
54060,6
54061,4
54062,4
54063,6
54064,5
54065,5
54066,4
54067,5
54068,1
54069,5
54070,7
54071,4
54072,5
54073,3
54074,7
54075,5
54076,5
54077,7
54078,5
54079,7
54080,5
54081,4
54082,1
54083,5
54084,5
54085,7
54086,5
54087,5
54088,4
54089,6
54090,6
54091,5
54092,5
54093,5
54094,6
54095,4
54096,6
54097,5
54098,3
54099,5
54100,2
54101,6
54102,3
54103,7
54104,5
54105,7
54106,5
54107,5
54108,5
54109,7
54110,6
54111,6
54112,4
54113,7
54114,7
54115,6
54116,2
54117,3
54118,7
54119,5
54120,5
54121,7
54122,4
54123,5
54124,7
54125,6
54126,5
54127,6
54128,7
54129,3
54130,5
54131,6
54132,5
54133,5
54134,5
54135,7
54136,3
54137,1
54138,6
54139,4
54140,7
54141,4
54142,5
54143,5
54144,6
54145,4
54146,6
54147,5
54148,5
54149,7
54150,6
54151,4
54152,5
54153,4
54154,6
54155,5
54156,7
54157,5
54158,7
54159,5
54160,6
54161,4
54162,5
54163,1
54164,4
54165,6
54166,2
54167,3
54168,5
54169,6
54170,6
54171,3
54172,5
54173,5
54174,2
54175,4
54176,5
54177,5
54178,6
54179,6
54180,5
54181,3
54182,5
54183,4
54184,5
54185,6
54186,6
54187,6
54188,7
54189,6
54190,3
54191,5
54192,6
54193,3
54194,7
54195,4
54196,7
54197,3
54198,5
54199,5
54200,6
54201,4
54202,6
54203,2
54204,7
54205,5
54206,3
54207,6
54208,4
54209,5
54210,7
54211,6
54212,5
54213,7
54214,7
54215,5
54216,4
54217,5
54218,7
54219,4
54220,5
54221,7
54222,5
54223,5
54224,6
54225,6
54226,6
54227,7
54228,7
54229,4
54230,5
54231,3
54232,6
54233,4
54234,4
54235,4
54236,5
54237,2
54238,5
54239,7
54240,6
54241,5
54242,5
54243,5
54244,5
54245,4
54246,5
54247,7
54248,5
54249,6
54250,6
54251,3
54252,5
54253,5
54254,5
54255,4
54256,4
54257,4
54258,4
54259,7
54260,7
54261,7
54262,4
54263,6
54264,4
54265,4
54266,3
54267,5
54268,6
54269,6
54270,7
54271,4
54272,5
54273,5
54274,4
54275,5
54276,3
54277,5
54278,5
54279,2
54280,3
54281,4
54282,3
54283,4
54284,6
54285,4
54286,5
54287,7
54288,6
54289,5
54290,5
54291,5
54292,7
54293,7
54294,4
54295,3
54296,5
54297,5
54298,4
54299,4
54300,3
54301,4
54302,6
54303,5
54304,6
54305,6
54306,7
54307,5
54308,5
54309,7
54310,2
54311,6
54312,1
54313,3
54314,3
54315,6
54316,5
54317,5
54318,4
54319,5
54320,4
54321,2
54322,5
54323,4
54324,6
54325,4
54326,5
54327,5
54328,7
54329,7
54330,5
54331,4
54332,6
54333,5
54334,4
54335,5
54336,5
54337,6
54338,4
54339,5
54340,5
54341,5
54342,1
54343,7
54344,7
54345,4
54346,6
54347,5
54348,2
54349,2
54350,6
54351,5
54352,5
54353,5
54354,4
54355,4
54356,2
54357,4
54358,7
54359,7
54360,2
54361,4
54362,6
54363,4
54364,2
54365,6
54366,3
54367,4
54368,6
54369,7
54370,4
54371,2
54372,3
54373,5
54374,2
54375,5
54376,5
54377,3
54378,4
54379,3
54380,5
54381,5
54382,6
54383,4
54384,4
54385,5
54386,5
54387,3
54388,6
54389,7
54390,3
54391,6
54392,3
54393,5
54394,4
54395,5
54396,4
54397,2
54398,2
54399,5
54400,5
54401,4
54402,4
54403,4
54404,4
54405,5
54406,1
54407,7
54408,6
54409,7
54410,5
54411,6
54412,3
54413,5
54414,4
54415,4
54416,5
54417,4
54418,5
54419,3
54420,3
54421,4
54422,2
54423,6
54424,5
54425,6
54426,5
54427,7
54428,6
54429,3
54430,4
54431,4
54432,6
54433,4
54434,5
54435,6
54436,5
54437,4
54438,4
54439,6
54440,5
54441,3
54442,4
54443,4
54444,5
54445,4
54446,3
54447,4
54448,7
54449,5
54450,4
54451,2
54452,5
54453,4
54454,5
54455,4
54456,6
54457,6
54458,7
54459,5
54460,5
54461,5
54462,5
54463,3
54464,7
54465,6
54466,3
54467,4
54468,4
54469,6
54470,4
54471,5
54472,5
54473,6
54474,7
54475,5
54476,3
54477,3
54478,7
54479,7
54480,5
54481,5
54482,3
54483,5
54484,7
54485,6
54486,3
54487,6
54488,7
54489,5
54490,2
54491,4
54492,5
54493,5
54494,5
54495,4
54496,5
54497,4
54498,4
54499,5
54500,5
54501,6
54502,6
54503,6
54504,1
54505,4
54506,5
54507,5
54508,6
54509,6
54510,6
54511,5
54512,6
54513,6
54514,5
54515,6
54516,6
54517,5
54518,6
54519,4
54520,5
54521,5
54522,5
54523,6
54524,4
54525,5
54526,7
54527,4
54528,2
54529,5
54530,4
54531,4
54532,4
54533,7
54534,4
54535,4
54536,2
54537,6
54538,5
54539,4
54540,5
54541,5
54542,2
54543,5
54544,1
54545,7
54546,5
54547,6
54548,5
54549,5
54550,7
54551,3
54552,6
54553,5
54554,6
54555,2
54556,6
54557,7
54558,4
54559,4
54560,7
54561,6
54562,6
54563,1
54564,6
54565,5
54566,3
54567,7
54568,6
54569,2
54570,4
54571,5
54572,6
54573,4
54574,7
54575,4
54576,4
54577,2
54578,4
54579,7
54580,2
54581,6
54582,6
54583,5
54584,6
54585,6
54586,6
54587,6
54588,6
54589,3
54590,7
54591,3
54592,7
54593,7
54594,7
54595,3
54596,6
54597,3
54598,5
54599,7
54600,6
54601,5
54602,6
54603,5
54604,6
54605,5
54606,6
54607,2
54608,7
54609,4
54610,5
54611,2
54612,5
54613,4
54614,4
54615,6
54616,7
54617,5
54618,7
54619,6
54620,2
54621,6
54622,7
54623,5
54624,2
54625,5
54626,6
54627,4
54628,6
54629,5
54630,7
54631,6
54632,5
54633,5
54634,5
54635,5
54636,6
54637,4
54638,5
54639,3
54640,5
54641,2
54642,7
54643,7
54644,7
54645,5
54646,5
54647,4
54648,3
54649,5
54650,3
54651,5
54652,2
54653,4
54654,4
54655,6
54656,5
54657,4
54658,5
54659,3
54660,5
54661,7
54662,6
54663,6
54664,7
54665,5
54666,7
54667,6
54668,6
54669,5
54670,5
54671,5
54672,2
54673,3
54674,5
54675,6
54676,5
54677,7
54678,6
54679,3
54680,3
54681,4
54682,5
54683,5
54684,4
54685,5
54686,6
54687,7
54688,6
54689,5
54690,5
54691,7
54692,6
54693,6
54694,4
54695,3
54696,3
54697,6
54698,5
54699,6
54700,3
54701,5
54702,7
54703,6
54704,5
54705,4
54706,5
54707,7
54708,4
54709,7
54710,4
54711,3
54712,5
54713,6
54714,5
54715,6
54716,5
54717,7
54718,4
54719,3
54720,3
54721,5
54722,5
54723,5
54724,5
54725,1
54726,5
54727,5
54728,7
54729,7
54730,4
54731,6
54732,7
54733,4
54734,5
54735,5
54736,5
54737,6
54738,5
54739,4
54740,3
54741,6
54742,6
54743,4
54744,3
54745,5
54746,1
54747,6
54748,4
54749,5
54750,6
54751,6
54752,3
54753,3
54754,6
54755,4
54756,7
54757,4
54758,5
54759,7
54760,7
54761,5
54762,6
54763,4
54764,1
54765,5
54766,5
54767,3
54768,6
54769,4
54770,1
54771,5
54772,7
54773,5
54774,6
54775,5
54776,4
54777,4
54778,3
54779,6
54780,4
54781,6
54782,7
54783,3
54784,2
54785,7
54786,5
54787,2
54788,5
54789,6
54790,6
54791,6
54792,6
54793,1
54794,4
54795,4
54796,6
54797,6
54798,7
54799,6
54800,3
54801,6
54802,5
54803,5
54804,7
54805,4
54806,4
54807,7
54808,7
54809,4
54810,5
54811,5
54812,6
54813,4
54814,5
54815,5
54816,7
54817,2
54818,4
54819,3
54820,7
54821,6
54822,7
54823,6
54824,4
54825,5
54826,7
54827,4
54828,5
54829,3
54830,3
54831,5
54832,7
54833,6
54834,4
54835,7
54836,3
54837,4
54838,4
54839,4
54840,6
54841,7
54842,2
54843,5
54844,4
54845,6
54846,3
54847,5
54848,2
54849,6
54850,4
54851,1
54852,7
54853,5
54854,2
54855,6
54856,4
54857,6
54858,4
54859,4
54860,5
54861,3
54862,4
54863,6
54864,7
54865,6
54866,4
54867,1
54868,3
54869,2
54870,6
54871,6
54872,3
54873,3
54874,5
54875,6
54876,6
54877,5
54878,6
54879,7
54880,6
54881,5
54882,2
54883,7
54884,7
54885,5
54886,4
54887,7
54888,5
54889,3
54890,4
54891,5
54892,5
54893,6
54894,5
54895,4
54896,5
54897,4
54898,4
54899,7
54900,6
54901,6
54902,4
54903,5
54904,5
54905,3
54906,4
54907,6
54908,3
54909,5
54910,3
54911,6
54912,4
54913,4
54914,4
54915,7
54916,5
54917,6
54918,4
54919,6
54920,6
54921,1
54922,5
54923,5
54924,5
54925,4
54926,6
54927,5
54928,6
54929,3
54930,4
54931,2
54932,5
54933,5
54934,6
54935,6
54936,6
54937,4
54938,4
54939,5
54940,4
54941,5
54942,6
54943,7
54944,6
54945,6
54946,4
54947,6
54948,3
54949,4
54950,6
54951,5
54952,7
54953,6
54954,5
54955,6
54956,5
54957,6
54958,5
54959,1
54960,6
54961,7
54962,5
54963,3
54964,6
54965,3
54966,3
54967,5
54968,4
54969,7
54970,7
54971,5
54972,6
54973,5
54974,5
54975,6
54976,4
54977,6
54978,4
54979,7
54980,4
54981,5
54982,6
54983,2
54984,2
54985,4
54986,7
54987,3
54988,3
54989,5
54990,7
54991,4
54992,4
54993,1
54994,5
54995,5
54996,3
54997,5
54998,4
54999,4
55000,5
55001,5
55002,6
55003,2
55004,5
55005,5
55006,4
55007,4
55008,5
55009,6
55010,5
55011,4
55012,7
55013,7
55014,5
55015,6
55016,3
55017,6
55018,6
55019,5
55020,5
55021,5
55022,4
55023,6
55024,6
55025,2
55026,3
55027,4
55028,4
55029,7
55030,6
55031,5
55032,5
55033,5
55034,6
55035,2
55036,4
55037,1
55038,5
55039,7
55040,4
55041,5
55042,4
55043,7
55044,1
55045,5
55046,6
55047,6
55048,5
55049,4
55050,5
55051,2
55052,6
55053,5
55054,4
55055,3
55056,6
55057,6
55058,3
55059,7
55060,5
55061,5
55062,6
55063,4
55064,6
55065,6
55066,5
55067,6
55068,3
55069,6
55070,5
55071,5
55072,4
55073,6
55074,5
55075,4
55076,4
55077,4
55078,1
55079,4
55080,3
55081,6
55082,2
55083,3
55084,4
55085,6
55086,7
55087,3
55088,7
55089,5
55090,2
55091,7
55092,4
55093,4
55094,3
55095,6
55096,5
55097,6
55098,5
55099,7
55100,3
55101,4
55102,5
55103,5
55104,7
55105,4
55106,5
55107,3
55108,6
55109,2
55110,2
55111,5
55112,4
55113,4
55114,6
55115,5
55116,6
55117,2
55118,5
55119,2
55120,5
55121,6
55122,6
55123,4
55124,7
55125,5
55126,5
55127,5
55128,3
55129,5
55130,5
55131,5
55132,7
55133,5
55134,5
55135,7
55136,5
55137,5
55138,5
55139,5
55140,5
55141,5
55142,4
55143,6
55144,5
55145,6
55146,6
55147,4
55148,6
55149,4
55150,6
55151,7
55152,5
55153,7
55154,3
55155,5
55156,4
55157,7
55158,7
55159,6
55160,7
55161,5
55162,4
55163,4
55164,7
55165,5
55166,4
55167,3
55168,7
55169,3
55170,6
55171,7
55172,6
55173,3
55174,4
55175,5
55176,5
55177,5
55178,5
55179,6
55180,7
55181,5
55182,3
55183,6
55184,4
55185,4
55186,4
55187,6
55188,5
55189,5
55190,5
55191,3
55192,4
55193,4
55194,5
55195,6
55196,4
55197,5
55198,4
55199,5
55200,6
55201,5
55202,3
55203,6
55204,6
55205,5
55206,6
55207,6
55208,5
55209,5
55210,6
55211,6
55212,5
55213,5
55214,4
55215,7
55216,2
55217,5
55218,7
55219,3
55220,5
55221,5
55222,5
55223,4
55224,4
55225,7
55226,4
55227,5
55228,2
55229,4
55230,3
55231,5
55232,4
55233,5
55234,6
55235,4
55236,6
55237,4
55238,5
55239,5
55240,7
55241,4
55242,4
55243,6
55244,7
55245,4
55246,5
55247,6
55248,6
55249,5
55250,5
55251,3
55252,5
55253,5
55254,5
55255,3
55256,5
55257,5
55258,5
55259,4
55260,3
55261,5
55262,5
55263,4
55264,7
55265,4
55266,4
55267,5
55268,7
55269,4
55270,4
55271,7
55272,7
55273,5
55274,1
55275,6
55276,4
55277,4
55278,4
55279,2
55280,5
55281,5
55282,4
55283,7
55284,5
55285,2
55286,4
55287,6
55288,7
55289,4
55290,5
55291,5
55292,6
55293,5
55294,6
55295,7
55296,1
55297,3
55298,4
55299,5
55300,5
55301,5
55302,2
55303,5
55304,5
55305,5
55306,3
55307,5
55308,6
55309,5
55310,6
55311,4
55312,5
55313,5
55314,4
55315,6
55316,5
55317,5
55318,5
55319,3
55320,7
55321,6
55322,3
55323,4
55324,4
55325,7
55326,5
55327,7
55328,6
55329,4
55330,4
55331,7
55332,6
55333,5
55334,5
55335,4
55336,5
55337,7
55338,7
55339,3
55340,4
55341,7
55342,7
55343,3
55344,4
55345,3
55346,7
55347,2
55348,5
55349,3
55350,3
55351,4
55352,3
55353,5
55354,2
55355,6
55356,7
55357,6
55358,5
55359,6
55360,3
55361,4
55362,4
55363,5
55364,5
55365,3
55366,5
55367,5
55368,6
55369,5
55370,7
55371,6
55372,7
55373,7
55374,5
55375,4
55376,2
55377,5
55378,2
55379,5
55380,4
55381,6
55382,2
55383,2
55384,5
55385,6
55386,5
55387,6
55388,2
55389,7
55390,5
55391,4
55392,7
55393,5
55394,6
55395,6
55396,3
55397,6
55398,5
55399,5
55400,6
55401,5
55402,5
55403,6
55404,4
55405,6
55406,5
55407,4
55408,5
55409,3
55410,3
55411,7
55412,4
55413,5
55414,3
55415,3
55416,6
55417,6
55418,7
55419,5
55420,5
55421,4
55422,5
55423,7
55424,7
55425,6
55426,1
55427,4
55428,3
55429,5
55430,4
55431,6
55432,5
55433,5
55434,7
55435,5
55436,4
55437,3
55438,5
55439,5
55440,3
55441,6
55442,5
55443,6
55444,6
55445,5
55446,5
55447,4
55448,6
55449,2
55450,7
55451,6
55452,4
55453,5
55454,6
55455,5
55456,6
55457,5
55458,5
55459,6
55460,4
55461,5
55462,4
55463,6
55464,6
55465,4
55466,3
55467,5
55468,3
55469,5
55470,6
55471,6
55472,5
55473,4
55474,7
55475,6
55476,3
55477,6
55478,5
55479,3
55480,5
55481,7
55482,5
55483,5
55484,4
55485,2
55486,5
55487,3
55488,5
55489,6
55490,4
55491,1
55492,6
55493,4
55494,4
55495,5
55496,3
55497,5
55498,7
55499,4
55500,2
55501,7
55502,5
55503,4
55504,3
55505,7
55506,3
55507,3
55508,4
55509,3
55510,7
55511,4
55512,5
55513,5
55514,5
55515,5
55516,6
55517,3
55518,5
55519,5
55520,7
55521,4
55522,5
55523,5
55524,5
55525,4
55526,6
55527,6
55528,2
55529,7
55530,3
55531,7
55532,5
55533,4
55534,4
55535,5
55536,4
55537,5
55538,5
55539,4
55540,6
55541,5
55542,5
55543,5
55544,4
55545,6
55546,5
55547,4
55548,5
55549,6
55550,7
55551,5
55552,4
55553,5
55554,7
55555,5
55556,3
55557,5
55558,6
55559,3
55560,3
55561,3
55562,4
55563,4
55564,4
55565,5
55566,6
55567,5
55568,4
55569,5
55570,6
55571,5
55572,4
55573,5
55574,5
55575,3
55576,7
55577,5
55578,3
55579,6
55580,5
55581,4
55582,4
55583,5
55584,6
55585,3
55586,4
55587,6
55588,7
55589,4
55590,3
55591,5
55592,2
55593,5
55594,3
55595,1
55596,5
55597,7
55598,4
55599,7
55600,3
55601,4
55602,5
55603,6
55604,5
55605,3
55606,6
55607,5
55608,5
55609,7
55610,3
55611,4
55612,6
55613,2
55614,5
55615,7
55616,5
55617,6
55618,2
55619,2
55620,5
55621,6
55622,7
55623,4
55624,5
55625,5
55626,1
55627,6
55628,5
55629,5
55630,3
55631,5
55632,5
55633,5
55634,3
55635,5
55636,6
55637,5
55638,5
55639,2
55640,4
55641,5
55642,6
55643,7
55644,5
55645,4
55646,6
55647,6
55648,2
55649,4
55650,4
55651,6
55652,5
55653,6
55654,3
55655,7
55656,4
55657,5
55658,6
55659,5
55660,2
55661,6
55662,5
55663,6
55664,4
55665,5
55666,6
55667,6
55668,3
55669,7
55670,5
55671,7
55672,4
55673,4
55674,5
55675,5
55676,6
55677,3
55678,7
55679,5
55680,4
55681,5
55682,4
55683,4
55684,7
55685,5
55686,6
55687,4
55688,3
55689,7
55690,2
55691,7
55692,6
55693,6
55694,4
55695,6
55696,4
55697,6
55698,5
55699,5
55700,6
55701,6
55702,1
55703,6
55704,4
55705,7
55706,5
55707,6
55708,4
55709,4
55710,4
55711,5
55712,4
55713,5
55714,1
55715,5
55716,5
55717,5
55718,4
55719,7
55720,5
55721,4
55722,5
55723,2
55724,6
55725,7
55726,6
55727,4
55728,4
55729,6
55730,4
55731,2
55732,5
55733,3
55734,6
55735,6
55736,2
55737,6
55738,4
55739,6
55740,7
55741,5
55742,5
55743,5
55744,5
55745,6
55746,3
55747,5
55748,6
55749,7
55750,5
55751,6
55752,5
55753,5
55754,4
55755,6
55756,4
55757,4
55758,7
55759,4
55760,6
55761,3
55762,5
55763,6
55764,4
55765,4
55766,4
55767,6
55768,7
55769,7
55770,5
55771,6
55772,3
55773,6
55774,7
55775,7
55776,3
55777,5
55778,5
55779,5
55780,6
55781,5
55782,5
55783,6
55784,7
55785,5
55786,6
55787,3
55788,6
55789,4
55790,6
55791,3
55792,3
55793,5
55794,4
55795,5
55796,7
55797,7
55798,7
55799,4
55800,4
55801,6
55802,1
55803,4
55804,7
55805,2
55806,5
55807,2
55808,3
55809,5
55810,6
55811,5
55812,7
55813,5
55814,5
55815,5
55816,6
55817,5
55818,5
55819,6
55820,6
55821,4
55822,4
55823,7
55824,5
55825,4
55826,6
55827,5
55828,5
55829,4
55830,3
55831,2
55832,6
55833,5
55834,6
55835,6
55836,5
55837,7
55838,5
55839,4
55840,4
55841,3
55842,3
55843,7
55844,7
55845,5
55846,6
55847,4
55848,5
55849,5
55850,4
55851,5
55852,7
55853,4
55854,4
55855,5
55856,3
55857,1
55858,4
55859,6
55860,5
55861,4
55862,5
55863,5
55864,5
55865,7
55866,5
55867,5
55868,7
55869,6
55870,4
55871,5
55872,4
55873,4
55874,4
55875,6
55876,7
55877,7
55878,4
55879,6
55880,4
55881,5
55882,4
55883,5
55884,4
55885,3
55886,4
55887,3
55888,7
55889,5
55890,6
55891,5
55892,6
55893,6
55894,3
55895,5
55896,4
55897,5
55898,6
55899,4
55900,6
55901,5
55902,6
55903,4
55904,5
55905,7
55906,5
55907,7
55908,4
55909,6
55910,6
55911,6
55912,5
55913,5
55914,5
55915,6
55916,5
55917,3
55918,5
55919,6
55920,5
55921,5
55922,5
55923,5
55924,7
55925,6
55926,6
55927,4
55928,3
55929,4
55930,6
55931,6
55932,5
55933,6
55934,6
55935,5
55936,6
55937,5
55938,5
55939,6
55940,6
55941,3
55942,2
55943,7
55944,4
55945,6
55946,5
55947,3
55948,4
55949,7
55950,5
55951,5
55952,4
55953,3
55954,7
55955,6
55956,5
55957,6
55958,6
55959,2
55960,5
55961,5
55962,2
55963,4
55964,5
55965,6
55966,5
55967,7
55968,5
55969,6
55970,3
55971,5
55972,5
55973,4
55974,5
55975,5
55976,6
55977,7
55978,5
55979,4
55980,7
55981,3
55982,6
55983,6
55984,5
55985,5
55986,5
55987,1
55988,2
55989,7
55990,5
55991,5
55992,1
55993,6
55994,3
55995,3
55996,6
55997,6
55998,5
55999,4
56000,6
56001,3
56002,5
56003,5
56004,6
56005,5
56006,3
56007,6
56008,6
56009,4
56010,5
56011,5
56012,2
56013,5
56014,6
56015,6
56016,5
56017,5
56018,4
56019,5
56020,5
56021,5
56022,3
56023,6
56024,6
56025,6
56026,5
56027,5
56028,4
56029,7
56030,7
56031,6
56032,6
56033,6
56034,5
56035,4
56036,4
56037,7
56038,4
56039,3
56040,6
56041,7
56042,7
56043,5
56044,4
56045,5
56046,4
56047,3
56048,7
56049,3
56050,6
56051,5
56052,4
56053,7
56054,7
56055,5
56056,7
56057,6
56058,4
56059,6
56060,2
56061,5
56062,6
56063,6
56064,5
56065,2
56066,6
56067,6
56068,4
56069,5
56070,6
56071,7
56072,7
56073,7
56074,6
56075,2
56076,2
56077,5
56078,5
56079,6
56080,5
56081,5
56082,3
56083,5
56084,7
56085,5
56086,3
56087,2
56088,6
56089,3
56090,7
56091,6
56092,3
56093,6
56094,7
56095,5
56096,7
56097,7
56098,4
56099,5
56100,5
56101,5
56102,4
56103,6
56104,4
56105,4
56106,6
56107,4
56108,5
56109,6
56110,2
56111,5
56112,6
56113,6
56114,5
56115,5
56116,5
56117,3
56118,6
56119,6
56120,6
56121,5
56122,4
56123,4
56124,5
56125,5
56126,5
56127,4
56128,6
56129,6
56130,4
56131,6
56132,5
56133,2
56134,4
56135,6
56136,6
56137,6
56138,7
56139,6
56140,6
56141,6
56142,4
56143,4
56144,5
56145,6
56146,5
56147,5
56148,3
56149,1
56150,4
56151,4
56152,5
56153,2
56154,5
56155,4
56156,5
56157,6
56158,5
56159,4
56160,5
56161,6
56162,5
56163,3
56164,5
56165,6
56166,6
56167,7
56168,1
56169,4
56170,5
56171,4
56172,4
56173,7
56174,5
56175,6
56176,6
56177,6
56178,5
56179,5
56180,2
56181,4
56182,6
56183,6
56184,3
56185,7
56186,4
56187,6
56188,3
56189,6
56190,3
56191,6
56192,5
56193,6
56194,5
56195,7
56196,5
56197,7
56198,5
56199,5
56200,5
56201,6
56202,3
56203,5
56204,6
56205,6
56206,4
56207,4
56208,5
56209,5
56210,5
56211,5
56212,3
56213,5
56214,4
56215,2
56216,5
56217,5
56218,6
56219,6
56220,5
56221,4
56222,2
56223,5
56224,6
56225,6
56226,4
56227,4
56228,7
56229,6
56230,6
56231,5
56232,3
56233,4
56234,5
56235,4
56236,7
56237,6
56238,5
56239,5
56240,1
56241,7
56242,5
56243,6
56244,4
56245,5
56246,5
56247,5
56248,5
56249,2
56250,3
56251,5
56252,5
56253,5
56254,4
56255,5
56256,4
56257,5
56258,5
56259,6
56260,5
56261,7
56262,4
56263,5
56264,3
56265,3
56266,3
56267,5
56268,6
56269,5
56270,4
56271,4
56272,5
56273,5
56274,5
56275,4
56276,3
56277,5
56278,5
56279,2
56280,5
56281,5
56282,1
56283,4
56284,4
56285,4
56286,6
56287,4
56288,5
56289,3
56290,3
56291,5
56292,5
56293,6
56294,3
56295,6
56296,4
56297,4
56298,5
56299,3
56300,7
56301,4
56302,7
56303,3
56304,4
56305,7
56306,6
56307,6
56308,7
56309,3
56310,6
56311,4
56312,6
56313,7
56314,4
56315,2
56316,4
56317,5
56318,4
56319,4
56320,2
56321,2
56322,7
56323,5
56324,7
56325,6
56326,6
56327,7
56328,5
56329,6
56330,6
56331,5
56332,7
56333,7
56334,4
56335,6
56336,4
56337,5
56338,6
56339,5
56340,4
56341,3
56342,2
56343,5
56344,5
56345,7
56346,3
56347,2
56348,4
56349,6
56350,5
56351,3
56352,5
56353,5
56354,5
56355,1
56356,6
56357,5
56358,6
56359,5
56360,3
56361,6
56362,5
56363,6
56364,7
56365,4
56366,6
56367,5
56368,4
56369,5
56370,4
56371,5
56372,4
56373,6
56374,4
56375,6
56376,6
56377,2
56378,5
56379,7
56380,5
56381,7
56382,3
56383,4
56384,6
56385,5
56386,4
56387,4
56388,5
56389,6
56390,6
56391,7
56392,5
56393,3
56394,3
56395,4
56396,5
56397,4
56398,6
56399,3
56400,4
56401,5
56402,5
56403,5
56404,7
56405,7
56406,6
56407,5
56408,2
56409,4
56410,5
56411,5
56412,6
56413,5
56414,5
56415,3
56416,3
56417,5
56418,4
56419,3
56420,2
56421,5
56422,5
56423,4
56424,5
56425,5
56426,5
56427,4
56428,2
56429,5
56430,5
56431,5
56432,3
56433,6
56434,6
56435,4
56436,6
56437,7
56438,6
56439,5
56440,4
56441,5
56442,7
56443,5
56444,7
56445,5
56446,2
56447,7
56448,6
56449,5
56450,5
56451,5
56452,6
56453,5
56454,5
56455,7
56456,3
56457,4
56458,6
56459,3
56460,6
56461,3
56462,5
56463,7
56464,4
56465,5
56466,5
56467,7
56468,4
56469,7
56470,6
56471,3
56472,7
56473,4
56474,5
56475,5
56476,6
56477,6
56478,5
56479,5
56480,3
56481,6
56482,6
56483,7
56484,3
56485,5
56486,7
56487,4
56488,5
56489,7
56490,5
56491,7
56492,7
56493,5
56494,7
56495,7
56496,7
56497,5
56498,6
56499,5
56500,5
56501,2
56502,2
56503,5
56504,6
56505,6
56506,5
56507,4
56508,6
56509,7
56510,4
56511,5
56512,5
56513,7
56514,5
56515,4
56516,2
56517,1
56518,2
56519,7
56520,4
56521,5
56522,4
56523,4
56524,5
56525,6
56526,6
56527,4
56528,5
56529,3
56530,7
56531,1
56532,5
56533,4
56534,2
56535,3
56536,6
56537,4
56538,4
56539,5
56540,5
56541,5
56542,5
56543,4
56544,5
56545,6
56546,4
56547,6
56548,4
56549,4
56550,3
56551,4
56552,6
56553,4
56554,3
56555,6
56556,7
56557,5
56558,7
56559,7
56560,4
56561,5
56562,4
56563,5
56564,3
56565,5
56566,5
56567,5
56568,3
56569,6
56570,5
56571,4
56572,7
56573,7
56574,6
56575,3
56576,6
56577,4
56578,5
56579,6
56580,5
56581,6
56582,5
56583,2
56584,3
56585,4
56586,7
56587,6
56588,1
56589,5
56590,6
56591,5
56592,6
56593,5
56594,6
56595,6
56596,7
56597,4
56598,5
56599,5
56600,4
56601,3
56602,4
56603,5
56604,7
56605,7
56606,6
56607,7
56608,5
56609,5
56610,7
56611,4
56612,5
56613,7
56614,5
56615,7
56616,2
56617,4
56618,4
56619,5
56620,4
56621,7
56622,5
56623,4
56624,7
56625,7
56626,4
56627,5
56628,4
56629,3
56630,3
56631,4
56632,3
56633,7
56634,4
56635,6
56636,6
56637,5
56638,5
56639,5
56640,7
56641,5
56642,4
56643,7
56644,6
56645,4
56646,5
56647,6
56648,5
56649,5
56650,4
56651,6
56652,4
56653,6
56654,5
56655,5
56656,3
56657,6
56658,7
56659,4
56660,5
56661,3
56662,5
56663,4
56664,7
56665,3
56666,7
56667,7
56668,7
56669,4
56670,5
56671,4
56672,6
56673,5
56674,3
56675,4
56676,5
56677,5
56678,7
56679,5
56680,3
56681,3
56682,7
56683,6
56684,5
56685,4
56686,4
56687,4
56688,6
56689,7
56690,4
56691,7
56692,6
56693,4
56694,4
56695,6
56696,4
56697,4
56698,5
56699,5
56700,5
56701,5
56702,3
56703,5
56704,7
56705,6
56706,4
56707,6
56708,4
56709,5
56710,6
56711,1
56712,5
56713,4
56714,4
56715,4
56716,3
56717,3
56718,5
56719,6
56720,6
56721,7
56722,5
56723,4
56724,4
56725,5
56726,5
56727,5
56728,3
56729,6
56730,6
56731,5
56732,5
56733,5
56734,4
56735,5
56736,7
56737,7
56738,5
56739,6
56740,4
56741,6
56742,5
56743,6
56744,7
56745,7
56746,5
56747,6
56748,5
56749,4
56750,7
56751,5
56752,6
56753,3
56754,6
56755,2
56756,5
56757,6
56758,3
56759,5
56760,4
56761,7
56762,5
56763,1
56764,7
56765,6
56766,4
56767,5
56768,6
56769,3
56770,6
56771,4
56772,4
56773,2
56774,5
56775,4
56776,5
56777,4
56778,7
56779,7
56780,6
56781,5
56782,5
56783,4
56784,3
56785,5
56786,7
56787,6
56788,5
56789,6
56790,4
56791,7
56792,3
56793,4
56794,5
56795,4
56796,5
56797,5
56798,5
56799,1
56800,4
56801,6
56802,6
56803,3
56804,3
56805,5
56806,7
56807,7
56808,7
56809,4
56810,3
56811,4
56812,2
56813,5
56814,5
56815,7
56816,7
56817,4
56818,5
56819,1
56820,5
56821,6
56822,5
56823,4
56824,5
56825,5
56826,5
56827,7
56828,6
56829,2
56830,3
56831,6
56832,7
56833,7
56834,7
56835,6
56836,7
56837,5
56838,4
56839,4
56840,5
56841,5
56842,3
56843,7
56844,5
56845,4
56846,4
56847,6
56848,3
56849,5
56850,5
56851,5
56852,5
56853,6
56854,4
56855,5
56856,5
56857,7
56858,4
56859,1
56860,4
56861,4
56862,7
56863,2
56864,5
56865,3
56866,4
56867,4
56868,5
56869,4
56870,4
56871,4
56872,1
56873,5
56874,4
56875,5
56876,5
56877,5
56878,7
56879,4
56880,6
56881,4
56882,4
56883,5
56884,7
56885,5
56886,5
56887,5
56888,7
56889,3
56890,6
56891,7
56892,6
56893,5
56894,2
56895,5
56896,6
56897,7
56898,5
56899,7
56900,3
56901,5
56902,6
56903,2
56904,7
56905,7
56906,4
56907,7
56908,7
56909,6
56910,5
56911,4
56912,6
56913,3
56914,6
56915,5
56916,6
56917,5
56918,4
56919,6
56920,6
56921,7
56922,5
56923,5
56924,4
56925,5
56926,7
56927,7
56928,4
56929,6
56930,4
56931,4
56932,4
56933,2
56934,5
56935,4
56936,5
56937,7
56938,5
56939,2
56940,6
56941,6
56942,6
56943,6
56944,6
56945,6
56946,3
56947,6
56948,4
56949,7
56950,4
56951,5
56952,3
56953,4
56954,5
56955,5
56956,5
56957,6
56958,3
56959,5
56960,1
56961,5
56962,3
56963,7
56964,6
56965,4
56966,5
56967,5
56968,2
56969,6
56970,5
56971,6
56972,6
56973,7
56974,6
56975,5
56976,6
56977,7
56978,6
56979,4
56980,4
56981,7
56982,5
56983,3
56984,4
56985,5
56986,4
56987,6
56988,7
56989,5
56990,5
56991,6
56992,4
56993,5
56994,5
56995,6
56996,5
56997,7
56998,6
56999,5
57000,7
57001,7
57002,5
57003,5
57004,4
57005,7
57006,6
57007,6
57008,6
57009,5
57010,4
57011,5
57012,5
57013,6
57014,4
57015,6
57016,2
57017,6
57018,4
57019,6
57020,5
57021,6
57022,4
57023,7
57024,6
57025,6
57026,3
57027,2
57028,5
57029,6
57030,4
57031,6
57032,6
57033,3
57034,5
57035,4
57036,6
57037,4
57038,5
57039,3
57040,4
57041,6
57042,4
57043,3
57044,5
57045,4
57046,4
57047,2
57048,4
57049,4
57050,7
57051,6
57052,5
57053,5
57054,5
57055,5
57056,3
57057,7
57058,5
57059,6
57060,1
57061,6
57062,6
57063,5
57064,5
57065,5
57066,6
57067,3
57068,4
57069,2
57070,7
57071,6
57072,7
57073,5
57074,5
57075,2
57076,7
57077,7
57078,7
57079,4
57080,4
57081,6
57082,5
57083,2
57084,4
57085,7
57086,6
57087,6
57088,2
57089,5
57090,7
57091,4
57092,5
57093,5
57094,4
57095,5
57096,3
57097,7
57098,1
57099,7
57100,6
57101,2
57102,7
57103,4
57104,5
57105,3
57106,3
57107,5
57108,4
57109,5
57110,5
57111,4
57112,7
57113,5
57114,3
57115,5
57116,6
57117,4
57118,4
57119,3
57120,2
57121,4
57122,7
57123,5
57124,4
57125,4
57126,4
57127,3
57128,7
57129,4
57130,5
57131,4
57132,5
57133,5
57134,3
57135,6
57136,6
57137,5
57138,4
57139,4
57140,5
57141,5
57142,5
57143,5
57144,3
57145,5
57146,7
57147,7
57148,7
57149,6
57150,6
57151,7
57152,5
57153,4
57154,5
57155,5
57156,3
57157,5
57158,6
57159,4
57160,6
57161,5
57162,4
57163,6
57164,5
57165,4
57166,4
57167,6
57168,3
57169,7
57170,3
57171,4
57172,3
57173,5
57174,5
57175,4
57176,2
57177,3
57178,3
57179,6
57180,2
57181,6
57182,4
57183,3
57184,6
57185,5
57186,5
57187,7
57188,2
57189,5
57190,2
57191,7
57192,3
57193,3
57194,7
57195,7
57196,6
57197,5
57198,3
57199,5
57200,6
57201,7
57202,2
57203,5
57204,6
57205,6
57206,5
57207,5
57208,5
57209,6
57210,3
57211,7
57212,5
57213,4
57214,4
57215,6
57216,4
57217,2
57218,5
57219,6
57220,7
57221,6
57222,7
57223,1
57224,5
57225,4
57226,4
57227,5
57228,5
57229,6
57230,5
57231,6
57232,5
57233,5
57234,6
57235,6
57236,6
57237,5
57238,6
57239,6
57240,4
57241,5
57242,6
57243,7
57244,6
57245,2
57246,5
57247,5
57248,5
57249,5
57250,4
57251,3
57252,6
57253,6
57254,5
57255,6
57256,2
57257,5
57258,6
57259,5
57260,7
57261,7
57262,3
57263,3
57264,5
57265,5
57266,6
57267,5
57268,4
57269,4
57270,5
57271,5
57272,7
57273,5
57274,5
57275,6
57276,4
57277,4
57278,6
57279,6
57280,3
57281,6
57282,6
57283,5
57284,5
57285,7
57286,5
57287,5
57288,3
57289,4
57290,4
57291,6
57292,5
57293,4
57294,3
57295,4
57296,4
57297,4
57298,4
57299,3
57300,4
57301,5
57302,3
57303,2
57304,5
57305,3
57306,4
57307,7
57308,6
57309,5
57310,6
57311,6
57312,5
57313,5
57314,7
57315,6
57316,7
57317,5
57318,6
57319,4
57320,4
57321,4
57322,4
57323,3
57324,6
57325,4
57326,7
57327,5
57328,6
57329,4
57330,6
57331,5
57332,5
57333,5
57334,7
57335,5
57336,1
57337,6
57338,4
57339,4
57340,4
57341,7
57342,4
57343,6
57344,7
57345,5
57346,2
57347,3
57348,5
57349,5
57350,6
57351,5
57352,4
57353,5
57354,4
57355,6
57356,3
57357,7
57358,7
57359,2
57360,7
57361,3
57362,2
57363,3
57364,6
57365,3
57366,2
57367,7
57368,6
57369,6
57370,3
57371,7
57372,2
57373,7
57374,4
57375,2
57376,6
57377,5
57378,6
57379,7
57380,6
57381,6
57382,7
57383,6
57384,5
57385,5
57386,5
57387,4
57388,2
57389,6
57390,4
57391,6
57392,5
57393,4
57394,5
57395,6
57396,6
57397,4
57398,5
57399,6
57400,5
57401,5
57402,7
57403,5
57404,5
57405,3
57406,4
57407,6
57408,6
57409,5
57410,6
57411,5
57412,3
57413,4
57414,7
57415,2
57416,4
57417,2
57418,5
57419,6
57420,2
57421,1
57422,7
57423,7
57424,7
57425,7
57426,6
57427,3
57428,3
57429,7
57430,5
57431,5
57432,2
57433,6
57434,4
57435,6
57436,5
57437,5
57438,6
57439,6
57440,6
57441,2
57442,7
57443,7
57444,5
57445,4
57446,5
57447,7
57448,5
57449,4
57450,2
57451,6
57452,6
57453,4
57454,7
57455,5
57456,5
57457,4
57458,5
57459,5
57460,3
57461,5
57462,5
57463,4
57464,6
57465,5
57466,3
57467,7
57468,3
57469,5
57470,5
57471,7
57472,4
57473,7
57474,1
57475,4
57476,6
57477,3
57478,2
57479,3
57480,3
57481,5
57482,2
57483,4
57484,6
57485,5
57486,6
57487,5
57488,5
57489,2
57490,4
57491,6
57492,6
57493,5
57494,6
57495,4
57496,7
57497,4
57498,7
57499,5
57500,4
57501,7
57502,3
57503,4
57504,5
57505,4
57506,3
57507,7
57508,7
57509,5
57510,5
57511,5
57512,4
57513,6
57514,6
57515,4
57516,5
57517,6
57518,2
57519,5
57520,5
57521,7
57522,5
57523,4
57524,5
57525,4
57526,2
57527,5
57528,3
57529,7
57530,5
57531,4
57532,4
57533,5
57534,1
57535,4
57536,6
57537,4
57538,5
57539,3
57540,4
57541,7
57542,3
57543,4
57544,4
57545,3
57546,6
57547,4
57548,4
57549,6
57550,5
57551,5
57552,6
57553,5
57554,5
57555,6
57556,2
57557,6
57558,7
57559,5
57560,4
57561,4
57562,5
57563,5
57564,5
57565,6
57566,4
57567,5
57568,7
57569,2
57570,6
57571,5
57572,7
57573,3
57574,4
57575,4
57576,6
57577,4
57578,6
57579,5
57580,6
57581,5
57582,5
57583,7
57584,5
57585,5
57586,5
57587,4
57588,5
57589,6
57590,4
57591,5
57592,5
57593,7
57594,2
57595,2
57596,2
57597,5
57598,5
57599,6
57600,5
57601,7
57602,3
57603,5
57604,4
57605,5
57606,5
57607,5
57608,4
57609,6
57610,1
57611,2
57612,5
57613,5
57614,5
57615,2
57616,6
57617,5
57618,7
57619,7
57620,6
57621,6
57622,5
57623,6
57624,4
57625,6
57626,5
57627,6
57628,5
57629,6
57630,6
57631,6
57632,5
57633,2
57634,4
57635,4
57636,5
57637,6
57638,3
57639,6
57640,2
57641,6
57642,5
57643,3
57644,5
57645,6
57646,2
57647,4
57648,4
57649,6
57650,4
57651,5
57652,4
57653,4
57654,6
57655,4
57656,6
57657,5
57658,5
57659,5
57660,2
57661,2
57662,4
57663,6
57664,5
57665,3
57666,2
57667,4
57668,4
57669,7
57670,5
57671,2
57672,6
57673,5
57674,4
57675,4
57676,5
57677,5
57678,6
57679,2
57680,4
57681,4
57682,3
57683,5
57684,4
57685,7
57686,3
57687,4
57688,6
57689,2
57690,6
57691,6
57692,6
57693,3
57694,4
57695,4
57696,5
57697,4
57698,5
57699,7
57700,6
57701,4
57702,3
57703,4
57704,6
57705,5
57706,4
57707,5
57708,7
57709,5
57710,6
57711,3
57712,5
57713,4
57714,6
57715,5
57716,5
57717,5
57718,5
57719,5
57720,3
57721,5
57722,4
57723,5
57724,6
57725,6
57726,5
57727,4
57728,4
57729,5
57730,6
57731,7
57732,4
57733,5
57734,5
57735,7
57736,3
57737,5
57738,4
57739,6
57740,6
57741,6
57742,4
57743,7
57744,4
57745,2
57746,3
57747,5
57748,3
57749,3
57750,5
57751,3
57752,7
57753,7
57754,3
57755,6
57756,4
57757,5
57758,6
57759,3
57760,2
57761,4
57762,5
57763,5
57764,5
57765,5
57766,5
57767,6
57768,5
57769,5
57770,5
57771,5
57772,6
57773,5
57774,7
57775,5
57776,4
57777,5
57778,4
57779,6
57780,5
57781,4
57782,4
57783,6
57784,7
57785,6
57786,6
57787,5
57788,5
57789,4
57790,6
57791,7
57792,7
57793,6
57794,4
57795,7
57796,7
57797,6
57798,3
57799,5
57800,7
57801,7
57802,4
57803,3
57804,5
57805,3
57806,7
57807,3
57808,5
57809,6
57810,4
57811,6
57812,4
57813,6
57814,5
57815,7
57816,4
57817,5
57818,4
57819,3
57820,5
57821,4
57822,7
57823,5
57824,4
57825,7
57826,6
57827,5
57828,5
57829,3
57830,5
57831,5
57832,2
57833,4
57834,2
57835,4
57836,5
57837,2
57838,7
57839,5
57840,7
57841,4
57842,2
57843,3
57844,5
57845,6
57846,4
57847,7
57848,5
57849,5
57850,5
57851,4
57852,3
57853,5
57854,5
57855,5
57856,6
57857,7
57858,5
57859,1
57860,7
57861,7
57862,2
57863,3
57864,4
57865,3
57866,6
57867,4
57868,4
57869,5
57870,6
57871,4
57872,4
57873,6
57874,5
57875,2
57876,6
57877,7
57878,5
57879,7
57880,6
57881,3
57882,6
57883,5
57884,6
57885,3
57886,7
57887,7
57888,4
57889,4
57890,5
57891,6
57892,4
57893,2
57894,5
57895,5
57896,1
57897,7
57898,2
57899,4
57900,6
57901,5
57902,5
57903,4
57904,3
57905,5
57906,3
57907,7
57908,5
57909,5
57910,5
57911,6
57912,6
57913,4
57914,5
57915,4
57916,7
57917,1
57918,6
57919,5
57920,4
57921,5
57922,6
57923,5
57924,3
57925,5
57926,5
57927,4
57928,4
57929,6
57930,3
57931,5
57932,4
57933,5
57934,6
57935,6
57936,1
57937,3
57938,6
57939,5
57940,4
57941,3
57942,5
57943,6
57944,3
57945,5
57946,6
57947,5
57948,5
57949,5
57950,5
57951,7
57952,5
57953,5
57954,7
57955,5
57956,5
57957,5
57958,3
57959,3
57960,6
57961,6
57962,6
57963,7
57964,6
57965,6
57966,5
57967,7
57968,3
57969,5
57970,3
57971,6
57972,4
57973,7
57974,3
57975,3
57976,1
57977,2
57978,6
57979,7
57980,5
57981,3
57982,7
57983,5
57984,6
57985,5
57986,6
57987,4
57988,6
57989,7
57990,4
57991,6
57992,4
57993,5
57994,5
57995,4
57996,7
57997,6
57998,6
57999,6
58000,5
58001,6
58002,7
58003,5
58004,3
58005,7
58006,5
58007,7
58008,5
58009,3
58010,5
58011,5
58012,5
58013,4
58014,6
58015,3
58016,6
58017,5
58018,4
58019,5
58020,6
58021,5
58022,5
58023,5
58024,6
58025,5
58026,2
58027,3
58028,5
58029,7
58030,4
58031,7
58032,6
58033,5
58034,2
58035,5
58036,7
58037,7
58038,7
58039,3
58040,4
58041,7
58042,5
58043,5
58044,1
58045,6
58046,3
58047,5
58048,4
58049,5
58050,5
58051,1
58052,7
58053,6
58054,5
58055,3
58056,6
58057,6
58058,5
58059,6
58060,6
58061,6
58062,5
58063,7
58064,7
58065,4
58066,2
58067,5
58068,5
58069,6
58070,5
58071,7
58072,4
58073,5
58074,5
58075,7
58076,6
58077,6
58078,4
58079,6
58080,3
58081,3
58082,6
58083,5
58084,5
58085,5
58086,5
58087,5
58088,5
58089,5
58090,5
58091,5
58092,3
58093,4
58094,5
58095,2
58096,5
58097,6
58098,5
58099,3
58100,7
58101,6
58102,4
58103,5
58104,5
58105,7
58106,2
58107,4
58108,7
58109,3
58110,7
58111,5
58112,4
58113,4
58114,3
58115,6
58116,6
58117,7
58118,4
58119,6
58120,6
58121,4
58122,5
58123,4
58124,4
58125,1
58126,5
58127,4
58128,5
58129,7
58130,6
58131,7
58132,4
58133,3
58134,4
58135,6
58136,4
58137,4
58138,5
58139,2
58140,4
58141,4
58142,5
58143,6
58144,3
58145,4
58146,5
58147,3
58148,4
58149,7
58150,5
58151,5
58152,5
58153,4
58154,6
58155,7
58156,3
58157,7
58158,6
58159,5
58160,5
58161,6
58162,2
58163,2
58164,4
58165,2
58166,4
58167,5
58168,7
58169,5
58170,4
58171,5
58172,5
58173,3
58174,7
58175,5
58176,3
58177,6
58178,5
58179,5
58180,6
58181,5
58182,5
58183,6
58184,3
58185,5
58186,6
58187,5
58188,6
58189,5
58190,3
58191,4
58192,7
58193,6
58194,4
58195,6
58196,2
58197,7
58198,1
58199,4
58200,4
58201,5
58202,4
58203,6
58204,6
58205,6
58206,6
58207,4
58208,5
58209,5
58210,6
58211,6
58212,2
58213,6
58214,7
58215,5
58216,4
58217,5
58218,6
58219,4
58220,1
58221,3
58222,6
58223,7
58224,5
58225,6
58226,5
58227,5
58228,6
58229,5
58230,3
58231,3
58232,6
58233,6
58234,5
58235,4
58236,5
58237,5
58238,4
58239,5
58240,4
58241,4
58242,6
58243,4
58244,6
58245,6
58246,4
58247,3
58248,6
58249,4
58250,6
58251,5
58252,5
58253,3
58254,5
58255,6
58256,7
58257,6
58258,7
58259,5
58260,6
58261,5
58262,4
58263,2
58264,5
58265,4
58266,6
58267,6
58268,7
58269,2
58270,5
58271,5
58272,5
58273,4
58274,4
58275,2
58276,5
58277,5
58278,3
58279,6
58280,5
58281,7
58282,6
58283,2
58284,4
58285,7
58286,6
58287,4
58288,2
58289,6
58290,7
58291,2
58292,3
58293,3
58294,4
58295,5
58296,6
58297,5
58298,4
58299,6
58300,5
58301,6
58302,7
58303,5
58304,1
58305,3
58306,6
58307,5
58308,4
58309,4
58310,5
58311,3
58312,7
58313,7
58314,5
58315,3
58316,3
58317,6
58318,2
58319,4
58320,1
58321,6
58322,5
58323,4
58324,4
58325,6
58326,7
58327,7
58328,6
58329,2
58330,5
58331,3
58332,3
58333,2
58334,6
58335,5
58336,7
58337,4
58338,5
58339,5
58340,7
58341,3
58342,5
58343,7
58344,7
58345,5
58346,4
58347,3
58348,5
58349,6
58350,4
58351,7
58352,5
58353,5
58354,5
58355,4
58356,5
58357,7
58358,2
58359,5
58360,6
58361,5
58362,5
58363,5
58364,4
58365,4
58366,3
58367,7
58368,5
58369,6
58370,5
58371,5
58372,4
58373,4
58374,1
58375,4
58376,2
58377,6
58378,3
58379,4
58380,3
58381,4
58382,3
58383,5
58384,3
58385,7
58386,7
58387,6
58388,4
58389,7
58390,3
58391,4
58392,2
58393,6
58394,4
58395,3
58396,5
58397,5
58398,4
58399,6
58400,4
58401,2
58402,5
58403,7
58404,6
58405,4
58406,7
58407,5
58408,6
58409,7
58410,5
58411,6
58412,2
58413,4
58414,2
58415,5
58416,7
58417,4
58418,7
58419,2
58420,2
58421,4
58422,5
58423,2
58424,4
58425,2
58426,1
58427,4
58428,5
58429,5
58430,3
58431,5
58432,5
58433,6
58434,5
58435,5
58436,4
58437,6
58438,4
58439,7
58440,4
58441,5
58442,3
58443,5
58444,3
58445,4
58446,7
58447,3
58448,6
58449,5
58450,6
58451,5
58452,5
58453,2
58454,4
58455,6
58456,5
58457,6
58458,3
58459,6
58460,2
58461,4
58462,5
58463,6
58464,5
58465,6
58466,4
58467,7
58468,4
58469,6
58470,4
58471,4
58472,5
58473,7
58474,6
58475,2
58476,5
58477,6
58478,5
58479,5
58480,6
58481,7
58482,4
58483,5
58484,3
58485,6
58486,5
58487,6
58488,5
58489,5
58490,1
58491,6
58492,5
58493,5
58494,5
58495,5
58496,7
58497,6
58498,5
58499,6
58500,3
58501,6
58502,6
58503,4
58504,3
58505,1
58506,6
58507,5
58508,4
58509,4
58510,2
58511,6
58512,5
58513,5
58514,6
58515,5
58516,3
58517,4
58518,5
58519,4
58520,7
58521,4
58522,7
58523,3
58524,4
58525,2
58526,5
58527,6
58528,7
58529,5
58530,6
58531,4
58532,5
58533,5
58534,5
58535,6
58536,5
58537,5
58538,5
58539,5
58540,4
58541,3
58542,5
58543,1
58544,5
58545,4
58546,3
58547,7
58548,5
58549,5
58550,5
58551,5
58552,7
58553,4
58554,5
58555,6
58556,5
58557,5
58558,4
58559,5
58560,4
58561,4
58562,4
58563,6
58564,5
58565,5
58566,7
58567,4
58568,4
58569,5
58570,5
58571,5
58572,5
58573,4
58574,6
58575,5
58576,6
58577,1
58578,3
58579,5
58580,3
58581,2
58582,4
58583,5
58584,3
58585,5
58586,4
58587,5
58588,7
58589,3
58590,5
58591,5
58592,7
58593,3
58594,6
58595,3
58596,5
58597,5
58598,5
58599,5
58600,2
58601,7
58602,5
58603,7
58604,2
58605,4
58606,7
58607,5
58608,5
58609,6
58610,7
58611,3
58612,7
58613,5
58614,7
58615,3
58616,4
58617,2
58618,7
58619,3
58620,6
58621,3
58622,5
58623,7
58624,6
58625,6
58626,6
58627,6
58628,4
58629,7
58630,5
58631,4
58632,4
58633,6
58634,3
58635,3
58636,5
58637,6
58638,7
58639,4
58640,7
58641,4
58642,6
58643,6
58644,5
58645,5
58646,7
58647,4
58648,2
58649,6
58650,6
58651,7
58652,6
58653,4
58654,4
58655,3
58656,5
58657,5
58658,6
58659,4
58660,5
58661,7
58662,2
58663,6
58664,3
58665,7
58666,4
58667,5
58668,5
58669,7
58670,4
58671,4
58672,3
58673,3
58674,4
58675,3
58676,5
58677,6
58678,5
58679,6
58680,6
58681,7
58682,4
58683,7
58684,6
58685,7
58686,5
58687,6
58688,4
58689,7
58690,5
58691,5
58692,4
58693,6
58694,5
58695,7
58696,3
58697,5
58698,1
58699,7
58700,5
58701,4
58702,2
58703,6
58704,4
58705,7
58706,1
58707,7
58708,3
58709,5
58710,4
58711,4
58712,7
58713,5
58714,6
58715,6
58716,4
58717,2
58718,7
58719,7
58720,5
58721,5
58722,6
58723,3
58724,6
58725,2
58726,4
58727,4
58728,5
58729,5
58730,4
58731,2
58732,5
58733,3
58734,7
58735,7
58736,2
58737,5
58738,6
58739,7
58740,7
58741,6
58742,6
58743,3
58744,1
58745,6
58746,6
58747,4
58748,4
58749,3
58750,4
58751,1
58752,2
58753,3
58754,5
58755,3
58756,5
58757,5
58758,2
58759,7
58760,3
58761,6
58762,4
58763,7
58764,1
58765,4
58766,5
58767,4
58768,3
58769,7
58770,4
58771,5
58772,5
58773,6
58774,7
58775,6
58776,3
58777,6
58778,3
58779,3
58780,5
58781,5
58782,4
58783,3
58784,7
58785,6
58786,2
58787,7
58788,5
58789,4
58790,5
58791,6
58792,5
58793,5
58794,5
58795,6
58796,2
58797,3
58798,5
58799,3
58800,2
58801,6
58802,4
58803,2
58804,6
58805,7
58806,2
58807,3
58808,7
58809,5
58810,4
58811,5
58812,6
58813,5
58814,4
58815,4
58816,3
58817,5
58818,3
58819,5
58820,5
58821,4
58822,6
58823,5
58824,5
58825,5
58826,5
58827,5
58828,2
58829,4
58830,5
58831,6
58832,6
58833,5
58834,4
58835,7
58836,3
58837,6
58838,5
58839,3
58840,2
58841,5
58842,7
58843,3
58844,4
58845,5
58846,5
58847,4
58848,6
58849,4
58850,3
58851,6
58852,3
58853,7
58854,5
58855,7
58856,5
58857,4
58858,6
58859,6
58860,2
58861,6
58862,7
58863,4
58864,6
58865,7
58866,1
58867,5
58868,6
58869,7
58870,5
58871,4
58872,4
58873,6
58874,4
58875,4
58876,6
58877,5
58878,7
58879,6
58880,5
58881,4
58882,7
58883,5
58884,5
58885,1
58886,1
58887,3
58888,6
58889,6
58890,6
58891,7
58892,4
58893,6
58894,5
58895,6
58896,3
58897,4
58898,6
58899,3
58900,3
58901,4
58902,6
58903,1
58904,4
58905,6
58906,6
58907,5
58908,6
58909,5
58910,5
58911,6
58912,6
58913,5
58914,7
58915,4
58916,6
58917,3
58918,5
58919,6
58920,7
58921,4
58922,4
58923,7
58924,6
58925,4
58926,6
58927,1
58928,1
58929,3
58930,5
58931,5
58932,6
58933,7
58934,5
58935,3
58936,7
58937,3
58938,6
58939,2
58940,5
58941,3
58942,4
58943,4
58944,4
58945,3
58946,5
58947,6
58948,5
58949,4
58950,3
58951,3
58952,4
58953,6
58954,4
58955,6
58956,5
58957,7
58958,3
58959,7
58960,2
58961,3
58962,4
58963,4
58964,5
58965,6
58966,7
58967,5
58968,4
58969,5
58970,7
58971,5
58972,5
58973,5
58974,6
58975,4
58976,5
58977,6
58978,4
58979,6
58980,2
58981,5
58982,5
58983,5
58984,5
58985,3
58986,3
58987,6
58988,7
58989,7
58990,7
58991,6
58992,6
58993,5
58994,3
58995,7
58996,4
58997,6
58998,5
58999,5
59000,4
59001,5
59002,4
59003,6
59004,5
59005,6
59006,6
59007,7
59008,4
59009,5
59010,5
59011,6
59012,4
59013,5
59014,3
59015,4
59016,3
59017,3
59018,6
59019,3
59020,5
59021,3
59022,5
59023,1
59024,3
59025,4
59026,4
59027,7
59028,5
59029,6
59030,6
59031,7
59032,3
59033,5
59034,5
59035,6
59036,6
59037,4
59038,2
59039,5
59040,6
59041,2
59042,6
59043,6
59044,7
59045,5
59046,1
59047,6
59048,4
59049,6
59050,7
59051,5
59052,7
59053,5
59054,7
59055,2
59056,6
59057,4
59058,5
59059,5
59060,3
59061,7
59062,6
59063,6
59064,6
59065,7
59066,4
59067,4
59068,7
59069,4
59070,5
59071,2
59072,6
59073,6
59074,3
59075,6
59076,5
59077,5
59078,5
59079,5
59080,7
59081,3
59082,3
59083,5
59084,4
59085,5
59086,3
59087,5
59088,5
59089,5
59090,2
59091,4
59092,4
59093,5
59094,5
59095,4
59096,6
59097,3
59098,6
59099,5
59100,4
59101,5
59102,3
59103,5
59104,5
59105,5
59106,5
59107,4
59108,7
59109,6
59110,7
59111,5
59112,7
59113,6
59114,4
59115,7
59116,4
59117,3
59118,5
59119,5
59120,5
59121,4
59122,4
59123,5
59124,5
59125,7
59126,5
59127,5
59128,5
59129,5
59130,2
59131,5
59132,7
59133,6
59134,3
59135,7
59136,6
59137,6
59138,6
59139,4
59140,4
59141,5
59142,5
59143,6
59144,5
59145,7
59146,4
59147,4
59148,6
59149,3
59150,4
59151,2
59152,4
59153,6
59154,4
59155,5
59156,7
59157,5
59158,4
59159,4
59160,4
59161,6
59162,7
59163,5
59164,5
59165,1
59166,5
59167,5
59168,3
59169,6
59170,5
59171,7
59172,5
59173,5
59174,3
59175,7
59176,4
59177,5
59178,6
59179,5
59180,6
59181,4
59182,3
59183,4
59184,5
59185,6
59186,7
59187,7
59188,5
59189,3
59190,7
59191,5
59192,5
59193,6
59194,5
59195,6
59196,2
59197,3
59198,5
59199,6
59200,6
59201,6
59202,2
59203,4
59204,5
59205,5
59206,7
59207,6
59208,4
59209,5
59210,5
59211,6
59212,1
59213,7
59214,6
59215,4
59216,7
59217,7
59218,2
59219,2
59220,4
59221,4
59222,6
59223,7
59224,5
59225,6
59226,4
59227,5
59228,5
59229,6
59230,7
59231,7
59232,5
59233,3
59234,3
59235,7
59236,5
59237,3
59238,4
59239,2
59240,5
59241,6
59242,6
59243,7
59244,3
59245,5
59246,3
59247,2
59248,4
59249,4
59250,6
59251,7
59252,5
59253,5
59254,3
59255,5
59256,4
59257,3
59258,3
59259,4
59260,7
59261,5
59262,4
59263,1
59264,4
59265,3
59266,5
59267,5
59268,5
59269,6
59270,5
59271,6
59272,2
59273,6
59274,7
59275,5
59276,6
59277,4
59278,4
59279,4
59280,7
59281,5
59282,5
59283,5
59284,7
59285,5
59286,7
59287,5
59288,4
59289,7
59290,4
59291,7
59292,4
59293,5
59294,3
59295,2
59296,5
59297,5
59298,5
59299,7
59300,2
59301,6
59302,4
59303,5
59304,4
59305,5
59306,2
59307,5
59308,5
59309,5
59310,2
59311,5
59312,2
59313,5
59314,7
59315,5
59316,6
59317,6
59318,5
59319,4
59320,6
59321,4
59322,4
59323,3
59324,6
59325,3
59326,6
59327,5
59328,7
59329,7
59330,7
59331,4
59332,7
59333,2
59334,6
59335,5
59336,7
59337,2
59338,2
59339,6
59340,6
59341,7
59342,6
59343,5
59344,2
59345,5
59346,1
59347,3
59348,3
59349,6
59350,4
59351,4
59352,4
59353,3
59354,1
59355,7
59356,5
59357,6
59358,5
59359,4
59360,4
59361,6
59362,5
59363,4
59364,6
59365,7
59366,1
59367,6
59368,4
59369,5
59370,5
59371,5
59372,5
59373,2
59374,7
59375,5
59376,3
59377,5
59378,3
59379,5
59380,1
59381,5
59382,4
59383,6
59384,4
59385,3
59386,6
59387,6
59388,5
59389,4
59390,4
59391,5
59392,7
59393,5
59394,5
59395,7
59396,7
59397,5
59398,6
59399,4
59400,7
59401,5
59402,6
59403,6
59404,3
59405,4
59406,3
59407,7
59408,5
59409,5
59410,6
59411,7
59412,7
59413,6
59414,5
59415,3
59416,2
59417,5
59418,6
59419,7
59420,6
59421,4
59422,6
59423,3
59424,5
59425,5
59426,4
59427,4
59428,6
59429,4
59430,3
59431,5
59432,3
59433,3
59434,7
59435,6
59436,6
59437,6
59438,4
59439,2
59440,6
59441,7
59442,5
59443,6
59444,5
59445,3
59446,6
59447,6
59448,5
59449,3
59450,5
59451,3
59452,6
59453,5
59454,5
59455,6
59456,4
59457,6
59458,5
59459,7
59460,4
59461,6
59462,2
59463,4
59464,5
59465,5
59466,3
59467,6
59468,7
59469,7
59470,6
59471,7
59472,6
59473,5
59474,7
59475,4
59476,7
59477,7
59478,4
59479,6
59480,5
59481,4
59482,4
59483,4
59484,5
59485,5
59486,5
59487,6
59488,6
59489,7
59490,4
59491,5
59492,3
59493,2
59494,6
59495,6
59496,4
59497,4
59498,6
59499,5
59500,6
59501,3
59502,6
59503,5
59504,4
59505,6
59506,4
59507,4
59508,6
59509,6
59510,5
59511,4
59512,6
59513,7
59514,5
59515,3
59516,7
59517,5
59518,2
59519,3
59520,6
59521,1
59522,5
59523,7
59524,3
59525,6
59526,4
59527,6
59528,5
59529,7
59530,3
59531,3
59532,5
59533,4
59534,6
59535,7
59536,6
59537,5
59538,6
59539,5
59540,5
59541,5
59542,5
59543,7
59544,6
59545,6
59546,7
59547,4
59548,5
59549,6
59550,6
59551,4
59552,7
59553,5
59554,7
59555,6
59556,4
59557,7
59558,7
59559,5
59560,6
59561,6
59562,5
59563,5
59564,5
59565,3
59566,4
59567,5
59568,5
59569,5
59570,5
59571,6
59572,7
59573,7
59574,6
59575,3
59576,3
59577,5
59578,5
59579,6
59580,5
59581,3
59582,6
59583,5
59584,7
59585,3
59586,1
59587,6
59588,7
59589,4
59590,7
59591,7
59592,4
59593,3
59594,5
59595,6
59596,5
59597,6
59598,5
59599,7
59600,4
59601,3
59602,5
59603,6
59604,5
59605,5
59606,6
59607,6
59608,5
59609,4
59610,5
59611,6
59612,5
59613,1
59614,5
59615,5
59616,4
59617,3
59618,4
59619,4
59620,7
59621,5
59622,5
59623,6
59624,3
59625,5
59626,7
59627,6
59628,6
59629,6
59630,5
59631,5
59632,6
59633,7
59634,5
59635,6
59636,5
59637,4
59638,3
59639,3
59640,5
59641,6
59642,5
59643,3
59644,1
59645,2
59646,5
59647,6
59648,3
59649,4
59650,7
59651,5
59652,5
59653,5
59654,4
59655,5
59656,5
59657,5
59658,5
59659,7
59660,5
59661,5
59662,6
59663,5
59664,4
59665,5
59666,3
59667,4
59668,5
59669,7
59670,6
59671,5
59672,5
59673,7
59674,5
59675,5
59676,6
59677,6
59678,5
59679,6
59680,7
59681,5
59682,5
59683,4
59684,2
59685,2
59686,5
59687,4
59688,5
59689,5
59690,5
59691,6
59692,5
59693,5
59694,5
59695,5
59696,5
59697,3
59698,5
59699,7
59700,5
59701,7
59702,6
59703,5
59704,7
59705,5
59706,4
59707,4
59708,5
59709,6
59710,7
59711,4
59712,2
59713,5
59714,4
59715,7
59716,2
59717,5
59718,6
59719,5
59720,6
59721,7
59722,4
59723,4
59724,5
59725,5
59726,3
59727,4
59728,6
59729,5
59730,5
59731,6
59732,5
59733,3
59734,4
59735,6
59736,4
59737,6
59738,6
59739,5
59740,4
59741,6
59742,6
59743,5
59744,5
59745,5
59746,5
59747,5
59748,7
59749,4
59750,7
59751,5
59752,4
59753,6
59754,5
59755,7
59756,4
59757,6
59758,5
59759,6
59760,4
59761,5
59762,7
59763,4
59764,6
59765,4
59766,2
59767,4
59768,7
59769,4
59770,7
59771,1
59772,5
59773,6
59774,5
59775,6
59776,4
59777,5
59778,4
59779,7
59780,1
59781,4
59782,6
59783,3
59784,6
59785,6
59786,6
59787,4
59788,6
59789,7
59790,3
59791,7
59792,4
59793,6
59794,6
59795,7
59796,4
59797,3
59798,4
59799,5
59800,2
59801,4
59802,4
59803,4
59804,4
59805,2
59806,5
59807,5
59808,5
59809,6
59810,6
59811,7
59812,4
59813,6
59814,5
59815,4
59816,4
59817,4
59818,2
59819,5
59820,2
59821,6
59822,4
59823,6
59824,4
59825,6
59826,6
59827,3
59828,5
59829,3
59830,4
59831,5
59832,5
59833,5
59834,2
59835,5
59836,6
59837,4
59838,6
59839,7
59840,4
59841,6
59842,5
59843,5
59844,3
59845,5
59846,5
59847,5
59848,3
59849,5
59850,6
59851,3
59852,6
59853,7
59854,4
59855,4
59856,4
59857,3
59858,5
59859,3
59860,7
59861,6
59862,7
59863,3
59864,7
59865,2
59866,7
59867,7
59868,6
59869,6
59870,5
59871,3
59872,3
59873,4
59874,5
59875,5
59876,6
59877,5
59878,5
59879,5
59880,5
59881,5
59882,3
59883,4
59884,5
59885,4
59886,3
59887,7
59888,7
59889,2
59890,5
59891,6
59892,2
59893,7
59894,6
59895,6
59896,6
59897,5
59898,5
59899,2
59900,3
59901,5
59902,2
59903,3
59904,4
59905,4
59906,2
59907,5
59908,5
59909,2
59910,3
59911,3
59912,4
59913,6
59914,6
59915,5
59916,5
59917,2
59918,4
59919,6
59920,3
59921,4
59922,6
59923,4
59924,4
59925,4
59926,2
59927,4
59928,4
59929,5
59930,3
59931,4
59932,6
59933,3
59934,6
59935,7
59936,7
59937,4
59938,5
59939,5
59940,7
59941,4
59942,4
59943,5
59944,5
59945,4
59946,4
59947,4
59948,3
59949,4
59950,6
59951,2
59952,6
59953,5
59954,6
59955,1
59956,5
59957,6
59958,5
59959,7
59960,4
59961,5
59962,4
59963,6
59964,7
59965,5
59966,4
59967,4
59968,5
59969,3
59970,7
59971,5
59972,6
59973,4
59974,5
59975,5
59976,7
59977,5
59978,4
59979,6
59980,5
59981,5
59982,7
59983,6
59984,5
59985,5
59986,7
59987,6
59988,4
59989,5
59990,5
59991,5
59992,5
59993,6
59994,2
59995,5
59996,6
59997,4
59998,5
59999,7
60000,6
60001,4
60002,4
60003,6
60004,7
60005,5
60006,6
60007,7
60008,5
60009,4
60010,4
60011,5
60012,6
60013,5
60014,5
60015,6
60016,3
60017,2
60018,7
60019,3
60020,5
60021,6
60022,7
60023,7
60024,6
60025,3
60026,7
60027,6
60028,2
60029,7
60030,7
60031,7
60032,1
60033,5
60034,5
60035,3
60036,3
60037,1
60038,5
60039,7
60040,7
60041,1
60042,6
60043,3
60044,6
60045,1
60046,5
60047,4
60048,3
60049,6
60050,5
60051,6
60052,4
60053,5
60054,6
60055,5
60056,3
60057,4
60058,2
60059,5
60060,7
60061,4
60062,5
60063,6
60064,7
60065,5
60066,4
60067,5
60068,7
60069,5
60070,7
60071,4
60072,4
60073,5
60074,5
60075,4
60076,7
60077,7
60078,5
60079,3
60080,7
60081,5
60082,6
60083,5
60084,3
60085,5
60086,2
60087,5
60088,5
60089,4
60090,3
60091,5
60092,6
60093,5
60094,4
60095,5
60096,5
60097,4
60098,6
60099,7
60100,1
60101,6
60102,5
60103,3
60104,6
60105,7
60106,4
60107,5
60108,6
60109,5
60110,4
60111,6
60112,7
60113,6
60114,6
60115,5
60116,6
60117,5
60118,5
60119,5
60120,7
60121,4
60122,5
60123,7
60124,5
60125,1
60126,4
60127,2
60128,5
60129,6
60130,3
60131,6
60132,4
60133,5
60134,7
60135,5
60136,3
60137,6
60138,6
60139,5
60140,4
60141,4
60142,5
60143,5
60144,3
60145,7
60146,5
60147,5
60148,5
60149,5
60150,1
60151,4
60152,7
60153,7
60154,3
60155,2
60156,7
60157,4
60158,7
60159,6
60160,6
60161,5
60162,4
60163,4
60164,6
60165,7
60166,7
60167,5
60168,4
60169,6
60170,6
60171,5
60172,4
60173,6
60174,4
60175,4
60176,7
60177,5
60178,4
60179,5
60180,7
60181,5
60182,7
60183,4
60184,4
60185,6
60186,3
60187,4
60188,7
60189,1
60190,4
60191,6
60192,6
60193,4
60194,5
60195,5
60196,5
60197,4
60198,5
60199,2
60200,4
60201,5
60202,3
60203,5
60204,5
60205,5
60206,4
60207,6
60208,5
60209,7
60210,5
60211,1
60212,5
60213,5
60214,4
60215,7
60216,1
60217,7
60218,6
60219,6
60220,5
60221,4
60222,4
60223,4
60224,3
60225,5
60226,2
60227,3
60228,6
60229,5
60230,3
60231,1
60232,5
60233,4
60234,6
60235,4
60236,7
60237,3
60238,2
60239,6
60240,5
60241,4
60242,6
60243,5
60244,6
60245,6
60246,5
60247,5
60248,2
60249,5
60250,4
60251,4
60252,3
60253,7
60254,4
60255,3
60256,6
60257,6
60258,6
60259,2
60260,4
60261,7
60262,5
60263,4
60264,6
60265,6
60266,4
60267,5
60268,5
60269,3
60270,4
60271,4
60272,7
60273,5
60274,4
60275,5
60276,6
60277,6
60278,7
60279,2
60280,5
60281,5
60282,6
60283,2
60284,6
60285,4
60286,5
60287,6
60288,4
60289,3
60290,4
60291,6
60292,6
60293,6
60294,5
60295,5
60296,5
60297,3
60298,4
60299,6
60300,7
60301,4
60302,7
60303,5
60304,4
60305,7
60306,3
60307,4
60308,5
60309,5
60310,5
60311,4
60312,4
60313,6
60314,7
60315,7
60316,4
60317,3
60318,5
60319,5
60320,4
60321,4
60322,3
60323,3
60324,6
60325,6
60326,5
60327,5
60328,5
60329,4
60330,4
60331,1
60332,6
60333,7
60334,6
60335,2
60336,4
60337,5
60338,5
60339,4
60340,5
60341,7
60342,2
60343,5
60344,6
60345,7
60346,7
60347,7
60348,5
60349,3
60350,2
60351,2
60352,4
60353,3
60354,3
60355,6
60356,4
60357,1
60358,5
60359,4
60360,3
60361,7
60362,7
60363,5
60364,6
60365,3
60366,6
60367,5
60368,4
60369,5
60370,6
60371,7
60372,4
60373,4
60374,6
60375,3
60376,5
60377,6
60378,4
60379,6
60380,6
60381,5
60382,5
60383,5
60384,3
60385,5
60386,4
60387,7
60388,6
60389,5
60390,4
60391,5
60392,5
60393,6
60394,4
60395,4
60396,4
60397,5
60398,3
60399,4
60400,5
60401,5
60402,7
60403,5
60404,7
60405,4
60406,6
60407,2
60408,3
60409,2
60410,7
60411,5
60412,5
60413,4
60414,7
60415,7
60416,5
60417,6
60418,7
60419,5
60420,5
60421,4
60422,4
60423,5
60424,2
60425,7
60426,5
60427,3
60428,3
60429,4
60430,7
60431,5
60432,4
60433,5
60434,5
60435,4
60436,6
60437,4
60438,7
60439,4
60440,5
60441,4
60442,4
60443,5
60444,2
60445,5
60446,6
60447,3
60448,6
60449,4
60450,4
60451,1
60452,4
60453,5
60454,7
60455,5
60456,6
60457,4
60458,5
60459,7
60460,5
60461,6
60462,6
60463,4
60464,6
60465,6
60466,3
60467,5
60468,3
60469,5
60470,4
60471,4
60472,5
60473,5
60474,4
60475,4
60476,7
60477,5
60478,5
60479,4
60480,4
60481,4
60482,4
60483,7
60484,6
60485,5
60486,2
60487,2
60488,6
60489,5
60490,4
60491,6
60492,6
60493,5
60494,6
60495,5
60496,4
60497,5
60498,5
60499,7
60500,5
60501,6
60502,4
60503,5
60504,5
60505,4
60506,5
60507,7
60508,4
60509,5
60510,5
60511,5
60512,5
60513,6
60514,6
60515,5
60516,7
60517,5
60518,1
60519,7
60520,5
60521,7
60522,4
60523,5
60524,6
60525,3
60526,1
60527,3
60528,4
60529,5
60530,4
60531,4
60532,6
60533,6
60534,6
60535,4
60536,4
60537,2
60538,5
60539,5
60540,5
60541,2
60542,5
60543,4
60544,6
60545,4
60546,6
60547,7
60548,5
60549,5
60550,4
60551,5
60552,4
60553,5
60554,4
60555,4
60556,7
60557,5
60558,6
60559,5
60560,7
60561,2
60562,5
60563,2
60564,6
60565,5
60566,6
60567,7
60568,5
60569,5
60570,5
60571,6
60572,4
60573,3
60574,6
60575,4
60576,7
60577,5
60578,5
60579,7
60580,5
60581,7
60582,5
60583,4
60584,5
60585,7
60586,7
60587,3
60588,5
60589,7
60590,5
60591,4
60592,5
60593,5
60594,5
60595,6
60596,5
60597,5
60598,5
60599,6
60600,6
60601,5
60602,3
60603,7
60604,7
60605,4
60606,5
60607,6
60608,4
60609,6
60610,6
60611,5
60612,3
60613,5
60614,5
60615,6
60616,5
60617,5
60618,4
60619,6
60620,5
60621,4
60622,5
60623,6
60624,6
60625,7
60626,6
60627,5
60628,5
60629,4
60630,6
60631,6
60632,4
60633,5
60634,5
60635,6
60636,4
60637,7
60638,7
60639,2
60640,5
60641,6
60642,5
60643,6
60644,7
60645,7
60646,5
60647,4
60648,4
60649,7
60650,5
60651,6
60652,5
60653,4
60654,7
60655,4
60656,7
60657,4
60658,5
60659,6
60660,7
60661,7
60662,5
60663,7
60664,4
60665,5
60666,5
60667,3
60668,4
60669,5
60670,4
60671,6
60672,5
60673,4
60674,1
60675,6
60676,6
60677,5
60678,7
60679,4
60680,6
60681,4
60682,5
60683,3
60684,2
60685,7
60686,3
60687,4
60688,5
60689,5
60690,5
60691,5
60692,6
60693,5
60694,7
60695,3
60696,6
60697,5
60698,5
60699,4
60700,6
60701,7
60702,5
60703,2
60704,3
60705,4
60706,3
60707,1
60708,3
60709,7
60710,6
60711,2
60712,5
60713,4
60714,4
60715,5
60716,7
60717,7
60718,5
60719,4
60720,3
60721,3
60722,4
60723,5
60724,6
60725,6
60726,6
60727,4
60728,2
60729,2
60730,3
60731,4
60732,7
60733,7
60734,5
60735,5
60736,6
60737,4
60738,5
60739,2
60740,5
60741,5
60742,5
60743,5
60744,5
60745,7
60746,5
60747,4
60748,5
60749,6
60750,7
60751,6
60752,6
60753,4
60754,4
60755,6
60756,4
60757,6
60758,6
60759,5
60760,2
60761,5
60762,4
60763,4
60764,5
60765,5
60766,5
60767,1
60768,5
60769,5
60770,6
60771,6
60772,2
60773,4
60774,6
60775,4
60776,4
60777,7
60778,1
60779,3
60780,6
60781,4
60782,5
60783,1
60784,5
60785,5
60786,4
60787,5
60788,4
60789,6
60790,6
60791,6
60792,5
60793,7
60794,5
60795,7
60796,3
60797,6
60798,7
60799,6
60800,6
60801,5
60802,2
60803,4
60804,5
60805,5
60806,4
60807,3
60808,5
60809,7
60810,5
60811,5
60812,4
60813,6
60814,2
60815,3
60816,4
60817,5
60818,6
60819,6
60820,5
60821,5
60822,4
60823,6
60824,6
60825,2
60826,3
60827,4
60828,6
60829,5
60830,3
60831,4
60832,5
60833,6
60834,5
60835,7
60836,7
60837,7
60838,5
60839,6
60840,5
60841,7
60842,4
60843,2
60844,2
60845,2
60846,5
60847,6
60848,5
60849,7
60850,5
60851,5
60852,5
60853,5
60854,6
60855,6
60856,4
60857,4
60858,5
60859,5
60860,4
60861,5
60862,3
60863,6
60864,5
60865,4
60866,6
60867,4
60868,5
60869,5
60870,7
60871,6
60872,7
60873,3
60874,2
60875,6
60876,5
60877,7
60878,4
60879,6
60880,6
60881,5
60882,5
60883,5
60884,4
60885,5
60886,5
60887,6
60888,6
60889,7
60890,5
60891,4
60892,7
60893,4
60894,4
60895,5
60896,4
60897,4
60898,3
60899,7
60900,5
60901,6
60902,6
60903,5
60904,7
60905,5
60906,5
60907,3
60908,5
60909,5
60910,3
60911,6
60912,7
60913,4
60914,7
60915,5
60916,4
60917,3
60918,6
60919,5
60920,2
60921,7
60922,3
60923,4
60924,3
60925,6
60926,5
60927,3
60928,5
60929,5
60930,7
60931,5
60932,5
60933,7
60934,6
60935,3
60936,5
60937,3
60938,2
60939,3
60940,3
60941,5
60942,4
60943,5
60944,6
60945,4
60946,5
60947,5
60948,4
60949,3
60950,5
60951,5
60952,6
60953,6
60954,6
60955,6
60956,5
60957,4
60958,6
60959,6
60960,4
60961,4
60962,3
60963,6
60964,7
60965,6
60966,4
60967,5
60968,6
60969,3
60970,2
60971,2
60972,7
60973,4
60974,6
60975,5
60976,4
60977,4
60978,5
60979,6
60980,6
60981,5
60982,6
60983,4
60984,6
60985,7
60986,4
60987,5
60988,5
60989,5
60990,5
60991,4
60992,6
60993,6
60994,5
60995,5
60996,4
60997,7
60998,3
60999,2
61000,4
61001,2
61002,5
61003,5
61004,3
61005,1
61006,4
61007,4
61008,3
61009,7
61010,5
61011,7
61012,6
61013,6
61014,3
61015,5
61016,5
61017,3
61018,5
61019,3
61020,5
61021,5
61022,6
61023,3
61024,5
61025,6
61026,7
61027,6
61028,7
61029,6
61030,5
61031,7
61032,6
61033,6
61034,6
61035,5
61036,2
61037,5
61038,5
61039,6
61040,3
61041,7
61042,1
61043,5
61044,4
61045,7
61046,3
61047,5
61048,4
61049,5
61050,7
61051,4
61052,6
61053,4
61054,6
61055,5
61056,5
61057,4
61058,4
61059,6
61060,7
61061,4
61062,3
61063,5
61064,5
61065,7
61066,6
61067,4
61068,4
61069,3
61070,5
61071,6
61072,7
61073,6
61074,5
61075,4
61076,5
61077,5
61078,3
61079,7
61080,4
61081,5
61082,5
61083,6
61084,7
61085,6
61086,5
61087,4
61088,1
61089,7
61090,6
61091,6
61092,5
61093,4
61094,4
61095,5
61096,5
61097,5
61098,5
61099,7
61100,2
61101,7
61102,5
61103,5
61104,3
61105,4
61106,7
61107,5
61108,5
61109,6
61110,4
61111,3
61112,5
61113,4
61114,5
61115,4
61116,5
61117,5
61118,2
61119,4
61120,4
61121,4
61122,3
61123,2
61124,5
61125,5
61126,5
61127,5
61128,5
61129,5
61130,2
61131,7
61132,5
61133,5
61134,5
61135,7
61136,2
61137,6
61138,6
61139,5
61140,4
61141,4
61142,5
61143,6
61144,6
61145,3
61146,5
61147,6
61148,5
61149,2
61150,7
61151,6
61152,5
61153,3
61154,3
61155,2
61156,6
61157,4
61158,7
61159,5
61160,5
61161,6
61162,5
61163,5
61164,5
61165,6
61166,5
61167,5
61168,3
61169,5
61170,2
61171,2
61172,6
61173,4
61174,4
61175,6
61176,5
61177,5
61178,5
61179,6
61180,6
61181,6
61182,4
61183,6
61184,6
61185,5
61186,7
61187,5
61188,5
61189,4
61190,7
61191,4
61192,5
61193,4
61194,3
61195,6
61196,7
61197,3
61198,5
61199,2
61200,7
61201,5
61202,7
61203,6
61204,3
61205,6
61206,5
61207,4
61208,5
61209,7
61210,5
61211,4
61212,5
61213,6
61214,3
61215,3
61216,5
61217,2
61218,5
61219,5
61220,7
61221,7
61222,5
61223,7
61224,6
61225,4
61226,7
61227,3
61228,7
61229,5
61230,7
61231,1
61232,4
61233,5
61234,4
61235,4
61236,4
61237,7
61238,6
61239,5
61240,2
61241,3
61242,5
61243,2
61244,2
61245,6
61246,3
61247,6
61248,7
61249,5
61250,5
61251,5
61252,5
61253,5
61254,4
61255,5
61256,4
61257,3
61258,5
61259,5
61260,1
61261,6
61262,3
61263,7
61264,5
61265,5
61266,6
61267,4
61268,5
61269,6
61270,7
61271,6
61272,5
61273,4
61274,5
61275,5
61276,4
61277,5
61278,5
61279,5
61280,7
61281,5
61282,4
61283,5
61284,6
61285,7
61286,1
61287,5
61288,1
61289,5
61290,5
61291,5
61292,5
61293,6
61294,3
61295,5
61296,5
61297,5
61298,7
61299,4
61300,5
61301,6
61302,4
61303,6
61304,2
61305,5
61306,4
61307,2
61308,5
61309,6
61310,6
61311,6
61312,5
61313,7
61314,7
61315,5
61316,6
61317,5
61318,6
61319,6
61320,3
61321,2
61322,5
61323,2
61324,4
61325,6
61326,3
61327,6
61328,2
61329,6
61330,7
61331,7
61332,4
61333,5
61334,5
61335,4
61336,5
61337,7
61338,6
61339,2
61340,4
61341,6
61342,7
61343,5
61344,4
61345,3
61346,4
61347,5
61348,4
61349,5
61350,4
61351,5
61352,6
61353,4
61354,6
61355,3
61356,7
61357,4
61358,6
61359,6
61360,6
61361,4
61362,3
61363,7
61364,5
61365,3
61366,6
61367,5
61368,7
61369,4
61370,4
61371,3
61372,4
61373,2
61374,4
61375,5
61376,5
61377,3
61378,6
61379,4
61380,3
61381,6
61382,4
61383,5
61384,6
61385,4
61386,5
61387,3
61388,4
61389,1
61390,4
61391,5
61392,5
61393,7
61394,5
61395,2
61396,5
61397,5
61398,5
61399,7
61400,4
61401,4
61402,5
61403,6
61404,5
61405,2
61406,5
61407,3
61408,5
61409,3
61410,7
61411,6
61412,4
61413,5
61414,5
61415,2
61416,4
61417,5
61418,4
61419,5
61420,7
61421,6
61422,5
61423,5
61424,4
61425,4
61426,4
61427,6
61428,6
61429,3
61430,3
61431,5
61432,7
61433,4
61434,5
61435,6
61436,4
61437,3
61438,5
61439,6
61440,4
61441,5
61442,7
61443,6
61444,4
61445,7
61446,5
61447,4
61448,7
61449,5
61450,6
61451,4
61452,4
61453,3
61454,5
61455,6
61456,2
61457,5
61458,4
61459,5
61460,4
61461,7
61462,7
61463,1
61464,4
61465,3
61466,7
61467,5
61468,5
61469,3
61470,6
61471,5
61472,4
61473,1
61474,5
61475,7
61476,3
61477,5
61478,5
61479,6
61480,4
61481,3
61482,5
61483,2
61484,3
61485,7
61486,6
61487,6
61488,3
61489,5
61490,5
61491,3
61492,4
61493,6
61494,4
61495,6
61496,6
61497,4
61498,6
61499,2
61500,2
61501,4
61502,5
61503,4
61504,7
61505,5
61506,4
61507,4
61508,5
61509,3
61510,5
61511,6
61512,4
61513,5
61514,5
61515,6
61516,7
61517,5
61518,6
61519,3
61520,1
61521,5
61522,6
61523,6
61524,5
61525,2
61526,6
61527,2
61528,3
61529,4
61530,5
61531,5
61532,4
61533,5
61534,6
61535,6
61536,4
61537,3
61538,5
61539,4
61540,7
61541,5
61542,6
61543,5
61544,5
61545,5
61546,5
61547,3
61548,5
61549,7
61550,5
61551,4
61552,5
61553,5
61554,6
61555,5
61556,7
61557,5
61558,6
61559,4
61560,5
61561,3
61562,5
61563,4
61564,3
61565,3
61566,4
61567,7
61568,5
61569,5
61570,6
61571,3
61572,5
61573,6
61574,1
61575,5
61576,5
61577,7
61578,6
61579,5
61580,4
61581,7
61582,2
61583,3
61584,4
61585,6
61586,3
61587,6
61588,3
61589,5
61590,3
61591,5
61592,6
61593,6
61594,6
61595,3
61596,5
61597,6
61598,5
61599,6
61600,6
61601,2
61602,4
61603,7
61604,5
61605,7
61606,5
61607,6
61608,4
61609,6
61610,1
61611,7
61612,5
61613,5
61614,7
61615,6
61616,4
61617,6
61618,5
61619,7
61620,4
61621,7
61622,6
61623,5
61624,3
61625,5
61626,5
61627,2
61628,5
61629,6
61630,7
61631,4
61632,3
61633,3
61634,7
61635,4
61636,7
61637,6
61638,6
61639,5
61640,5
61641,7
61642,6
61643,4
61644,4
61645,3
61646,5
61647,6
61648,6
61649,6
61650,3
61651,6
61652,5
61653,4
61654,5
61655,4
61656,2
61657,2
61658,4
61659,7
61660,3
61661,5
61662,7
61663,5
61664,4
61665,5
61666,4
61667,6
61668,1
61669,5
61670,7
61671,5
61672,7
61673,4
61674,7
61675,6
61676,6
61677,6
61678,7
61679,2
61680,4
61681,4
61682,6
61683,6
61684,5
61685,4
61686,5
61687,5
61688,2
61689,3
61690,5
61691,5
61692,4
61693,4
61694,7
61695,5
61696,4
61697,3
61698,4
61699,5
61700,4
61701,6
61702,6
61703,7
61704,2
61705,6
61706,6
61707,2
61708,7
61709,6
61710,5
61711,5
61712,4
61713,5
61714,3
61715,7
61716,6
61717,6
61718,4
61719,6
61720,5
61721,5
61722,6
61723,3
61724,3
61725,7
61726,5
61727,5
61728,3
61729,6
61730,6
61731,5
61732,3
61733,7
61734,5
61735,4
61736,5
61737,5
61738,6
61739,7
61740,5
61741,5
61742,3
61743,3
61744,4
61745,5
61746,5
61747,5
61748,5
61749,3
61750,2
61751,5
61752,5
61753,1
61754,4
61755,5
61756,6
61757,4
61758,6
61759,5
61760,5
61761,7
61762,7
61763,4
61764,5
61765,4
61766,5
61767,4
61768,3
61769,6
61770,7
61771,4
61772,4
61773,5
61774,6
61775,5
61776,6
61777,4
61778,4
61779,6
61780,5
61781,6
61782,3
61783,6
61784,6
61785,4
61786,4
61787,7
61788,4
61789,7
61790,2
61791,5
61792,5
61793,3
61794,5
61795,5
61796,7
61797,4
61798,5
61799,7
61800,5
61801,2
61802,7
61803,5
61804,5
61805,4
61806,7
61807,3
61808,5
61809,5
61810,7
61811,6
61812,4
61813,6
61814,4
61815,4
61816,5
61817,4
61818,6
61819,6
61820,4
61821,3
61822,5
61823,6
61824,4
61825,5
61826,5
61827,6
61828,6
61829,5
61830,7
61831,5
61832,5
61833,5
61834,7
61835,6
61836,6
61837,5
61838,4
61839,6
61840,5
61841,5
61842,5
61843,4
61844,7
61845,5
61846,1
61847,7
61848,6
61849,5
61850,5
61851,6
61852,5
61853,5
61854,5
61855,4
61856,6
61857,6
61858,6
61859,2
61860,5
61861,2
61862,7
61863,7
61864,6
61865,6
61866,5
61867,4
61868,7
61869,4
61870,6
61871,5
61872,6
61873,6
61874,6
61875,6
61876,4
61877,3
61878,4
61879,5
61880,4
61881,5
61882,5
61883,7
61884,7
61885,5
61886,6
61887,6
61888,5
61889,6
61890,5
61891,1
61892,4
61893,4
61894,6
61895,4
61896,5
61897,6
61898,4
61899,5
61900,4
61901,5
61902,4
61903,5
61904,4
61905,4
61906,5
61907,6
61908,5
61909,5
61910,6
61911,5
61912,6
61913,6
61914,5
61915,6
61916,6
61917,4
61918,6
61919,7
61920,4
61921,6
61922,4
61923,4
61924,4
61925,1
61926,5
61927,2
61928,5
61929,7
61930,4
61931,7
61932,3
61933,7
61934,5
61935,7
61936,5
61937,7
61938,3
61939,3
61940,5
61941,4
61942,4
61943,4
61944,5
61945,6
61946,7
61947,5
61948,7
61949,7
61950,5
61951,5
61952,3
61953,3
61954,7
61955,6
61956,6
61957,7
61958,4
61959,6
61960,4
61961,4
61962,5
61963,7
61964,6
61965,4
61966,5
61967,5
61968,6
61969,2
61970,4
61971,5
61972,4
61973,5
61974,4
61975,4
61976,5
61977,2
61978,6
61979,5
61980,6
61981,4
61982,3
61983,2
61984,5
61985,4
61986,5
61987,5
61988,5
61989,6
61990,5
61991,5
61992,3
61993,7
61994,5
61995,5
61996,4
61997,5
61998,5
61999,5
62000,4
62001,7
62002,5
62003,4
62004,4
62005,6
62006,4
62007,6
62008,6
62009,7
62010,5
62011,7
62012,5
62013,6
62014,7
62015,4
62016,2
62017,6
62018,5
62019,4
62020,5
62021,3
62022,5
62023,5
62024,7
62025,4
62026,6
62027,5
62028,7
62029,4
62030,4
62031,5
62032,5
62033,7
62034,2
62035,2
62036,6
62037,7
62038,3
62039,5
62040,4
62041,3
62042,6
62043,5
62044,4
62045,6
62046,3
62047,7
62048,2
62049,4
62050,2
62051,2
62052,7
62053,5
62054,5
62055,4
62056,7
62057,5
62058,6
62059,6
62060,4
62061,1
62062,3
62063,4
62064,6
62065,5
62066,5
62067,5
62068,7
62069,6
62070,7
62071,4
62072,6
62073,5
62074,2
62075,7
62076,6
62077,5
62078,5
62079,3
62080,3
62081,4
62082,5
62083,7
62084,7
62085,6
62086,5
62087,4
62088,5
62089,5
62090,5
62091,5
62092,5
62093,7
62094,5
62095,5
62096,4
62097,4
62098,7
62099,5
62100,5
62101,5
62102,1
62103,3
62104,5
62105,3
62106,2
62107,7
62108,4
62109,5
62110,6
62111,4
62112,4
62113,5
62114,5
62115,1
62116,5
62117,5
62118,6
62119,6
62120,5
62121,2
62122,5
62123,3
62124,2
62125,4
62126,5
62127,3
62128,4
62129,4
62130,7
62131,5
62132,4
62133,5
62134,6
62135,5
62136,2
62137,2
62138,5
62139,4
62140,5
62141,6
62142,4
62143,5
62144,4
62145,2
62146,7
62147,6
62148,6
62149,3
62150,2
62151,5
62152,7
62153,5
62154,6
62155,6
62156,5
62157,6
62158,5
62159,6
62160,5
62161,5
62162,5
62163,4
62164,5
62165,5
62166,5
62167,5
62168,4
62169,6
62170,5
62171,3
62172,5
62173,1
62174,6
62175,7
62176,5
62177,3
62178,2
62179,7
62180,5
62181,6
62182,7
62183,4
62184,4
62185,7
62186,5
62187,7
62188,1
62189,4
62190,6
62191,4
62192,2
62193,3
62194,5
62195,5
62196,6
62197,6
62198,5
62199,7
62200,5
62201,6
62202,4
62203,3
62204,7
62205,6
62206,4
62207,5
62208,4
62209,3
62210,7
62211,5
62212,6
62213,4
62214,5
62215,4
62216,3
62217,6
62218,5
62219,4
62220,6
62221,4
62222,2
62223,4
62224,7
62225,4
62226,4
62227,7
62228,2
62229,5
62230,3
62231,4
62232,6
62233,5
62234,4
62235,6
62236,5
62237,4
62238,7
62239,3
62240,6
62241,5
62242,4
62243,4
62244,7
62245,5
62246,4
62247,4
62248,6
62249,5
62250,3
62251,3
62252,5
62253,5
62254,3
62255,5
62256,5
62257,7
62258,7
62259,3
62260,3
62261,5
62262,5
62263,2
62264,5
62265,5
62266,7
62267,6
62268,6
62269,6
62270,5
62271,4
62272,7
62273,3
62274,3
62275,4
62276,3
62277,5
62278,6
62279,7
62280,5
62281,5
62282,5
62283,7
62284,3
62285,6
62286,7
62287,5
62288,6
62289,3
62290,3
62291,3
62292,2
62293,4
62294,5
62295,6
62296,5
62297,4
62298,6
62299,5
62300,5
62301,5
62302,7
62303,3
62304,5
62305,7
62306,5
62307,3
62308,5
62309,5
62310,5
62311,4
62312,6
62313,4
62314,4
62315,7
62316,5
62317,3
62318,3
62319,6
62320,6
62321,6
62322,7
62323,6
62324,7
62325,3
62326,6
62327,3
62328,6
62329,5
62330,1
62331,4
62332,5
62333,5
62334,7
62335,2
62336,7
62337,2
62338,5
62339,6
62340,4
62341,1
62342,7
62343,7
62344,5
62345,5
62346,7
62347,6
62348,6
62349,5
62350,4
62351,2
62352,6
62353,5
62354,7
62355,7
62356,5
62357,4
62358,5
62359,3
62360,4
62361,4
62362,7
62363,2
62364,4
62365,5
62366,6
62367,6
62368,6
62369,4
62370,6
62371,4
62372,6
62373,3
62374,7
62375,5
62376,5
62377,4
62378,2
62379,6
62380,4
62381,5
62382,3
62383,5
62384,6
62385,3
62386,4
62387,5
62388,6
62389,6
62390,5
62391,4
62392,5
62393,2
62394,6
62395,5
62396,4
62397,3
62398,5
62399,5
62400,7
62401,5
62402,4
62403,6
62404,4
62405,6
62406,4
62407,4
62408,5
62409,4
62410,5
62411,4
62412,5
62413,7
62414,7
62415,4
62416,6
62417,4
62418,5
62419,5
62420,4
62421,3
62422,7
62423,5
62424,4
62425,7
62426,7
62427,3
62428,5
62429,4
62430,5
62431,5
62432,3
62433,4
62434,5
62435,3
62436,2
62437,4
62438,5
62439,4
62440,4
62441,7
62442,7
62443,6
62444,5
62445,4
62446,3
62447,5
62448,5
62449,4
62450,4
62451,7
62452,7
62453,6
62454,5
62455,5
62456,4
62457,5
62458,6
62459,6
62460,2
62461,7
62462,4
62463,4
62464,4
62465,5
62466,5
62467,5
62468,7
62469,4
62470,3
62471,5
62472,2
62473,5
62474,3
62475,6
62476,6
62477,7
62478,1
62479,5
62480,7
62481,7
62482,2
62483,5
62484,5
62485,5
62486,1
62487,6
62488,5
62489,5
62490,5
62491,5
62492,6
62493,5
62494,6
62495,4
62496,4
62497,6
62498,6
62499,6
62500,7
62501,4
62502,4
62503,5
62504,5
62505,4
62506,5
62507,6
62508,3
62509,4
62510,5
62511,6
62512,6
62513,5
62514,6
62515,2
62516,5
62517,6
62518,7
62519,4
62520,6
62521,5
62522,7
62523,5
62524,5
62525,6
62526,7
62527,3
62528,5
62529,3
62530,5
62531,5
62532,5
62533,4
62534,6
62535,4
62536,6
62537,2
62538,4
62539,4
62540,5
62541,5
62542,3
62543,5
62544,4
62545,7
62546,2
62547,4
62548,4
62549,6
62550,5
62551,5
62552,5
62553,4
62554,5
62555,5
62556,4
62557,4
62558,3
62559,7
62560,6
62561,5
62562,7
62563,5
62564,6
62565,7
62566,2
62567,4
62568,6
62569,4
62570,3
62571,6
62572,3
62573,3
62574,5
62575,5
62576,6
62577,7
62578,5
62579,5
62580,6
62581,7
62582,2
62583,4
62584,4
62585,3
62586,2
62587,7
62588,6
62589,6
62590,3
62591,6
62592,5
62593,5
62594,2
62595,3
62596,7
62597,4
62598,7
62599,7
62600,3
62601,5
62602,2
62603,7
62604,7
62605,5
62606,6
62607,5
62608,7
62609,5
62610,5
62611,4
62612,3
62613,6
62614,6
62615,2
62616,5
62617,5
62618,6
62619,6
62620,7
62621,5
62622,6
62623,5
62624,2
62625,3
62626,1
62627,7
62628,4
62629,7
62630,3
62631,7
62632,3
62633,6
62634,5
62635,2
62636,7
62637,5
62638,6
62639,5
62640,7
62641,1
62642,5
62643,6
62644,4
62645,5
62646,3
62647,4
62648,5
62649,6
62650,3
62651,5
62652,2
62653,5
62654,3
62655,5
62656,5
62657,4
62658,4
62659,5
62660,3
62661,4
62662,3
62663,7
62664,4
62665,5
62666,4
62667,4
62668,5
62669,6
62670,5
62671,5
62672,3
62673,5
62674,2
62675,4
62676,6
62677,7
62678,5
62679,5
62680,6
62681,5
62682,6
62683,2
62684,6
62685,4
62686,5
62687,3
62688,5
62689,5
62690,4
62691,4
62692,6
62693,4
62694,2
62695,3
62696,7
62697,7
62698,2
62699,7
62700,5
62701,6
62702,3
62703,7
62704,4
62705,7
62706,5
62707,7
62708,7
62709,6
62710,6
62711,6
62712,2
62713,7
62714,5
62715,5
62716,7
62717,5
62718,4
62719,5
62720,5
62721,6
62722,5
62723,5
62724,4
62725,5
62726,5
62727,5
62728,2
62729,3
62730,6
62731,4
62732,4
62733,7
62734,7
62735,7
62736,5
62737,4
62738,5
62739,7
62740,4
62741,4
62742,5
62743,4
62744,4
62745,5
62746,2
62747,6
62748,7
62749,4
62750,3
62751,2
62752,1
62753,5
62754,5
62755,5
62756,5
62757,4
62758,6
62759,6
62760,6
62761,7
62762,5
62763,3
62764,6
62765,4
62766,7
62767,5
62768,6
62769,4
62770,4
62771,4
62772,5
62773,5
62774,3
62775,5
62776,2
62777,7
62778,5
62779,6
62780,3
62781,5
62782,5
62783,7
62784,3
62785,5
62786,3
62787,7
62788,5
62789,5
62790,6
62791,6
62792,6
62793,3
62794,5
62795,5
62796,4
62797,4
62798,2
62799,6
62800,6
62801,5
62802,5
62803,5
62804,7
62805,5
62806,7
62807,3
62808,1
62809,7
62810,4
62811,4
62812,5
62813,3
62814,4
62815,5
62816,5
62817,1
62818,5
62819,7
62820,3
62821,6
62822,4
62823,4
62824,4
62825,3
62826,5
62827,2
62828,6
62829,7
62830,4
62831,3
62832,3
62833,5
62834,6
62835,6
62836,7
62837,6
62838,5
62839,5
62840,5
62841,7
62842,6
62843,6
62844,2
62845,5
62846,6
62847,3
62848,5
62849,5
62850,4
62851,7
62852,4
62853,3
62854,6
62855,5
62856,5
62857,1
62858,4
62859,5
62860,5
62861,5
62862,3
62863,6
62864,6
62865,5
62866,5
62867,2
62868,7
62869,4
62870,4
62871,6
62872,1
62873,5
62874,5
62875,5
62876,3
62877,6
62878,7
62879,6
62880,6
62881,5
62882,4
62883,5
62884,6
62885,4
62886,5
62887,4
62888,6
62889,4
62890,2
62891,5
62892,7
62893,5
62894,6
62895,5
62896,5
62897,5
62898,5
62899,3
62900,6
62901,7
62902,7
62903,7
62904,5
62905,5
62906,6
62907,6
62908,7
62909,5
62910,3
62911,5
62912,4
62913,3
62914,6
62915,4
62916,5
62917,4
62918,3
62919,5
62920,7
62921,7
62922,5
62923,5
62924,3
62925,4
62926,5
62927,6
62928,6
62929,7
62930,7
62931,6
62932,5
62933,6
62934,6
62935,5
62936,5
62937,2
62938,2
62939,7
62940,7
62941,5
62942,5
62943,4
62944,5
62945,6
62946,1
62947,4
62948,5
62949,5
62950,2
62951,3
62952,5
62953,5
62954,3
62955,7
62956,6
62957,6
62958,4
62959,5
62960,5
62961,4
62962,2
62963,4
62964,4
62965,5
62966,5
62967,2
62968,3
62969,4
62970,3
62971,4
62972,6
62973,7
62974,4
62975,3
62976,6
62977,4
62978,4
62979,5
62980,1
62981,7
62982,5
62983,6
62984,5
62985,2
62986,6
62987,5
62988,6
62989,6
62990,5
62991,3
62992,3
62993,6
62994,3
62995,3
62996,7
62997,6
62998,6
62999,6
63000,5
63001,5
63002,6
63003,4
63004,2
63005,3
63006,4
63007,3
63008,3
63009,3
63010,5
63011,4
63012,4
63013,3
63014,4
63015,6
63016,6
63017,7
63018,4
63019,3
63020,4
63021,4
63022,2
63023,5
63024,4
63025,7
63026,4
63027,2
63028,5
63029,5
63030,5
63031,4
63032,6
63033,4
63034,7
63035,4
63036,2
63037,5
63038,3
63039,5
63040,4
63041,3
63042,5
63043,3
63044,5
63045,4
63046,6
63047,5
63048,7
63049,4
63050,5
63051,4
63052,5
63053,5
63054,6
63055,2
63056,7
63057,5
63058,6
63059,4
63060,4
63061,2
63062,5
63063,5
63064,4
63065,5
63066,5
63067,4
63068,2
63069,4
63070,4
63071,5
63072,6
63073,6
63074,3
63075,5
63076,2
63077,5
63078,2
63079,5
63080,5
63081,6
63082,5
63083,3
63084,5
63085,6
63086,6
63087,7
63088,3
63089,1
63090,7
63091,5
63092,3
63093,3
63094,6
63095,6
63096,6
63097,6
63098,1
63099,6
63100,4
63101,3
63102,6
63103,5
63104,6
63105,4
63106,2
63107,2
63108,2
63109,3
63110,5
63111,5
63112,5
63113,5
63114,5
63115,4
63116,2
63117,7
63118,5
63119,5
63120,5
63121,1
63122,5
63123,6
63124,1
63125,5
63126,4
63127,6
63128,5
63129,7
63130,5
63131,4
63132,4
63133,7
63134,2
63135,4
63136,5
63137,2
63138,5
63139,5
63140,5
63141,6
63142,7
63143,4
63144,3
63145,3
63146,4
63147,5
63148,6
63149,5
63150,5
63151,4
63152,5
63153,3
63154,5
63155,4
63156,4
63157,5
63158,7
63159,5
63160,6
63161,6
63162,5
63163,4
63164,3
63165,6
63166,6
63167,4
63168,5
63169,4
63170,5
63171,5
63172,1
63173,5
63174,7
63175,3
63176,5
63177,3
63178,4
63179,6
63180,2
63181,7
63182,7
63183,5
63184,4
63185,4
63186,2
63187,4
63188,5
63189,4
63190,6
63191,5
63192,5
63193,6
63194,5
63195,5
63196,1
63197,2
63198,6
63199,6
63200,5
63201,6
63202,5
63203,2
63204,4
63205,6
63206,5
63207,6
63208,7
63209,3
63210,6
63211,3
63212,3
63213,7
63214,5
63215,3
63216,4
63217,6
63218,4
63219,5
63220,4
63221,7
63222,6
63223,4
63224,4
63225,5
63226,5
63227,5
63228,6
63229,6
63230,6
63231,4
63232,5
63233,4
63234,7
63235,7
63236,4
63237,6
63238,6
63239,4
63240,2
63241,6
63242,2
63243,7
63244,4
63245,4
63246,6
63247,5
63248,4
63249,5
63250,4
63251,5
63252,7
63253,6
63254,3
63255,6
63256,5
63257,6
63258,5
63259,3
63260,3
63261,5
63262,4
63263,5
63264,7
63265,6
63266,7
63267,4
63268,3
63269,6
63270,5
63271,5
63272,4
63273,5
63274,4
63275,4
63276,3
63277,2
63278,5
63279,5
63280,5
63281,5
63282,5
63283,4
63284,3
63285,5
63286,7
63287,2
63288,5
63289,5
63290,6
63291,2
63292,5
63293,6
63294,5
63295,7
63296,4
63297,3
63298,5
63299,5
63300,5
63301,7
63302,1
63303,4
63304,5
63305,6
63306,5
63307,5
63308,4
63309,4
63310,3
63311,4
63312,5
63313,4
63314,5
63315,3
63316,3
63317,5
63318,5
63319,4
63320,4
63321,7
63322,5
63323,6
63324,5
63325,6
63326,5
63327,5
63328,5
63329,5
63330,3
63331,5
63332,4
63333,6
63334,5
63335,5
63336,3
63337,7
63338,1
63339,6
63340,4
63341,5
63342,4
63343,1
63344,7
63345,4
63346,4
63347,5
63348,7
63349,7
63350,5
63351,7
63352,4
63353,5
63354,5
63355,4
63356,5
63357,6
63358,6
63359,5
63360,7
63361,4
63362,3
63363,4
63364,4
63365,4
63366,3
63367,5
63368,5
63369,7
63370,4
63371,4
63372,7
63373,6
63374,5
63375,5
63376,7
63377,6
63378,7
63379,5
63380,6
63381,6
63382,6
63383,4
63384,5
63385,7
63386,3
63387,5
63388,6
63389,7
63390,6
63391,2
63392,5
63393,3
63394,5
63395,7
63396,4
63397,7
63398,2
63399,6
63400,6
63401,4
63402,4
63403,3
63404,6
63405,6
63406,5
63407,2
63408,6
63409,6
63410,7
63411,4
63412,5
63413,2
63414,6
63415,5
63416,5
63417,5
63418,6
63419,7
63420,5
63421,7
63422,6
63423,7
63424,4
63425,5
63426,3
63427,5
63428,5
63429,7
63430,5
63431,5
63432,4
63433,7
63434,4
63435,5
63436,4
63437,7
63438,6
63439,6
63440,3
63441,6
63442,5
63443,5
63444,5
63445,6
63446,4
63447,5
63448,4
63449,6
63450,5
63451,5
63452,4
63453,7
63454,2
63455,4
63456,5
63457,2
63458,6
63459,5
63460,5
63461,5
63462,1
63463,3
63464,4
63465,7
63466,6
63467,3
63468,6
63469,6
63470,7
63471,4
63472,5
63473,6
63474,4
63475,5
63476,6
63477,4
63478,3
63479,4
63480,3
63481,4
63482,4
63483,7
63484,5
63485,6
63486,5
63487,4
63488,3
63489,4
63490,1
63491,4
63492,6
63493,2
63494,6
63495,5
63496,6
63497,5
63498,4
63499,3
63500,4
63501,4
63502,5
63503,4
63504,7
63505,7
63506,5
63507,5
63508,6
63509,3
63510,4
63511,6
63512,7
63513,7
63514,4
63515,5
63516,6
63517,6
63518,5
63519,5
63520,5
63521,6
63522,5
63523,5
63524,3
63525,3
63526,3
63527,5
63528,5
63529,7
63530,4
63531,5
63532,4
63533,7
63534,7
63535,3
63536,7
63537,5
63538,2
63539,4
63540,5
63541,7
63542,4
63543,4
63544,3
63545,5
63546,7
63547,3
63548,6
63549,4
63550,5
63551,4
63552,5
63553,5
63554,4
63555,7
63556,6
63557,5
63558,7
63559,3
63560,5
63561,7
63562,4
63563,6
63564,6
63565,6
63566,5
63567,5
63568,4
63569,5
63570,3
63571,4
63572,7
63573,5
63574,2
63575,5
63576,1
63577,6
63578,7
63579,6
63580,6
63581,6
63582,6
63583,6
63584,4
63585,3
63586,6
63587,6
63588,5
63589,5
63590,4
63591,6
63592,7
63593,7
63594,4
63595,7
63596,7
63597,5
63598,5
63599,4
63600,5
63601,5
63602,6
63603,6
63604,6
63605,3
63606,4
63607,5
63608,5
63609,5
63610,5
63611,3
63612,4
63613,5
63614,6
63615,5
63616,4
63617,6
63618,3
63619,5
63620,5
63621,7
63622,2
63623,5
63624,5
63625,7
63626,4
63627,7
63628,5
63629,4
63630,7
63631,5
63632,6
63633,4
63634,7
63635,6
63636,7
63637,6
63638,5
63639,5
63640,3
63641,6
63642,7
63643,5
63644,4
63645,6
63646,1
63647,5
63648,7
63649,4
63650,6
63651,7
63652,6
63653,6
63654,4
63655,7
63656,3
63657,5
63658,5
63659,6
63660,7
63661,5
63662,5
63663,6
63664,5
63665,4
63666,5
63667,5
63668,5
63669,5
63670,4
63671,5
63672,1
63673,7
63674,1
63675,4
63676,7
63677,6
63678,2
63679,5
63680,6
63681,4
63682,4
63683,6
63684,3
63685,5
63686,5
63687,6
63688,7
63689,4
63690,4
63691,5
63692,4
63693,7
63694,6
63695,5
63696,6
63697,7
63698,4
63699,6
63700,5
63701,6
63702,5
63703,2
63704,4
63705,5
63706,4
63707,4
63708,5
63709,1
63710,2
63711,5
63712,2
63713,6
63714,5
63715,3
63716,5
63717,6
63718,5
63719,5
63720,6
63721,6
63722,5
63723,4
63724,6
63725,4
63726,5
63727,7
63728,4
63729,5
63730,5
63731,7
63732,1
63733,2
63734,7
63735,7
63736,5
63737,3
63738,7
63739,4
63740,5
63741,5
63742,4
63743,5
63744,6
63745,5
63746,3
63747,3
63748,1
63749,3
63750,6
63751,5
63752,6
63753,4
63754,7
63755,2
63756,5
63757,6
63758,6
63759,6
63760,4
63761,3
63762,7
63763,6
63764,5
63765,3
63766,3
63767,7
63768,5
63769,5
63770,5
63771,4
63772,5
63773,6
63774,4
63775,4
63776,2
63777,5
63778,3
63779,6
63780,3
63781,5
63782,7
63783,5
63784,5
63785,4
63786,4
63787,3
63788,4
63789,6
63790,1
63791,5
63792,7
63793,4
63794,5
63795,5
63796,3
63797,5
63798,5
63799,2
63800,3
63801,4
63802,4
63803,7
63804,5
63805,5
63806,4
63807,4
63808,6
63809,6
63810,5
63811,2
63812,5
63813,7
63814,6
63815,7
63816,5
63817,7
63818,5
63819,5
63820,6
63821,5
63822,6
63823,4
63824,4
63825,5
63826,6
63827,5
63828,3
63829,6
63830,6
63831,6
63832,5
63833,7
63834,5
63835,4
63836,7
63837,7
63838,5
63839,5
63840,4
63841,5
63842,4
63843,5
63844,6
63845,1
63846,5
63847,5
63848,7
63849,1
63850,6
63851,5
63852,6
63853,3
63854,4
63855,5
63856,3
63857,4
63858,5
63859,4
63860,6
63861,5
63862,5
63863,5
63864,5
63865,2
63866,4
63867,5
63868,3
63869,5
63870,4
63871,2
63872,5
63873,6
63874,6
63875,7
63876,5
63877,7
63878,4
63879,5
63880,3
63881,2
63882,5
63883,1
63884,2
63885,6
63886,7
63887,4
63888,5
63889,5
63890,5
63891,4
63892,5
63893,6
63894,6
63895,5
63896,7
63897,2
63898,5
63899,5
63900,2
63901,4
63902,3
63903,7
63904,4
63905,5
63906,5
63907,6
63908,4
63909,6
63910,3
63911,5
63912,4
63913,2
63914,7
63915,7
63916,5
63917,7
63918,4
63919,5
63920,5
63921,5
63922,5
63923,2
63924,4
63925,5
63926,4
63927,3
63928,3
63929,5
63930,6
63931,6
63932,2
63933,3
63934,4
63935,3
63936,5
63937,6
63938,7
63939,7
63940,3
63941,3
63942,7
63943,6
63944,5
63945,3
63946,2
63947,3
63948,6
63949,3
63950,6
63951,7
63952,6
63953,4
63954,5
63955,7
63956,6
63957,6
63958,7
63959,7
63960,5
63961,5
63962,3
63963,4
63964,6
63965,5
63966,6
63967,5
63968,6
63969,5
63970,3
63971,4
63972,4
63973,4
63974,4
63975,5
63976,4
63977,7
63978,5
63979,3
63980,4
63981,4
63982,3
63983,2
63984,6
63985,6
63986,6
63987,3
63988,6
63989,4
63990,7
63991,4
63992,6
63993,5
63994,6
63995,3
63996,7
63997,4
63998,4
63999,4
64000,6
64001,5
64002,5
64003,4
64004,5
64005,5
64006,1
64007,5
64008,5
64009,7
64010,7
64011,5
64012,7
64013,5
64014,5
64015,3
64016,7
64017,6
64018,6
64019,5
64020,5
64021,4
64022,5
64023,1
64024,5
64025,5
64026,4
64027,5
64028,7
64029,7
64030,4
64031,5
64032,5
64033,4
64034,5
64035,7
64036,5
64037,3
64038,7
64039,5
64040,4
64041,1
64042,4
64043,3
64044,6
64045,6
64046,4
64047,3
64048,6
64049,5
64050,5
64051,6
64052,5
64053,7
64054,7
64055,5
64056,5
64057,4
64058,6
64059,6
64060,6
64061,5
64062,4
64063,6
64064,5
64065,5
64066,3
64067,5
64068,5
64069,1
64070,4
64071,3
64072,6
64073,5
64074,4
64075,2
64076,7
64077,1
64078,4
64079,1
64080,5
64081,7
64082,5
64083,7
64084,6
64085,5
64086,5
64087,4
64088,5
64089,5
64090,6
64091,3
64092,3
64093,6
64094,5
64095,4
64096,5
64097,6
64098,6
64099,5
64100,4
64101,6
64102,6
64103,5
64104,6
64105,6
64106,5
64107,3
64108,5
64109,4
64110,4
64111,6
64112,5
64113,7
64114,5
64115,3
64116,5
64117,3
64118,4
64119,5
64120,5
64121,5
64122,3
64123,5
64124,3
64125,5
64126,2
64127,3
64128,5
64129,5
64130,7
64131,4
64132,5
64133,7
64134,1
64135,4
64136,4
64137,5
64138,4
64139,3
64140,4
64141,6
64142,5
64143,7
64144,4
64145,4
64146,7
64147,3
64148,6
64149,7
64150,6
64151,6
64152,4
64153,6
64154,4
64155,1
64156,5
64157,5
64158,5
64159,2
64160,5
64161,1
64162,1
64163,4
64164,5
64165,3
64166,7
64167,4
64168,6
64169,2
64170,4
64171,4
64172,4
64173,5
64174,4
64175,6
64176,5
64177,5
64178,2
64179,2
64180,4
64181,4
64182,6
64183,7
64184,7
64185,4
64186,5
64187,2
64188,4
64189,4
64190,4
64191,5
64192,6
64193,6
64194,3
64195,5
64196,7
64197,6
64198,4
64199,5
64200,6
64201,5
64202,3
64203,4
64204,4
64205,5
64206,5
64207,6
64208,7
64209,5
64210,6
64211,6
64212,3
64213,4
64214,5
64215,7
64216,4
64217,6
64218,3
64219,5
64220,5
64221,7
64222,6
64223,6
64224,5
64225,6
64226,1
64227,3
64228,7
64229,4
64230,6
64231,5
64232,5
64233,7
64234,5
64235,4
64236,5
64237,5
64238,7
64239,5
64240,7
64241,6
64242,3
64243,7
64244,7
64245,7
64246,4
64247,7
64248,4
64249,7
64250,6
64251,6
64252,4
64253,6
64254,5
64255,5
64256,5
64257,6
64258,4
64259,7
64260,7
64261,7
64262,7
64263,6
64264,5
64265,4
64266,4
64267,4
64268,5
64269,3
64270,4
64271,5
64272,4
64273,6
64274,5
64275,4
64276,5
64277,4
64278,6
64279,4
64280,5
64281,5
64282,5
64283,2
64284,1
64285,5
64286,3
64287,3
64288,3
64289,5
64290,5
64291,5
64292,7
64293,7
64294,6
64295,6
64296,3
64297,6
64298,6
64299,3
64300,5
64301,5
64302,5
64303,2
64304,5
64305,6
64306,7
64307,2
64308,6
64309,7
64310,6
64311,5
64312,7
64313,6
64314,3
64315,7
64316,3
64317,3
64318,5
64319,4
64320,7
64321,3
64322,5
64323,3
64324,5
64325,6
64326,4
64327,5
64328,4
64329,5
64330,6
64331,7
64332,4
64333,5
64334,7
64335,4
64336,4
64337,5
64338,6
64339,3
64340,4
64341,3
64342,6
64343,6
64344,6
64345,4
64346,6
64347,5
64348,5
64349,5
64350,5
64351,3
64352,3
64353,6
64354,5
64355,5
64356,5
64357,5
64358,5
64359,2
64360,3
64361,4
64362,4
64363,5
64364,3
64365,5
64366,5
64367,5
64368,6
64369,5
64370,4
64371,5
64372,5
64373,7
64374,7
64375,5
64376,6
64377,5
64378,2
64379,5
64380,2
64381,7
64382,4
64383,4
64384,5
64385,6
64386,5
64387,5
64388,5
64389,5
64390,7
64391,5
64392,7
64393,5
64394,4
64395,2
64396,5
64397,6
64398,5
64399,5
64400,5
64401,5
64402,5
64403,6
64404,5
64405,2
64406,4
64407,6
64408,6
64409,7
64410,5
64411,7
64412,4
64413,7
64414,7
64415,2
64416,5
64417,7
64418,5
64419,5
64420,6
64421,4
64422,5
64423,4
64424,5
64425,4
64426,5
64427,4
64428,4
64429,4
64430,5
64431,3
64432,4
64433,3
64434,6
64435,6
64436,5
64437,4
64438,7
64439,5
64440,5
64441,7
64442,4
64443,6
64444,6
64445,6
64446,7
64447,6
64448,7
64449,5
64450,5
64451,4
64452,6
64453,7
64454,5
64455,3
64456,6
64457,7
64458,5
64459,6
64460,7
64461,7
64462,5
64463,4
64464,4
64465,5
64466,6
64467,6
64468,6
64469,4
64470,5
64471,1
64472,4
64473,4
64474,7
64475,5
64476,7
64477,4
64478,5
64479,4
64480,7
64481,4
64482,7
64483,5
64484,3
64485,5
64486,7
64487,7
64488,5
64489,7
64490,5
64491,4
64492,5
64493,5
64494,4
64495,5
64496,7
64497,3
64498,4
64499,3
64500,4
64501,7
64502,5
64503,7
64504,4
64505,4
64506,6
64507,5
64508,4
64509,6
64510,5
64511,5
64512,5
64513,1
64514,4
64515,6
64516,5
64517,6
64518,3
64519,6
64520,5
64521,4
64522,6
64523,4
64524,7
64525,7
64526,3
64527,4
64528,3
64529,6
64530,5
64531,4
64532,2
64533,4
64534,3
64535,4
64536,4
64537,1
64538,5
64539,4
64540,3
64541,5
64542,4
64543,4
64544,5
64545,4
64546,3
64547,6
64548,6
64549,5
64550,4
64551,6
64552,7
64553,2
64554,3
64555,7
64556,6
64557,5
64558,5
64559,1
64560,4
64561,6
64562,4
64563,6
64564,5
64565,5
64566,1
64567,5
64568,6
64569,6
64570,5
64571,5
64572,5
64573,4
64574,2
64575,7
64576,6
64577,5
64578,4
64579,5
64580,2
64581,4
64582,6
64583,6
64584,3
64585,1
64586,6
64587,5
64588,3
64589,5
64590,3
64591,6
64592,4
64593,6
64594,7
64595,2
64596,5
64597,7
64598,6
64599,5
64600,5
64601,4
64602,4
64603,5
64604,5
64605,5
64606,5
64607,4
64608,4
64609,4
64610,4
64611,5
64612,4
64613,4
64614,5
64615,6
64616,5
64617,5
64618,6
64619,4
64620,5
64621,6
64622,7
64623,4
64624,6
64625,4
64626,5
64627,3
64628,4
64629,5
64630,2
64631,5
64632,6
64633,5
64634,5
64635,6
64636,1
64637,6
64638,3
64639,4
64640,3
64641,5
64642,7
64643,5
64644,5
64645,4
64646,5
64647,5
64648,5
64649,4
64650,4
64651,5
64652,5
64653,1
64654,5
64655,7
64656,5
64657,7
64658,4
64659,6
64660,4
64661,3
64662,2
64663,2
64664,4
64665,4
64666,5
64667,2
64668,5
64669,4
64670,7
64671,6
64672,7
64673,5
64674,5
64675,6
64676,4
64677,6
64678,5
64679,4
64680,4
64681,6
64682,5
64683,5
64684,6
64685,3
64686,4
64687,4
64688,5
64689,6
64690,7
64691,4
64692,4
64693,7
64694,3
64695,3
64696,5
64697,5
64698,5
64699,5
64700,6
64701,4
64702,3
64703,5
64704,6
64705,6
64706,4
64707,6
64708,7
64709,6
64710,3
64711,5
64712,5
64713,5
64714,6
64715,4
64716,5
64717,6
64718,6
64719,4
64720,7
64721,5
64722,1
64723,2
64724,4
64725,2
64726,4
64727,5
64728,3
64729,5
64730,6
64731,7
64732,7
64733,3
64734,2
64735,5
64736,5
64737,4
64738,4
64739,6
64740,6
64741,4
64742,7
64743,6
64744,3
64745,4
64746,7
64747,4
64748,6
64749,7
64750,5
64751,3
64752,4
64753,4
64754,6
64755,7
64756,5
64757,5
64758,3
64759,4
64760,5
64761,5
64762,4
64763,5
64764,5
64765,4
64766,5
64767,6
64768,5
64769,3
64770,6
64771,7
64772,2
64773,5
64774,6
64775,7
64776,6
64777,7
64778,7
64779,3
64780,6
64781,6
64782,4
64783,5
64784,4
64785,5
64786,4
64787,5
64788,5
64789,5
64790,4
64791,6
64792,5
64793,4
64794,7
64795,5
64796,5
64797,3
64798,4
64799,7
64800,5
64801,5
64802,3
64803,6
64804,4
64805,5
64806,7
64807,5
64808,3
64809,7
64810,5
64811,4
64812,3
64813,7
64814,7
64815,5
64816,1
64817,4
64818,5
64819,5
64820,6
64821,5
64822,5
64823,5
64824,7
64825,6
64826,5
64827,5
64828,3
64829,6
64830,3
64831,4
64832,3
64833,5
64834,3
64835,5
64836,7
64837,4
64838,3
64839,4
64840,6
64841,6
64842,7
64843,7
64844,3
64845,5
64846,5
64847,5
64848,3
64849,5
64850,3
64851,5
64852,4
64853,7
64854,5
64855,6
64856,5
64857,6
64858,6
64859,5
64860,5
64861,5
64862,5
64863,2
64864,7
64865,6
64866,5
64867,1
64868,3
64869,4
64870,4
64871,2
64872,5
64873,6
64874,4
64875,4
64876,2
64877,7
64878,3
64879,5
64880,2
64881,3
64882,5
64883,4
64884,3
64885,7
64886,6
64887,2
64888,4
64889,6
64890,4
64891,1
64892,4
64893,1
64894,4
64895,2
64896,5
64897,4
64898,7
64899,7
64900,6
64901,6
64902,4
64903,5
64904,5
64905,6
64906,6
64907,7
64908,6
64909,7
64910,2
64911,4
64912,7
64913,7
64914,7
64915,5
64916,3
64917,5
64918,4
64919,1
64920,6
64921,6
64922,3
64923,1
64924,5
64925,6
64926,3
64927,6
64928,3
64929,5
64930,3
64931,5
64932,5
64933,6
64934,5
64935,4
64936,2
64937,5
64938,3
64939,6
64940,6
64941,7
64942,6
64943,1
64944,5
64945,6
64946,5
64947,5
64948,4
64949,7
64950,6
64951,5
64952,1
64953,5
64954,7
64955,6
64956,7
64957,6
64958,4
64959,5
64960,5
64961,4
64962,3
64963,5
64964,7
64965,4
64966,5
64967,4
64968,6
64969,7
64970,5
64971,7
64972,5
64973,3
64974,7
64975,5
64976,5
64977,6
64978,5
64979,5
64980,3
64981,6
64982,6
64983,6
64984,4
64985,5
64986,4
64987,5
64988,5
64989,5
64990,5
64991,3
64992,5
64993,2
64994,5
64995,5
64996,3
64997,6
64998,7
64999,5
65000,6
65001,6
65002,5
65003,7
65004,5
65005,6
65006,5
65007,5
65008,5
65009,5
65010,3
65011,6
65012,6
65013,2
65014,3
65015,6
65016,4
65017,5
65018,7
65019,5
65020,4
65021,7
65022,4
65023,5
65024,6
65025,5
65026,5
65027,5
65028,4
65029,7
65030,6
65031,5
65032,6
65033,5
65034,2
65035,6
65036,5
65037,5
65038,4
65039,6
65040,6
65041,5
65042,7
65043,6
65044,2
65045,5
65046,6
65047,6
65048,6
65049,3
65050,4
65051,5
65052,5
65053,3
65054,5
65055,6
65056,5
65057,4
65058,5
65059,7
65060,2
65061,5
65062,5
65063,3
65064,5
65065,5
65066,4
65067,1
65068,6
65069,4
65070,6
65071,2
65072,2
65073,7
65074,2
65075,3
65076,5
65077,6
65078,6
65079,3
65080,5
65081,4
65082,5
65083,7
65084,6
65085,4
65086,6
65087,7
65088,3
65089,6
65090,4
65091,4
65092,3
65093,6
65094,3
65095,5
65096,7
65097,7
65098,2
65099,5
65100,3
65101,6
65102,5
65103,6
65104,5
65105,5
65106,3
65107,7
65108,3
65109,6
65110,4
65111,3
65112,6
65113,4
65114,5
65115,5
65116,5
65117,3
65118,4
65119,5
65120,2
65121,7
65122,3
65123,5
65124,6
65125,6
65126,5
65127,6
65128,7
65129,5
65130,4
65131,6
65132,7
65133,6
65134,5
65135,7
65136,4
65137,3
65138,4
65139,4
65140,5
65141,4
65142,4
65143,1
65144,6
65145,4
65146,7
65147,2
65148,5
65149,3
65150,7
65151,4
65152,2
65153,5
65154,5
65155,7
65156,3
65157,3
65158,5
65159,5
65160,7
65161,3
65162,5
65163,4
65164,6
65165,5
65166,6
65167,3
65168,2
65169,6
65170,6
65171,6
65172,7
65173,3
65174,6
65175,7
65176,5
65177,5
65178,4
65179,6
65180,7
65181,3
65182,1
65183,5
65184,5
65185,5
65186,4
65187,3
65188,6
65189,6
65190,5
65191,7
65192,5
65193,5
65194,6
65195,3
65196,5
65197,7
65198,3
65199,4
65200,6
65201,5
65202,3
65203,6
65204,6
65205,5
65206,7
65207,7
65208,5
65209,3
65210,5
65211,4
65212,4
65213,5
65214,5
65215,5
65216,5
65217,4
65218,5
65219,6
65220,4
65221,6
65222,7
65223,5
65224,3
65225,5
65226,7
65227,5
65228,6
65229,6
65230,6
65231,5
65232,5
65233,3
65234,6
65235,4
65236,4
65237,4
65238,3
65239,3
65240,5
65241,5
65242,3
65243,3
65244,5
65245,6
65246,6
65247,6
65248,5
65249,5
65250,5
65251,4
65252,5
65253,6
65254,5
65255,7
65256,5
65257,2
65258,6
65259,3
65260,4
65261,5
65262,2
65263,4
65264,5
65265,4
65266,4
65267,6
65268,4
65269,5
65270,7
65271,2
65272,6
65273,5
65274,5
65275,4
65276,5
65277,4
65278,5
65279,5
65280,6
65281,4
65282,2
65283,5
65284,5
65285,2
65286,4
65287,5
65288,5
65289,3
65290,7
65291,5
65292,7
65293,6
65294,6
65295,3
65296,4
65297,4
65298,6
65299,1
65300,2
65301,4
65302,4
65303,5
65304,6
65305,3
65306,6
65307,6
65308,6
65309,3
65310,2
65311,3
65312,2
65313,6
65314,6
65315,5
65316,4
65317,6
65318,4
65319,6
65320,1
65321,5
65322,5
65323,6
65324,5
65325,2
65326,5
65327,3
65328,5
65329,5
65330,4
65331,6
65332,5
65333,5
65334,6
65335,7
65336,5
65337,4
65338,5
65339,4
65340,6
65341,6
65342,5
65343,2
65344,1
65345,3
65346,6
65347,6
65348,5
65349,4
65350,6
65351,5
65352,6
65353,7
65354,3
65355,6
65356,6
65357,7
65358,6
65359,4
65360,6
65361,4
65362,3
65363,5
65364,5
65365,4
65366,6
65367,6
65368,7
65369,5
65370,6
65371,4
65372,7
65373,4
65374,6
65375,6
65376,7
65377,6
65378,4
65379,5
65380,6
65381,5
65382,5
65383,5
65384,6
65385,5
65386,3
65387,7
65388,7
65389,4
65390,3
65391,3
65392,6
65393,5
65394,3
65395,4
65396,5
65397,7
65398,4
65399,5
65400,5
65401,5
65402,6
65403,4
65404,7
65405,3
65406,5
65407,4
65408,3
65409,5
65410,5
65411,4
65412,5
65413,5
65414,1
65415,4
65416,3
65417,6
65418,4
65419,5
65420,5
65421,5
65422,5
65423,4
65424,5
65425,5
65426,4
65427,5
65428,5
65429,4
65430,5
65431,5
65432,3
65433,7
65434,2
65435,5
65436,5
65437,7
65438,3
65439,4
65440,5
65441,6
65442,1
65443,5
65444,6
65445,6
65446,6
65447,5
65448,5
65449,5
65450,7
65451,4
65452,6
65453,6
65454,6
65455,5
65456,6
65457,4
65458,4
65459,6
65460,6
65461,5
65462,3
65463,4
65464,5
65465,4
65466,6
65467,6
65468,4
65469,1
65470,4
65471,6
65472,6
65473,5
65474,6
65475,3
65476,5
65477,5
65478,5
65479,4
65480,5
65481,6
65482,4
65483,6
65484,1
65485,5
65486,6
65487,5
65488,6
65489,4
65490,6
65491,6
65492,5
65493,5
65494,6
65495,7
65496,7
65497,5
65498,4
65499,5
65500,5
65501,5
65502,3
65503,6
65504,6
65505,5
65506,5
65507,7
65508,4
65509,7
65510,7
65511,4
65512,6
65513,6
65514,5
65515,6
65516,5
65517,5
65518,7
65519,6
65520,4
65521,6
65522,7
65523,7
65524,5
65525,6
65526,6
65527,6
65528,3
65529,6
65530,3
65531,5
65532,3
65533,6
65534,5
65535,4
65536,5
65537,4
65538,3
65539,4
65540,5
65541,5
65542,4
65543,4
65544,7
65545,5
65546,4
65547,4
65548,4
65549,4
65550,7
65551,7
65552,4
65553,5
65554,6
65555,5
65556,7
65557,5
65558,3
65559,4
65560,4
65561,4
65562,4
65563,4
65564,7
65565,6
65566,4
65567,5
65568,5
65569,5
65570,5
65571,7
65572,6
65573,5
65574,3
65575,4
65576,5
65577,4
65578,4
65579,4
65580,2
65581,4
65582,6
65583,5
65584,5
65585,6
65586,2
65587,5
65588,3
65589,6
65590,5
65591,6
65592,5
65593,5
65594,5
65595,5
65596,4
65597,2
65598,5
65599,3
65600,7
65601,7
65602,4
65603,5
65604,1
65605,5
65606,5
65607,3
65608,7
65609,6
65610,4
65611,6
65612,3
65613,5
65614,4
65615,4
65616,5
65617,6
65618,3
65619,3
65620,4
65621,3
65622,5
65623,6
65624,1
65625,6
65626,7
65627,1
65628,7
65629,4
65630,3
65631,4
65632,5
65633,5
65634,3
65635,5
65636,5
65637,4
65638,6
65639,3
65640,5
65641,7
65642,4
65643,5
65644,7
65645,4
65646,4
65647,6
65648,4
65649,3
65650,5
65651,6
65652,7
65653,5
65654,3
65655,3
65656,2
65657,6
65658,5
65659,4
65660,6
65661,6
65662,5
65663,4
65664,4
65665,4
65666,5
65667,6
65668,2
65669,5
65670,5
65671,6
65672,6
65673,6
65674,4
65675,4
65676,5
65677,3
65678,6
65679,4
65680,3
65681,5
65682,7
65683,5
65684,6
65685,5
65686,5
65687,5
65688,3
65689,5
65690,5
65691,6
65692,5
65693,4
65694,4
65695,3
65696,5
65697,4
65698,7
65699,6
65700,5
65701,3
65702,5
65703,4
65704,7
65705,4
65706,4
65707,4
65708,5
65709,7
65710,3
65711,4
65712,6
65713,3
65714,4
65715,7
65716,5
65717,2
65718,5
65719,6
65720,5
65721,3
65722,4
65723,7
65724,4
65725,4
65726,7
65727,6
65728,4
65729,5
65730,6
65731,4
65732,5
65733,5
65734,5
65735,6
65736,3
65737,6
65738,3
65739,4
65740,4
65741,7
65742,7
65743,4
65744,6
65745,5
65746,5
65747,7
65748,6
65749,6
65750,5
65751,2
65752,3
65753,6
65754,4
65755,5
65756,4
65757,5
65758,4
65759,5
65760,7
65761,4
65762,6
65763,5
65764,4
65765,3
65766,5
65767,7
65768,7
65769,7
65770,4
65771,3
65772,6
65773,6
65774,4
65775,5
65776,2
65777,5
65778,2
65779,4
65780,5
65781,5
65782,3
65783,5
65784,3
65785,6
65786,6
65787,6
65788,6
65789,6
65790,7
65791,3
65792,7
65793,5
65794,5
65795,5
65796,4
65797,3
65798,7
65799,7
65800,5
65801,3
65802,5
65803,4
65804,5
65805,7
65806,3
65807,7
65808,1
65809,5
65810,6
65811,1
65812,5
65813,5
65814,6
65815,6
65816,5
65817,6
65818,6
65819,5
65820,6
65821,4
65822,3
65823,5
65824,7
65825,4
65826,4
65827,2
65828,5
65829,4
65830,4
65831,7
65832,5
65833,7
65834,4
65835,6
65836,4
65837,5
65838,4
65839,1
65840,6
65841,5
65842,6
65843,5
65844,3
65845,4
65846,5
65847,4
65848,7
65849,2
65850,5
65851,5
65852,4
65853,6
65854,7
65855,5
65856,4
65857,4
65858,2
65859,4
65860,4
65861,5
65862,7
65863,5
65864,3
65865,2
65866,5
65867,5
65868,6
65869,4
65870,5
65871,7
65872,3
65873,4
65874,6
65875,1
65876,5
65877,5
65878,6
65879,6
65880,7
65881,5
65882,6
65883,3
65884,4
65885,6
65886,5
65887,3
65888,6
65889,4
65890,7
65891,6
65892,5
65893,4
65894,5
65895,6
65896,5
65897,4
65898,7
65899,6
65900,4
65901,2
65902,2
65903,5
65904,5
65905,5
65906,5
65907,4
65908,2
65909,4
65910,3
65911,5
65912,5
65913,7
65914,4
65915,5
65916,6
65917,6
65918,5
65919,3
65920,3
65921,6
65922,3
65923,2
65924,6
65925,7
65926,6
65927,6
65928,5
65929,5
65930,4
65931,5
65932,4
65933,6
65934,5
65935,3
65936,7
65937,6
65938,4
65939,7
65940,4
65941,6
65942,5
65943,6
65944,6
65945,3
65946,4
65947,4
65948,3
65949,5
65950,4
65951,3
65952,7
65953,6
65954,4
65955,4
65956,5
65957,5
65958,7
65959,5
65960,3
65961,4
65962,3
65963,2
65964,6
65965,5
65966,5
65967,6
65968,4
65969,6
65970,3
65971,5
65972,4
65973,5
65974,6
65975,7
65976,2
65977,3
65978,4
65979,6
65980,5
65981,5
65982,3
65983,5
65984,6
65985,4
65986,2
65987,6
65988,7
65989,7
65990,3
65991,4
65992,6
65993,5
65994,5
65995,2
65996,5
65997,6
65998,3
65999,4
66000,6
66001,3
66002,5
66003,7
66004,3
66005,5
66006,7
66007,7
66008,7
66009,3
66010,7
66011,5
66012,5
66013,6
66014,5
66015,5
66016,3
66017,4
66018,3
66019,6
66020,3
66021,6
66022,4
66023,3
66024,7
66025,3
66026,5
66027,5
66028,3
66029,4
66030,6
66031,5
66032,7
66033,5
66034,5
66035,4
66036,2
66037,7
66038,4
66039,6
66040,5
66041,6
66042,2
66043,2
66044,5
66045,6
66046,6
66047,4
66048,7
66049,4
66050,5
66051,5
66052,7
66053,5
66054,5
66055,6
66056,6
66057,5
66058,7
66059,4
66060,4
66061,6
66062,6
66063,7
66064,5
66065,5
66066,7
66067,6
66068,6
66069,4
66070,3
66071,7
66072,6
66073,4
66074,5
66075,6
66076,5
66077,6
66078,4
66079,6
66080,6
66081,5
66082,7
66083,4
66084,5
66085,5
66086,6
66087,5
66088,7
66089,5
66090,7
66091,6
66092,4
66093,1
66094,6
66095,6
66096,4
66097,5
66098,3
66099,4
66100,4
66101,5
66102,4
66103,6
66104,6
66105,4
66106,5
66107,7
66108,5
66109,7
66110,7
66111,7
66112,6
66113,4
66114,5
66115,3
66116,6
66117,5
66118,6
66119,6
66120,4
66121,3
66122,6
66123,6
66124,3
66125,3
66126,7
66127,3
66128,2
66129,2
66130,4
66131,4
66132,1
66133,6
66134,5
66135,5
66136,7
66137,6
66138,6
66139,6
66140,4
66141,7
66142,4
66143,6
66144,2
66145,4
66146,2
66147,6
66148,3
66149,4
66150,4
66151,3
66152,7
66153,4
66154,2
66155,6
66156,2
66157,7
66158,3
66159,6
66160,5
66161,5
66162,3
66163,4
66164,7
66165,6
66166,5
66167,3
66168,3
66169,5
66170,5
66171,4
66172,5
66173,6
66174,4
66175,7
66176,5
66177,3
66178,5
66179,4
66180,4
66181,7
66182,3
66183,5
66184,4
66185,5
66186,4
66187,5
66188,5
66189,4
66190,4
66191,3
66192,4
66193,7
66194,3
66195,5
66196,3
66197,4
66198,4
66199,3
66200,4
66201,6
66202,2
66203,7
66204,4
66205,6
66206,5
66207,7
66208,4
66209,5
66210,6
66211,6
66212,2
66213,5
66214,3
66215,5
66216,4
66217,6
66218,5
66219,3
66220,5
66221,5
66222,4
66223,5
66224,5
66225,5
66226,5
66227,3
66228,6
66229,4
66230,5
66231,7
66232,2
66233,2
66234,6
66235,6
66236,5
66237,4
66238,4
66239,5
66240,7
66241,7
66242,4
66243,5
66244,6
66245,6
66246,5
66247,7
66248,1
66249,4
66250,7
66251,6
66252,5
66253,5
66254,4
66255,4
66256,4
66257,6
66258,3
66259,5
66260,4
66261,7
66262,4
66263,4
66264,7
66265,6
66266,5
66267,4
66268,7
66269,4
66270,5
66271,5
66272,7
66273,7
66274,5
66275,5
66276,3
66277,6
66278,3
66279,5
66280,3
66281,4
66282,5
66283,3
66284,6
66285,5
66286,6
66287,3
66288,5
66289,3
66290,3
66291,7
66292,7
66293,2
66294,5
66295,6
66296,4
66297,4
66298,5
66299,3
66300,5
66301,6
66302,3
66303,4
66304,4
66305,6
66306,5
66307,7
66308,7
66309,5
66310,6
66311,2
66312,4
66313,5
66314,2
66315,1
66316,6
66317,5
66318,6
66319,5
66320,6
66321,5
66322,6
66323,5
66324,6
66325,4
66326,6
66327,5
66328,6
66329,4
66330,7
66331,4
66332,5
66333,5
66334,3
66335,5
66336,6
66337,4
66338,6
66339,4
66340,7
66341,5
66342,3
66343,5
66344,7
66345,4
66346,5
66347,4
66348,4
66349,7
66350,3
66351,7
66352,6
66353,4
66354,5
66355,6
66356,4
66357,6
66358,6
66359,5
66360,5
66361,5
66362,6
66363,5
66364,3
66365,5
66366,5
66367,4
66368,4
66369,5
66370,5
66371,5
66372,6
66373,5
66374,7
66375,4
66376,7
66377,3
66378,4
66379,5
66380,5
66381,7
66382,4
66383,4
66384,5
66385,5
66386,4
66387,7
66388,4
66389,5
66390,5
66391,3
66392,7
66393,6
66394,4
66395,5
66396,7
66397,1
66398,5
66399,3
66400,5
66401,4
66402,6
66403,6
66404,4
66405,5
66406,6
66407,5
66408,5
66409,5
66410,5
66411,5
66412,2
66413,5
66414,5
66415,3
66416,6
66417,5
66418,7
66419,3
66420,4
66421,5
66422,4
66423,4
66424,7
66425,5
66426,5
66427,5
66428,5
66429,3
66430,7
66431,6
66432,4
66433,4
66434,5
66435,5
66436,5
66437,7
66438,4
66439,6
66440,6
66441,4
66442,6
66443,6
66444,3
66445,1
66446,5
66447,5
66448,4
66449,5
66450,5
66451,7
66452,4
66453,4
66454,6
66455,4
66456,6
66457,5
66458,6
66459,6
66460,7
66461,7
66462,5
66463,2
66464,1
66465,5
66466,7
66467,6
66468,7
66469,5
66470,3
66471,3
66472,4
66473,7
66474,7
66475,6
66476,7
66477,2
66478,5
66479,5
66480,4
66481,5
66482,7
66483,6
66484,6
66485,5
66486,7
66487,4
66488,5
66489,4
66490,6
66491,4
66492,4
66493,4
66494,6
66495,5
66496,4
66497,6
66498,5
66499,5
66500,6
66501,6
66502,5
66503,5
66504,5
66505,4
66506,7
66507,5
66508,5
66509,7
66510,2
66511,2
66512,5
66513,6
66514,5
66515,5
66516,6
66517,7
66518,5
66519,7
66520,5
66521,4
66522,2
66523,7
66524,6
66525,6
66526,4
66527,1
66528,6
66529,5
66530,5
66531,7
66532,4
66533,5
66534,4
66535,6
66536,2
66537,5
66538,3
66539,5
66540,3
66541,7
66542,1
66543,5
66544,4
66545,6
66546,3
66547,4
66548,4
66549,5
66550,6
66551,5
66552,4
66553,5
66554,5
66555,7
66556,6
66557,6
66558,5
66559,6
66560,5
66561,6
66562,3
66563,7
66564,6
66565,7
66566,5
66567,5
66568,5
66569,6
66570,4
66571,5
66572,5
66573,4
66574,5
66575,4
66576,7
66577,5
66578,5
66579,4
66580,6
66581,7
66582,6
66583,5
66584,7
66585,5
66586,6
66587,4
66588,4
66589,5
66590,6
66591,2
66592,6
66593,3
66594,5
66595,6
66596,5
66597,6
66598,3
66599,6
66600,4
66601,4
66602,5
66603,7
66604,5
66605,5
66606,6
66607,6
66608,1
66609,6
66610,5
66611,7
66612,7
66613,4
66614,6
66615,7
66616,2
66617,5
66618,7
66619,4
66620,6
66621,3
66622,5
66623,7
66624,7
66625,6
66626,4
66627,5
66628,5
66629,6
66630,6
66631,7
66632,4
66633,5
66634,4
66635,1
66636,4
66637,5
66638,3
66639,6
66640,4
66641,4
66642,6
66643,5
66644,6
66645,7
66646,7
66647,7
66648,5
66649,5
66650,6
66651,1
66652,5
66653,5
66654,4
66655,7
66656,5
66657,5
66658,3
66659,3
66660,7
66661,4
66662,5
66663,5
66664,5
66665,5
66666,5
66667,3
66668,5
66669,4
66670,7
66671,6
66672,6
66673,3
66674,4
66675,5
66676,7
66677,6
66678,7
66679,4
66680,5
66681,5
66682,6
66683,7
66684,3
66685,4
66686,7
66687,4
66688,7
66689,5
66690,6
66691,5
66692,1
66693,3
66694,2
66695,4
66696,5
66697,5
66698,6
66699,7
66700,6
66701,3
66702,5
66703,5
66704,2
66705,5
66706,5
66707,4
66708,6
66709,5
66710,4
66711,5
66712,5
66713,5
66714,6
66715,7
66716,5
66717,3
66718,6
66719,3
66720,5
66721,4
66722,2
66723,5
66724,7
66725,5
66726,4
66727,4
66728,3
66729,6
66730,5
66731,6
66732,5
66733,4
66734,4
66735,6
66736,4
66737,4
66738,4
66739,7
66740,5
66741,5
66742,4
66743,4
66744,7
66745,6
66746,7
66747,6
66748,5
66749,5
66750,3
66751,7
66752,2
66753,6
66754,4
66755,4
66756,7
66757,5
66758,4
66759,6
66760,5
66761,5
66762,6
66763,4
66764,3
66765,3
66766,4
66767,4
66768,5
66769,2
66770,5
66771,7
66772,5
66773,4
66774,7
66775,4
66776,5
66777,4
66778,6
66779,5
66780,5
66781,5
66782,4
66783,5
66784,7
66785,5
66786,6
66787,6
66788,6
66789,6
66790,2
66791,4
66792,4
66793,5
66794,5
66795,7
66796,6
66797,4
66798,4
66799,5
66800,6
66801,6
66802,5
66803,5
66804,2
66805,6
66806,4
66807,5
66808,6
66809,6
66810,6
66811,7
66812,5
66813,5
66814,5
66815,4
66816,5
66817,7
66818,3
66819,4
66820,5
66821,6
66822,7
66823,5
66824,7
66825,5
66826,4
66827,7
66828,7
66829,6
66830,5
66831,7
66832,5
66833,2
66834,7
66835,3
66836,7
66837,7
66838,3
66839,5
66840,5
66841,7
66842,3
66843,4
66844,5
66845,3
66846,6
66847,5
66848,4
66849,4
66850,6
66851,5
66852,6
66853,7
66854,3
66855,5
66856,6
66857,6
66858,4
66859,5
66860,4
66861,3
66862,5
66863,2
66864,4
66865,5
66866,6
66867,6
66868,5
66869,3
66870,5
66871,6
66872,6
66873,7
66874,4
66875,5
66876,3
66877,7
66878,7
66879,4
66880,7
66881,7
66882,6
66883,5
66884,7
66885,7
66886,6
66887,5
66888,6
66889,5
66890,6
66891,6
66892,5
66893,4
66894,7
66895,5
66896,5
66897,7
66898,4
66899,6
66900,3
66901,2
66902,6
66903,5
66904,4
66905,5
66906,1
66907,7
66908,5
66909,4
66910,7
66911,1
66912,7
66913,6
66914,6
66915,7
66916,5
66917,5
66918,3
66919,4
66920,3
66921,4
66922,1
66923,3
66924,4
66925,2
66926,6
66927,6
66928,6
66929,6
66930,4
66931,5
66932,5
66933,2
66934,5
66935,6
66936,6
66937,6
66938,5
66939,3
66940,4
66941,3
66942,7
66943,7
66944,6
66945,5
66946,5
66947,7
66948,4
66949,6
66950,4
66951,6
66952,7
66953,2
66954,4
66955,6
66956,4
66957,7
66958,4
66959,6
66960,4
66961,6
66962,5
66963,5
66964,5
66965,6
66966,5
66967,5
66968,4
66969,6
66970,5
66971,5
66972,4
66973,6
66974,5
66975,5
66976,4
66977,3
66978,4
66979,2
66980,4
66981,7
66982,5
66983,5
66984,3
66985,5
66986,5
66987,6
66988,6
66989,5
66990,7
66991,6
66992,6
66993,3
66994,6
66995,4
66996,5
66997,7
66998,4
66999,3
67000,5
67001,5
67002,5
67003,5
67004,5
67005,5
67006,4
67007,6
67008,6
67009,6
67010,3
67011,5
67012,6
67013,6
67014,5
67015,4
67016,5
67017,6
67018,4
67019,7
67020,5
67021,6
67022,5
67023,4
67024,5
67025,4
67026,5
67027,3
67028,6
67029,5
67030,5
67031,6
67032,4
67033,5
67034,5
67035,7
67036,6
67037,7
67038,6
67039,7
67040,5
67041,5
67042,6
67043,3
67044,3
67045,2
67046,4
67047,6
67048,3
67049,5
67050,4
67051,4
67052,6
67053,3
67054,1
67055,2
67056,4
67057,5
67058,2
67059,5
67060,7
67061,4
67062,6
67063,5
67064,3
67065,4
67066,6
67067,7
67068,6
67069,7
67070,2
67071,3
67072,4
67073,7
67074,4
67075,6
67076,5
67077,6
67078,6
67079,5
67080,7
67081,4
67082,5
67083,3
67084,7
67085,5
67086,6
67087,7
67088,5
67089,5
67090,6
67091,5
67092,6
67093,5
67094,7
67095,5
67096,6
67097,6
67098,3
67099,3
67100,7
67101,6
67102,4
67103,6
67104,6
67105,5
67106,4
67107,4
67108,5
67109,4
67110,5
67111,5
67112,7
67113,6
67114,5
67115,6
67116,6
67117,4
67118,7
67119,6
67120,5
67121,7
67122,5
67123,5
67124,3
67125,5
67126,2
67127,5
67128,7
67129,5
67130,6
67131,3
67132,5
67133,6
67134,5
67135,2
67136,5
67137,7
67138,4
67139,4
67140,6
67141,4
67142,6
67143,6
67144,6
67145,7
67146,6
67147,6
67148,6
67149,2
67150,5
67151,5
67152,7
67153,5
67154,6
67155,3
67156,3
67157,6
67158,3
67159,2
67160,5
67161,6
67162,4
67163,5
67164,7
67165,4
67166,6
67167,4
67168,2
67169,2
67170,5
67171,6
67172,4
67173,4
67174,7
67175,3
67176,3
67177,7
67178,7
67179,4
67180,5
67181,5
67182,4
67183,7
67184,2
67185,6
67186,5
67187,5
67188,5
67189,4
67190,2
67191,5
67192,5
67193,4
67194,5
67195,3
67196,5
67197,5
67198,4
67199,6
67200,5
67201,2
67202,5
67203,4
67204,7
67205,7
67206,4
67207,5
67208,7
67209,3
67210,5
67211,4
67212,6
67213,4
67214,5
67215,4
67216,7
67217,4
67218,5
67219,3
67220,7
67221,5
67222,4
67223,6
67224,5
67225,5
67226,5
67227,7
67228,5
67229,3
67230,3
67231,3
67232,4
67233,3
67234,6
67235,4
67236,5
67237,6
67238,5
67239,1
67240,5
67241,5
67242,6
67243,4
67244,3
67245,4
67246,4
67247,5
67248,5
67249,2
67250,3
67251,3
67252,7
67253,5
67254,3
67255,7
67256,4
67257,7
67258,5
67259,4
67260,5
67261,5
67262,4
67263,4
67264,7
67265,4
67266,6
67267,4
67268,3
67269,7
67270,3
67271,5
67272,5
67273,5
67274,3
67275,3
67276,6
67277,4
67278,6
67279,6
67280,6
67281,7
67282,6
67283,6
67284,5
67285,4
67286,5
67287,4
67288,6
67289,4
67290,6
67291,3
67292,6
67293,4
67294,5
67295,7
67296,6
67297,2
67298,7
67299,5
67300,7
67301,2
67302,6
67303,6
67304,6
67305,6
67306,7
67307,6
67308,6
67309,6
67310,6
67311,5
67312,3
67313,4
67314,5
67315,3
67316,3
67317,5
67318,4
67319,4
67320,5
67321,6
67322,2
67323,6
67324,4
67325,4
67326,7
67327,7
67328,7
67329,4
67330,7
67331,2
67332,3
67333,6
67334,7
67335,4
67336,7
67337,5
67338,5
67339,6
67340,7
67341,1
67342,4
67343,7
67344,6
67345,2
67346,5
67347,1
67348,6
67349,7
67350,2
67351,6
67352,5
67353,4
67354,4
67355,7
67356,6
67357,5
67358,5
67359,6
67360,6
67361,5
67362,5
67363,6
67364,2
67365,5
67366,5
67367,4
67368,3
67369,5
67370,6
67371,5
67372,5
67373,2
67374,5
67375,2
67376,3
67377,3
67378,7
67379,4
67380,6
67381,4
67382,7
67383,4
67384,2
67385,2
67386,6
67387,4
67388,4
67389,3
67390,5
67391,2
67392,5
67393,6
67394,6
67395,5
67396,7
67397,6
67398,7
67399,6
67400,4
67401,5
67402,5
67403,5
67404,4
67405,6
67406,5
67407,7
67408,6
67409,4
67410,5
67411,5
67412,2
67413,6
67414,2
67415,6
67416,6
67417,5
67418,6
67419,6
67420,4
67421,3
67422,7
67423,5
67424,7
67425,6
67426,7
67427,5
67428,4
67429,4
67430,3
67431,5
67432,5
67433,6
67434,5
67435,3
67436,5
67437,6
67438,6
67439,5
67440,3
67441,6
67442,7
67443,5
67444,4
67445,7
67446,4
67447,5
67448,6
67449,6
67450,2
67451,7
67452,2
67453,5
67454,7
67455,2
67456,5
67457,6
67458,7
67459,6
67460,3
67461,5
67462,5
67463,4
67464,7
67465,3
67466,7
67467,4
67468,5
67469,7
67470,6
67471,3
67472,6
67473,6
67474,5
67475,4
67476,6
67477,3
67478,4
67479,4
67480,6
67481,7
67482,4
67483,4
67484,5
67485,5
67486,5
67487,4
67488,6
67489,5
67490,5
67491,4
67492,7
67493,3
67494,2
67495,5
67496,1
67497,5
67498,4
67499,3
67500,5
67501,4
67502,3
67503,7
67504,5
67505,3
67506,6
67507,6
67508,7
67509,4
67510,3
67511,5
67512,5
67513,6
67514,5
67515,4
67516,4
67517,5
67518,4
67519,6
67520,6
67521,7
67522,6
67523,5
67524,5
67525,5
67526,7
67527,4
67528,3
67529,4
67530,7
67531,5
67532,5
67533,6
67534,5
67535,5
67536,4
67537,4
67538,3
67539,5
67540,6
67541,3
67542,5
67543,4
67544,4
67545,6
67546,5
67547,5
67548,4
67549,5
67550,5
67551,6
67552,6
67553,6
67554,4
67555,5
67556,5
67557,6
67558,4
67559,5
67560,4
67561,4
67562,4
67563,1
67564,7
67565,5
67566,4
67567,6
67568,7
67569,5
67570,5
67571,5
67572,3
67573,1
67574,6
67575,4
67576,7
67577,7
67578,4
67579,5
67580,5
67581,3
67582,7
67583,2
67584,5
67585,4
67586,2
67587,7
67588,5
67589,5
67590,6
67591,3
67592,6
67593,5
67594,5
67595,6
67596,6
67597,4
67598,3
67599,6
67600,6
67601,6
67602,7
67603,4
67604,7
67605,6
67606,7
67607,4
67608,6
67609,3
67610,6
67611,5
67612,7
67613,6
67614,4
67615,1
67616,3
67617,4
67618,6
67619,5
67620,6
67621,6
67622,6
67623,6
67624,4
67625,5
67626,5
67627,3
67628,5
67629,5
67630,3
67631,5
67632,7
67633,5
67634,1
67635,4
67636,7
67637,4
67638,6
67639,4
67640,7
67641,6
67642,4
67643,6
67644,5
67645,4
67646,4
67647,7
67648,4
67649,7
67650,4
67651,5
67652,6
67653,6
67654,1
67655,7
67656,6
67657,5
67658,6
67659,7
67660,4
67661,5
67662,4
67663,5
67664,2
67665,6
67666,5
67667,5
67668,2
67669,6
67670,6
67671,2
67672,5
67673,6
67674,5
67675,5
67676,3
67677,4
67678,3
67679,3
67680,5
67681,2
67682,4
67683,3
67684,7
67685,4
67686,4
67687,1
67688,4
67689,7
67690,5
67691,2
67692,4
67693,7
67694,7
67695,6
67696,1
67697,2
67698,4
67699,5
67700,5
67701,7
67702,6
67703,4
67704,5
67705,5
67706,5
67707,6
67708,6
67709,5
67710,7
67711,6
67712,5
67713,7
67714,3
67715,7
67716,4
67717,4
67718,7
67719,7
67720,6
67721,7
67722,5
67723,5
67724,4
67725,2
67726,7
67727,5
67728,5
67729,6
67730,4
67731,4
67732,7
67733,5
67734,7
67735,4
67736,6
67737,6
67738,4
67739,5
67740,3
67741,7
67742,7
67743,4
67744,5
67745,6
67746,3
67747,6
67748,4
67749,4
67750,4
67751,7
67752,5
67753,5
67754,1
67755,4
67756,4
67757,4
67758,4
67759,6
67760,5
67761,4
67762,5
67763,7
67764,7
67765,6
67766,7
67767,3
67768,4
67769,3
67770,5
67771,5
67772,7
67773,4
67774,2
67775,5
67776,6
67777,4
67778,6
67779,5
67780,4
67781,4
67782,2
67783,5
67784,5
67785,7
67786,7
67787,4
67788,5
67789,7
67790,5
67791,4
67792,4
67793,3
67794,6
67795,7
67796,6
67797,6
67798,6
67799,5
67800,4
67801,4
67802,4
67803,5
67804,6
67805,7
67806,7
67807,4
67808,3
67809,4
67810,7
67811,5
67812,6
67813,3
67814,5
67815,6
67816,6
67817,5
67818,5
67819,4
67820,3
67821,3
67822,5
67823,5
67824,6
67825,5
67826,3
67827,5
67828,5
67829,5
67830,4
67831,4
67832,5
67833,7
67834,3
67835,7
67836,5
67837,3
67838,5
67839,4
67840,5
67841,5
67842,5
67843,4
67844,7
67845,5
67846,2
67847,5
67848,5
67849,5
67850,5
67851,2
67852,7
67853,6
67854,7
67855,6
67856,7
67857,4
67858,7
67859,3
67860,4
67861,7
67862,2
67863,6
67864,5
67865,5
67866,5
67867,4
67868,5
67869,5
67870,5
67871,6
67872,3
67873,2
67874,1
67875,7
67876,5
67877,7
67878,7
67879,6
67880,5
67881,5
67882,5
67883,3
67884,5
67885,1
67886,1
67887,2
67888,4
67889,6
67890,5
67891,6
67892,7
67893,7
67894,7
67895,6
67896,5
67897,2
67898,7
67899,7
67900,6
67901,5
67902,3
67903,5
67904,4
67905,5
67906,7
67907,4
67908,7
67909,7
67910,4
67911,5
67912,2
67913,6
67914,4
67915,5
67916,5
67917,1
67918,7
67919,6
67920,2
67921,5
67922,6
67923,4
67924,3
67925,5
67926,4
67927,1
67928,6
67929,5
67930,5
67931,7
67932,4
67933,4
67934,7
67935,7
67936,6
67937,5
67938,6
67939,5
67940,5
67941,5
67942,5
67943,4
67944,6
67945,5
67946,4
67947,3
67948,5
67949,6
67950,1
67951,4
67952,4
67953,5
67954,5
67955,3
67956,7
67957,5
67958,7
67959,6
67960,5
67961,5
67962,5
67963,2
67964,7
67965,7
67966,3
67967,4
67968,5
67969,6
67970,1
67971,3
67972,5
67973,7
67974,4
67975,5
67976,7
67977,7
67978,4
67979,2
67980,4
67981,3
67982,6
67983,5
67984,4
67985,4
67986,6
67987,6
67988,5
67989,3
67990,3
67991,5
67992,3
67993,1
67994,3
67995,5
67996,4
67997,2
67998,5
67999,4
68000,6
68001,2
68002,3
68003,7
68004,6
68005,5
68006,5
68007,6
68008,5
68009,6
68010,5
68011,5
68012,6
68013,6
68014,7
68015,3
68016,6
68017,5
68018,5
68019,5
68020,4
68021,2
68022,1
68023,3
68024,2
68025,4
68026,7
68027,6
68028,2
68029,6
68030,6
68031,6
68032,1
68033,6
68034,3
68035,5
68036,5
68037,6
68038,6
68039,4
68040,6
68041,3
68042,4
68043,3
68044,5
68045,5
68046,7
68047,4
68048,4
68049,4
68050,3
68051,2
68052,4
68053,6
68054,6
68055,3
68056,2
68057,5
68058,7
68059,6
68060,3
68061,7
68062,5
68063,4
68064,4
68065,5
68066,7
68067,7
68068,6
68069,6
68070,5
68071,5
68072,5
68073,5
68074,6
68075,5
68076,3
68077,4
68078,2
68079,4
68080,5
68081,4
68082,4
68083,6
68084,5
68085,4
68086,7
68087,5
68088,5
68089,4
68090,5
68091,7
68092,7
68093,7
68094,4
68095,6
68096,3
68097,7
68098,5
68099,2
68100,5
68101,7
68102,5
68103,6
68104,5
68105,7
68106,6
68107,4
68108,4
68109,5
68110,6
68111,5
68112,5
68113,5
68114,5
68115,6
68116,5
68117,5
68118,5
68119,3
68120,4
68121,7
68122,5
68123,5
68124,5
68125,4
68126,6
68127,6
68128,4
68129,5
68130,2
68131,5
68132,5
68133,4
68134,3
68135,6
68136,4
68137,4
68138,7
68139,4
68140,4
68141,4
68142,6
68143,4
68144,6
68145,4
68146,1
68147,3
68148,4
68149,7
68150,4
68151,6
68152,6
68153,7
68154,3
68155,3
68156,7
68157,6
68158,7
68159,5
68160,7
68161,6
68162,5
68163,4
68164,5
68165,3
68166,5
68167,1
68168,3
68169,4
68170,5
68171,2
68172,5
68173,6
68174,5
68175,4
68176,6
68177,5
68178,5
68179,7
68180,6
68181,7
68182,4
68183,3
68184,2
68185,6
68186,1
68187,5
68188,6
68189,5
68190,5
68191,4
68192,3
68193,5
68194,3
68195,4
68196,6
68197,4
68198,7
68199,6
68200,6
68201,7
68202,7
68203,7
68204,4
68205,4
68206,6
68207,5
68208,7
68209,4
68210,3
68211,3
68212,5
68213,5
68214,4
68215,5
68216,2
68217,6
68218,5
68219,6
68220,4
68221,2
68222,5
68223,6
68224,7
68225,3
68226,5
68227,7
68228,5
68229,4
68230,5
68231,4
68232,3
68233,5
68234,7
68235,3
68236,5
68237,7
68238,5
68239,7
68240,6
68241,6
68242,6
68243,6
68244,5
68245,3
68246,4
68247,6
68248,6
68249,5
68250,6
68251,4
68252,4
68253,5
68254,6
68255,5
68256,5
68257,7
68258,4
68259,6
68260,3
68261,6
68262,3
68263,6
68264,7
68265,2
68266,3
68267,5
68268,4
68269,5
68270,6
68271,3
68272,6
68273,4
68274,5
68275,2
68276,7
68277,4
68278,6
68279,6
68280,5
68281,5
68282,5
68283,1
68284,4
68285,5
68286,4
68287,5
68288,5
68289,7
68290,6
68291,3
68292,7
68293,3
68294,7
68295,3
68296,6
68297,2
68298,3
68299,4
68300,5
68301,5
68302,3
68303,7
68304,6
68305,6
68306,6
68307,4
68308,2
68309,4
68310,4
68311,6
68312,4
68313,4
68314,5
68315,5
68316,7
68317,7
68318,5
68319,3
68320,4
68321,7
68322,4
68323,6
68324,5
68325,4
68326,7
68327,6
68328,5
68329,6
68330,5
68331,6
68332,5
68333,5
68334,4
68335,6
68336,4
68337,4
68338,5
68339,6
68340,2
68341,2
68342,4
68343,4
68344,5
68345,6
68346,1
68347,5
68348,6
68349,5
68350,7
68351,3
68352,6
68353,6
68354,4
68355,4
68356,6
68357,5
68358,4
68359,4
68360,4
68361,3
68362,6
68363,5
68364,5
68365,5
68366,7
68367,3
68368,4
68369,4
68370,7
68371,7
68372,6
68373,2
68374,5
68375,6
68376,2
68377,5
68378,5
68379,7
68380,1
68381,5
68382,7
68383,2
68384,6
68385,6
68386,5
68387,7
68388,5
68389,5
68390,1
68391,6
68392,5
68393,7
68394,5
68395,4
68396,7
68397,1
68398,5
68399,5
68400,4
68401,4
68402,5
68403,6
68404,6
68405,7
68406,2
68407,7
68408,4
68409,7
68410,3
68411,6
68412,5
68413,5
68414,6
68415,6
68416,2
68417,4
68418,5
68419,4
68420,5
68421,6
68422,7
68423,4
68424,7
68425,4
68426,5
68427,2
68428,2
68429,7
68430,5
68431,6
68432,7
68433,4
68434,7
68435,7
68436,4
68437,5
68438,4
68439,5
68440,5
68441,7
68442,6
68443,7
68444,3
68445,4
68446,4
68447,3
68448,7
68449,5
68450,4
68451,3
68452,5
68453,3
68454,5
68455,6
68456,7
68457,5
68458,4
68459,5
68460,5
68461,7
68462,5
68463,2
68464,7
68465,4
68466,6
68467,6
68468,5
68469,7
68470,6
68471,3
68472,5
68473,6
68474,4
68475,5
68476,5
68477,7
68478,7
68479,6
68480,2
68481,6
68482,7
68483,7
68484,7
68485,6
68486,5
68487,5
68488,3
68489,6
68490,4
68491,2
68492,4
68493,5
68494,6
68495,4
68496,4
68497,3
68498,7
68499,5
68500,7
68501,5
68502,7
68503,5
68504,4
68505,3
68506,5
68507,5
68508,5
68509,7
68510,5
68511,5
68512,6
68513,4
68514,2
68515,2
68516,3
68517,7
68518,4
68519,4
68520,5
68521,3
68522,4
68523,4
68524,5
68525,5
68526,4
68527,4
68528,6
68529,4
68530,5
68531,6
68532,4
68533,3
68534,3
68535,3
68536,5
68537,6
68538,5
68539,4
68540,4
68541,5
68542,5
68543,7
68544,5
68545,4
68546,4
68547,7
68548,4
68549,3
68550,6
68551,3
68552,6
68553,5
68554,5
68555,3
68556,4
68557,3
68558,4
68559,7
68560,4
68561,7
68562,6
68563,4
68564,5
68565,6
68566,5
68567,7
68568,5
68569,3
68570,4
68571,7
68572,1
68573,7
68574,5
68575,5
68576,4
68577,6
68578,5
68579,4
68580,5
68581,6
68582,5
68583,4
68584,6
68585,4
68586,5
68587,4
68588,5
68589,5
68590,5
68591,2
68592,5
68593,4
68594,4
68595,4
68596,5
68597,6
68598,5
68599,5
68600,5
68601,7
68602,1
68603,4
68604,5
68605,5
68606,2
68607,5
68608,6
68609,6
68610,6
68611,7
68612,5
68613,5
68614,6
68615,5
68616,4
68617,3
68618,1
68619,5
68620,5
68621,3
68622,5
68623,7
68624,3
68625,5
68626,5
68627,5
68628,5
68629,5
68630,5
68631,6
68632,6
68633,4
68634,3
68635,3
68636,3
68637,4
68638,6
68639,4
68640,5
68641,4
68642,6
68643,3
68644,7
68645,6
68646,5
68647,7
68648,4
68649,6
68650,7
68651,5
68652,4
68653,1
68654,4
68655,4
68656,5
68657,3
68658,7
68659,4
68660,4
68661,4
68662,5
68663,6
68664,5
68665,7
68666,5
68667,6
68668,2
68669,5
68670,7
68671,4
68672,5
68673,4
68674,3
68675,5
68676,5
68677,3
68678,3
68679,7
68680,5
68681,5
68682,4
68683,6
68684,7
68685,5
68686,3
68687,2
68688,6
68689,3
68690,4
68691,5
68692,5
68693,5
68694,5
68695,6
68696,3
68697,4
68698,6
68699,2
68700,7
68701,5
68702,4
68703,5
68704,4
68705,5
68706,4
68707,4
68708,5
68709,7
68710,4
68711,5
68712,4
68713,7
68714,5
68715,5
68716,5
68717,4
68718,7
68719,4
68720,7
68721,7
68722,1
68723,4
68724,4
68725,4
68726,6
68727,5
68728,5
68729,4
68730,2
68731,4
68732,3
68733,3
68734,7
68735,6
68736,7
68737,3
68738,5
68739,2
68740,7
68741,6
68742,2
68743,5
68744,6
68745,5
68746,2
68747,5
68748,7
68749,6
68750,5
68751,6
68752,1
68753,5
68754,5
68755,6
68756,6
68757,6
68758,5
68759,2
68760,6
68761,3
68762,4
68763,6
68764,7
68765,6
68766,3
68767,5
68768,3
68769,6
68770,6
68771,3
68772,7
68773,4
68774,6
68775,4
68776,4
68777,5
68778,4
68779,1
68780,7
68781,2
68782,6
68783,5
68784,6
68785,5
68786,6
68787,4
68788,6
68789,5
68790,7
68791,6
68792,4
68793,5
68794,5
68795,5
68796,5
68797,5
68798,6
68799,7
68800,4
68801,2
68802,5
68803,3
68804,7
68805,6
68806,3
68807,4
68808,6
68809,4
68810,4
68811,4
68812,1
68813,5
68814,7
68815,5
68816,3
68817,1
68818,5
68819,6
68820,4
68821,5
68822,5
68823,5
68824,4
68825,3
68826,7
68827,4
68828,5
68829,7
68830,5
68831,6
68832,7
68833,6
68834,3
68835,6
68836,3
68837,5
68838,6
68839,4
68840,5
68841,5
68842,5
68843,5
68844,2
68845,5
68846,7
68847,4
68848,7
68849,6
68850,5
68851,4
68852,6
68853,4
68854,7
68855,5
68856,7
68857,3
68858,5
68859,4
68860,6
68861,5
68862,5
68863,5
68864,3
68865,5
68866,4
68867,4
68868,4
68869,4
68870,3
68871,5
68872,4
68873,5
68874,4
68875,6
68876,5
68877,3
68878,4
68879,5
68880,7
68881,3
68882,5
68883,4
68884,6
68885,4
68886,5
68887,4
68888,4
68889,4
68890,3
68891,5
68892,4
68893,5
68894,6
68895,4
68896,5
68897,2
68898,4
68899,4
68900,7
68901,4
68902,6
68903,4
68904,5
68905,4
68906,4
68907,6
68908,5
68909,4
68910,2
68911,6
68912,5
68913,3
68914,5
68915,3
68916,5
68917,5
68918,5
68919,7
68920,6
68921,6
68922,7
68923,4
68924,6
68925,7
68926,4
68927,4
68928,5
68929,6
68930,3
68931,5
68932,6
68933,3
68934,5
68935,4
68936,5
68937,4
68938,4
68939,5
68940,5
68941,7
68942,3
68943,5
68944,6
68945,3
68946,5
68947,4
68948,3
68949,5
68950,5
68951,4
68952,6
68953,4
68954,4
68955,5
68956,6
68957,2
68958,4
68959,5
68960,5
68961,6
68962,5
68963,5
68964,6
68965,5
68966,5
68967,5
68968,1
68969,7
68970,2
68971,5
68972,3
68973,5
68974,5
68975,7
68976,7
68977,3
68978,3
68979,4
68980,1
68981,6
68982,2
68983,4
68984,3
68985,5
68986,4
68987,1
68988,6
68989,5
68990,4
68991,4
68992,4
68993,5
68994,5
68995,7
68996,4
68997,5
68998,2
68999,6
69000,7
69001,6
69002,5
69003,6
69004,3
69005,6
69006,5
69007,2
69008,5
69009,5
69010,7
69011,6
69012,5
69013,4
69014,7
69015,6
69016,4
69017,4
69018,6
69019,1
69020,4
69021,3
69022,3
69023,6
69024,5
69025,5
69026,5
69027,6
69028,5
69029,6
69030,3
69031,4
69032,4
69033,6
69034,3
69035,4
69036,2
69037,6
69038,4
69039,5
69040,4
69041,4
69042,1
69043,4
69044,7
69045,5
69046,4
69047,3
69048,6
69049,4
69050,5
69051,6
69052,5
69053,5
69054,4
69055,4
69056,6
69057,4
69058,7
69059,4
69060,5
69061,7
69062,5
69063,7
69064,5
69065,6
69066,5
69067,5
69068,4
69069,6
69070,4
69071,2
69072,1
69073,4
69074,6
69075,1
69076,5
69077,6
69078,7
69079,5
69080,7
69081,7
69082,6
69083,5
69084,5
69085,4
69086,4
69087,4
69088,5
69089,7
69090,4
69091,4
69092,4
69093,4
69094,3
69095,5
69096,4
69097,5
69098,5
69099,5
69100,6
69101,6
69102,5
69103,4
69104,5
69105,4
69106,7
69107,5
69108,4
69109,5
69110,1
69111,6
69112,3
69113,7
69114,4
69115,3
69116,6
69117,6
69118,4
69119,7
69120,6
69121,4
69122,7
69123,5
69124,7
69125,5
69126,7
69127,5
69128,2
69129,5
69130,3
69131,5
69132,5
69133,6
69134,5
69135,5
69136,2
69137,4
69138,2
69139,4
69140,5
69141,2
69142,5
69143,2
69144,6
69145,6
69146,6
69147,3
69148,3
69149,5
69150,4
69151,4
69152,5
69153,3
69154,6
69155,6
69156,4
69157,5
69158,4
69159,5
69160,5
69161,5
69162,6
69163,6
69164,6
69165,6
69166,4
69167,4
69168,4
69169,5
69170,5
69171,6
69172,4
69173,6
69174,5
69175,7
69176,4
69177,3
69178,6
69179,2
69180,4
69181,4
69182,6
69183,5
69184,7
69185,3
69186,6
69187,5
69188,5
69189,5
69190,5
69191,3
69192,6
69193,5
69194,2
69195,5
69196,7
69197,5
69198,3
69199,4
69200,7
69201,6
69202,6
69203,5
69204,4
69205,7
69206,6
69207,6
69208,2
69209,7
69210,5
69211,7
69212,3
69213,3
69214,5
69215,4
69216,6
69217,7
69218,3
69219,6
69220,6
69221,5
69222,5
69223,6
69224,4
69225,5
69226,1
69227,5
69228,4
69229,3
69230,5
69231,3
69232,5
69233,5
69234,1
69235,6
69236,7
69237,5
69238,5
69239,6
69240,4
69241,7
69242,5
69243,5
69244,5
69245,3
69246,6
69247,6
69248,7
69249,7
69250,4
69251,5
69252,6
69253,4
69254,3
69255,2
69256,5
69257,2
69258,7
69259,7
69260,3
69261,4
69262,5
69263,3
69264,7
69265,5
69266,6
69267,6
69268,7
69269,6
69270,4
69271,7
69272,5
69273,4
69274,3
69275,6
69276,4
69277,5
69278,4
69279,2
69280,7
69281,6
69282,6
69283,5
69284,5
69285,5
69286,5
69287,5
69288,4
69289,5
69290,5
69291,4
69292,5
69293,3
69294,5
69295,4
69296,5
69297,2
69298,7
69299,5
69300,6
69301,5
69302,4
69303,3
69304,5
69305,3
69306,6
69307,5
69308,7
69309,6
69310,3
69311,6
69312,5
69313,4
69314,7
69315,1
69316,7
69317,3
69318,4
69319,4
69320,2
69321,6
69322,5
69323,4
69324,6
69325,6
69326,6
69327,6
69328,5
69329,6
69330,3
69331,6
69332,3
69333,6
69334,7
69335,6
69336,7
69337,4
69338,5
69339,6
69340,6
69341,6
69342,2
69343,7
69344,5
69345,5
69346,3
69347,6
69348,5
69349,5
69350,6
69351,6
69352,5
69353,4
69354,4
69355,2
69356,5
69357,5
69358,5
69359,4
69360,7
69361,6
69362,2
69363,6
69364,6
69365,4
69366,4
69367,4
69368,5
69369,2
69370,1
69371,6
69372,4
69373,4
69374,7
69375,4
69376,5
69377,6
69378,6
69379,5
69380,7
69381,6
69382,5
69383,2
69384,5
69385,5
69386,1
69387,3
69388,5
69389,3
69390,4
69391,2
69392,7
69393,7
69394,5
69395,6
69396,3
69397,1
69398,6
69399,3
69400,4
69401,5
69402,4
69403,3
69404,5
69405,2
69406,1
69407,7
69408,4
69409,2
69410,5
69411,3
69412,5
69413,5
69414,3
69415,5
69416,2
69417,4
69418,6
69419,5
69420,5
69421,6
69422,5
69423,5
69424,5
69425,6
69426,3
69427,5
69428,5
69429,6
69430,5
69431,6
69432,7
69433,5
69434,5
69435,6
69436,5
69437,7
69438,2
69439,6
69440,5
69441,4
69442,7
69443,6
69444,6
69445,5
69446,6
69447,3
69448,6
69449,6
69450,6
69451,5
69452,7
69453,3
69454,5
69455,6
69456,6
69457,6
69458,6
69459,4
69460,2
69461,4
69462,5
69463,6
69464,6
69465,6
69466,5
69467,5
69468,4
69469,6
69470,6
69471,7
69472,6
69473,6
69474,5
69475,6
69476,3
69477,7
69478,2
69479,1
69480,5
69481,6
69482,6
69483,6
69484,4
69485,7
69486,6
69487,5
69488,4
69489,7
69490,4
69491,6
69492,4
69493,4
69494,3
69495,4
69496,6
69497,5
69498,4
69499,7
69500,4
69501,5
69502,7
69503,4
69504,3
69505,4
69506,5
69507,6
69508,7
69509,6
69510,2
69511,7
69512,3
69513,4
69514,6
69515,3
69516,7
69517,6
69518,3
69519,7
69520,4
69521,5
69522,4
69523,4
69524,4
69525,5
69526,4
69527,5
69528,5
69529,6
69530,4
69531,2
69532,5
69533,3
69534,6
69535,4
69536,5
69537,4
69538,3
69539,5
69540,6
69541,4
69542,7
69543,5
69544,3
69545,5
69546,7
69547,6
69548,5
69549,4
69550,6
69551,2
69552,1
69553,5
69554,7
69555,6
69556,7
69557,5
69558,6
69559,6
69560,5
69561,4
69562,5
69563,7
69564,4
69565,5
69566,5
69567,5
69568,5
69569,6
69570,7
69571,7
69572,5
69573,5
69574,4
69575,4
69576,5
69577,4
69578,2
69579,6
69580,5
69581,3
69582,5
69583,5
69584,4
69585,5
69586,4
69587,5
69588,6
69589,6
69590,2
69591,5
69592,5
69593,5
69594,5
69595,6
69596,7
69597,4
69598,5
69599,4
69600,3
69601,5
69602,4
69603,5
69604,5
69605,5
69606,7
69607,4
69608,5
69609,4
69610,3
69611,6
69612,7
69613,7
69614,5
69615,6
69616,7
69617,5
69618,6
69619,7
69620,3
69621,4
69622,4
69623,7
69624,1
69625,3
69626,6
69627,6
69628,6
69629,7
69630,5
69631,5
69632,5
69633,5
69634,5
69635,4
69636,6
69637,5
69638,4
69639,4
69640,4
69641,5
69642,5
69643,7
69644,3
69645,5
69646,2
69647,3
69648,1
69649,2
69650,7
69651,2
69652,5
69653,7
69654,5
69655,5
69656,4
69657,7
69658,5
69659,4
69660,2
69661,4
69662,4
69663,5
69664,3
69665,5
69666,4
69667,6
69668,5
69669,5
69670,4
69671,5
69672,6
69673,2
69674,6
69675,6
69676,6
69677,4
69678,2
69679,6
69680,2
69681,7
69682,5
69683,4
69684,4
69685,4
69686,6
69687,2
69688,4
69689,5
69690,6
69691,4
69692,5
69693,5
69694,3
69695,7
69696,4
69697,4
69698,6
69699,6
69700,5
69701,3
69702,5
69703,5
69704,2
69705,7
69706,5
69707,4
69708,4
69709,5
69710,3
69711,7
69712,5
69713,5
69714,7
69715,7
69716,5
69717,5
69718,5
69719,3
69720,5
69721,5
69722,5
69723,5
69724,6
69725,6
69726,5
69727,4
69728,4
69729,1
69730,5
69731,3
69732,4
69733,4
69734,5
69735,4
69736,7
69737,5
69738,5
69739,7
69740,7
69741,3
69742,6
69743,6
69744,5
69745,5
69746,3
69747,4
69748,1
69749,3
69750,5
69751,6
69752,6
69753,5
69754,5
69755,5
69756,7
69757,6
69758,4
69759,7
69760,3
69761,7
69762,3
69763,5
69764,5
69765,4
69766,5
69767,6
69768,6
69769,2
69770,5
69771,6
69772,5
69773,5
69774,4
69775,5
69776,2
69777,1
69778,6
69779,5
69780,5
69781,5
69782,5
69783,2
69784,6
69785,5
69786,7
69787,4
69788,6
69789,4
69790,5
69791,3
69792,5
69793,4
69794,5
69795,5
69796,5
69797,7
69798,6
69799,5
69800,1
69801,7
69802,5
69803,3
69804,5
69805,4
69806,4
69807,5
69808,4
69809,5
69810,5
69811,4
69812,7
69813,7
69814,4
69815,4
69816,7
69817,5
69818,5
69819,3
69820,7
69821,5
69822,5
69823,4
69824,2
69825,5
69826,6
69827,5
69828,7
69829,3
69830,5
69831,5
69832,3
69833,6
69834,3
69835,6
69836,3
69837,6
69838,5
69839,5
69840,2
69841,3
69842,4
69843,5
69844,6
69845,3
69846,6
69847,6
69848,5
69849,5
69850,5
69851,3
69852,7
69853,3
69854,2
69855,7
69856,4
69857,7
69858,4
69859,5
69860,7
69861,7
69862,2
69863,4
69864,4
69865,3
69866,5
69867,5
69868,5
69869,5
69870,5
69871,2
69872,4
69873,1
69874,7
69875,4
69876,2
69877,5
69878,5
69879,6
69880,3
69881,5
69882,5
69883,5
69884,1
69885,2
69886,4
69887,4
69888,6
69889,3
69890,5
69891,7
69892,6
69893,5
69894,5
69895,4
69896,2
69897,4
69898,7
69899,3
69900,4
69901,5
69902,5
69903,4
69904,5
69905,3
69906,6
69907,4
69908,2
69909,2
69910,4
69911,5
69912,5
69913,4
69914,4
69915,6
69916,6
69917,7
69918,5
69919,6
69920,5
69921,6
69922,6
69923,5
69924,4
69925,7
69926,6
69927,6
69928,6
69929,5
69930,4
69931,1
69932,4
69933,3
69934,6
69935,5
69936,7
69937,5
69938,5
69939,5
69940,7
69941,5
69942,5
69943,7
69944,4
69945,5
69946,4
69947,5
69948,5
69949,6
69950,3
69951,7
69952,7
69953,4
69954,4
69955,4
69956,5
69957,6
69958,5
69959,6
69960,4
69961,4
69962,6
69963,3
69964,4
69965,2
69966,3
69967,5
69968,6
69969,6
69970,6
69971,7
69972,4
69973,5
69974,5
69975,3
69976,4
69977,2
69978,4
69979,3
69980,7
69981,6
69982,4
69983,6
69984,7
69985,5
69986,7
69987,7
69988,6
69989,2
69990,5
69991,5
69992,3
69993,6
69994,4
69995,5
69996,6
69997,3
69998,7
69999,3
70000,4
70001,3
70002,4
70003,5
70004,7
70005,5
70006,5
70007,2
70008,7
70009,5
70010,7
70011,6
70012,4
70013,4
70014,6
70015,5
70016,4
70017,5
70018,5
70019,6
70020,6
70021,7
70022,5
70023,7
70024,4
70025,7
70026,7
70027,7
70028,7
70029,7
70030,4
70031,6
70032,5
70033,5
70034,5
70035,7
70036,5
70037,5
70038,6
70039,6
70040,5
70041,4
70042,3
70043,5
70044,3
70045,6
70046,4
70047,4
70048,6
70049,6
70050,7
70051,6
70052,6
70053,5
70054,6
70055,5
70056,4
70057,4
70058,3
70059,7
70060,4
70061,5
70062,5
70063,3
70064,7
70065,3
70066,4
70067,6
70068,1
70069,5
70070,7
70071,4
70072,3
70073,4
70074,7
70075,3
70076,4
70077,3
70078,7
70079,6
70080,2
70081,4
70082,5
70083,5
70084,2
70085,3
70086,6
70087,6
70088,7
70089,4
70090,5
70091,7
70092,5
70093,4
70094,7
70095,3
70096,5
70097,6
70098,6
70099,7
70100,4
70101,4
70102,7
70103,6
70104,5
70105,2
70106,7
70107,5
70108,6
70109,4
70110,5
70111,5
70112,7
70113,5
70114,5
70115,5
70116,6
70117,5
70118,1
70119,6
70120,1
70121,5
70122,5
70123,7
70124,5
70125,5
70126,4
70127,6
70128,5
70129,4
70130,5
70131,5
70132,5
70133,5
70134,6
70135,4
70136,6
70137,4
70138,5
70139,6
70140,3
70141,6
70142,4
70143,5
70144,3
70145,6
70146,4
70147,4
70148,5
70149,4
70150,5
70151,4
70152,6
70153,5
70154,3
70155,5
70156,4
70157,6
70158,4
70159,3
70160,5
70161,5
70162,4
70163,4
70164,6
70165,5
70166,6
70167,4
70168,7
70169,4
70170,5
70171,5
70172,4
70173,3
70174,5
70175,5
70176,5
70177,5
70178,4
70179,6
70180,7
70181,1
70182,4
70183,7
70184,4
70185,7
70186,5
70187,2
70188,7
70189,4
70190,7
70191,7
70192,7
70193,7
70194,7
70195,5
70196,7
70197,3
70198,4
70199,1
70200,1
70201,5
70202,6
70203,6
70204,2
70205,4
70206,4
70207,6
70208,6
70209,7
70210,6
70211,3
70212,4
70213,4
70214,4
70215,4
70216,5
70217,6
70218,7
70219,5
70220,7
70221,5
70222,6
70223,5
70224,6
70225,2
70226,5
70227,4
70228,7
70229,4
70230,4
70231,5
70232,3
70233,5
70234,5
70235,6
70236,6
70237,5
70238,5
70239,7
70240,1
70241,2
70242,5
70243,3
70244,6
70245,4
70246,7
70247,3
70248,5
70249,5
70250,7
70251,6
70252,6
70253,7
70254,5
70255,6
70256,6
70257,5
70258,2
70259,4
70260,5
70261,6
70262,7
70263,6
70264,6
70265,4
70266,7
70267,5
70268,6
70269,6
70270,4
70271,5
70272,6
70273,6
70274,5
70275,5
70276,2
70277,6
70278,4
70279,5
70280,4
70281,7
70282,5
70283,5
70284,4
70285,7
70286,6
70287,4
70288,4
70289,7
70290,5
70291,5
70292,3
70293,5
70294,5
70295,7
70296,5
70297,7
70298,5
70299,6
70300,5
70301,5
70302,5
70303,5
70304,3
70305,5
70306,3
70307,3
70308,5
70309,4
70310,6
70311,6
70312,4
70313,6
70314,5
70315,6
70316,5
70317,4
70318,4
70319,4
70320,6
70321,7
70322,6
70323,7
70324,7
70325,5
70326,3
70327,5
70328,7
70329,2
70330,4
70331,6
70332,4
70333,4
70334,5
70335,7
70336,5
70337,3
70338,4
70339,5
70340,6
70341,4
70342,5
70343,4
70344,5
70345,6
70346,7
70347,3
70348,5
70349,6
70350,5
70351,6
70352,7
70353,5
70354,5
70355,4
70356,5
70357,4
70358,5
70359,7
70360,7
70361,5
70362,5
70363,2
70364,4
70365,7
70366,5
70367,4
70368,6
70369,2
70370,7
70371,7
70372,5
70373,4
70374,5
70375,3
70376,7
70377,6
70378,7
70379,2
70380,3
70381,5
70382,5
70383,4
70384,4
70385,5
70386,5
70387,5
70388,6
70389,4
70390,3
70391,6
70392,5
70393,6
70394,6
70395,3
70396,4
70397,5
70398,5
70399,3
70400,2
70401,6
70402,7
70403,4
70404,6
70405,3
70406,4
70407,4
70408,3
70409,3
70410,4
70411,5
70412,5
70413,3
70414,4
70415,5
70416,3
70417,6
70418,7
70419,5
70420,5
70421,5
70422,5
70423,6
70424,2
70425,6
70426,5
70427,5
70428,3
70429,5
70430,3
70431,5
70432,3
70433,1
70434,4
70435,6
70436,1
70437,5
70438,7
70439,6
70440,6
70441,5
70442,6
70443,2
70444,3
70445,5
70446,3
70447,5
70448,3
70449,6
70450,5
70451,5
70452,6
70453,5
70454,2
70455,4
70456,4
70457,4
70458,7
70459,4
70460,6
70461,4
70462,4
70463,4
70464,6
70465,6
70466,4
70467,5
70468,6
70469,4
70470,7
70471,5
70472,4
70473,7
70474,6
70475,5
70476,4
70477,6
70478,6
70479,5
70480,4
70481,6
70482,7
70483,6
70484,5
70485,6
70486,5
70487,5
70488,4
70489,5
70490,4
70491,4
70492,5
70493,7
70494,4
70495,3
70496,4
70497,3
70498,5
70499,6
70500,5
70501,5
70502,6
70503,3
70504,6
70505,4
70506,6
70507,3
70508,5
70509,7
70510,5
70511,3
70512,4
70513,3
70514,7
70515,5
70516,2
70517,4
70518,3
70519,5
70520,7
70521,7
70522,3
70523,5
70524,5
70525,6
70526,4
70527,6
70528,6
70529,7
70530,1
70531,7
70532,3
70533,6
70534,5
70535,5
70536,6
70537,6
70538,6
70539,5
70540,4
70541,6
70542,4
70543,4
70544,5
70545,6
70546,5
70547,5
70548,4
70549,7
70550,7
70551,2
70552,5
70553,3
70554,3
70555,7
70556,4
70557,5
70558,6
70559,4
70560,6
70561,5
70562,3
70563,3
70564,6
70565,5
70566,4
70567,5
70568,7
70569,7
70570,7
70571,7
70572,5
70573,7
70574,5
70575,2
70576,5
70577,6
70578,5
70579,3
70580,2
70581,5
70582,7
70583,5
70584,5
70585,6
70586,7
70587,4
70588,3
70589,6
70590,4
70591,2
70592,5
70593,1
70594,3
70595,3
70596,6
70597,5
70598,6
70599,5
70600,2
70601,2
70602,7
70603,6
70604,7
70605,5
70606,5
70607,3
70608,6
70609,5
70610,4
70611,5
70612,5
70613,4
70614,6
70615,5
70616,7
70617,3
70618,7
70619,4
70620,7
70621,6
70622,4
70623,6
70624,7
70625,6
70626,5
70627,6
70628,3
70629,5
70630,5
70631,5
70632,5
70633,4
70634,4
70635,7
70636,6
70637,5
70638,6
70639,5
70640,2
70641,4
70642,5
70643,6
70644,5
70645,7
70646,6
70647,7
70648,6
70649,5
70650,5
70651,6
70652,7
70653,5
70654,6
70655,2
70656,5
70657,4
70658,7
70659,5
70660,6
70661,3
70662,5
70663,2
70664,6
70665,5
70666,3
70667,6
70668,7
70669,4
70670,5
70671,3
70672,3
70673,2
70674,6
70675,5
70676,2
70677,4
70678,4
70679,4
70680,7
70681,5
70682,4
70683,1
70684,6
70685,4
70686,2
70687,4
70688,4
70689,4
70690,2
70691,5
70692,5
70693,5
70694,3
70695,2
70696,3
70697,6
70698,2
70699,6
70700,5
70701,6
70702,4
70703,3
70704,3
70705,7
70706,2
70707,3
70708,5
70709,3
70710,5
70711,7
70712,2
70713,7
70714,1
70715,5
70716,7
70717,5
70718,2
70719,3
70720,5
70721,4
70722,6
70723,5
70724,6
70725,5
70726,6
70727,4
70728,6
70729,4
70730,3
70731,5
70732,5
70733,6
70734,6
70735,7
70736,6
70737,5
70738,7
70739,5
70740,6
70741,6
70742,6
70743,7
70744,5
70745,6
70746,5
70747,6
70748,2
70749,4
70750,5
70751,6
70752,4
70753,6
70754,5
70755,4
70756,5
70757,6
70758,4
70759,6
70760,4
70761,4
70762,4
70763,5
70764,4
70765,6
70766,5
70767,5
70768,4
70769,7
70770,6
70771,7
70772,5
70773,4
70774,5
70775,5
70776,7
70777,6
70778,5
70779,7
70780,5
70781,5
70782,5
70783,6
70784,7
70785,3
70786,3
70787,5
70788,4
70789,5
70790,4
70791,6
70792,6
70793,2
70794,6
70795,4
70796,3
70797,3
70798,4
70799,2
70800,3
70801,5
70802,6
70803,5
70804,1
70805,4
70806,3
70807,4
70808,6
70809,5
70810,5
70811,5
70812,5
70813,4
70814,7
70815,6
70816,5
70817,7
70818,5
70819,3
70820,5
70821,6
70822,1
70823,6
70824,4
70825,5
70826,3
70827,5
70828,4
70829,3
70830,6
70831,3
70832,4
70833,6
70834,5
70835,6
70836,7
70837,5
70838,3
70839,2
70840,2
70841,3
70842,6
70843,3
70844,6
70845,4
70846,3
70847,5
70848,5
70849,7
70850,5
70851,6
70852,6
70853,5
70854,2
70855,6
70856,4
70857,7
70858,7
70859,5
70860,4
70861,6
70862,1
70863,6
70864,6
70865,5
70866,3
70867,6
70868,5
70869,4
70870,5
70871,5
70872,5
70873,6
70874,5
70875,3
70876,5
70877,5
70878,2
70879,5
70880,5
70881,5
70882,5
70883,5
70884,6
70885,7
70886,6
70887,5
70888,4
70889,4
70890,6
70891,5
70892,5
70893,6
70894,3
70895,7
70896,5
70897,5
70898,5
70899,6
70900,2
70901,7
70902,4
70903,7
70904,4
70905,4
70906,5
70907,3
70908,6
70909,5
70910,2
70911,3
70912,4
70913,4
70914,5
70915,3
70916,2
70917,2
70918,6
70919,4
70920,5
70921,5
70922,5
70923,6
70924,4
70925,3
70926,7
70927,6
70928,2
70929,4
70930,5
70931,5
70932,4
70933,5
70934,4
70935,5
70936,6
70937,4
70938,5
70939,6
70940,5
70941,5
70942,5
70943,7
70944,4
70945,5
70946,6
70947,5
70948,5
70949,7
70950,5
70951,6
70952,7
70953,4
70954,6
70955,7
70956,7
70957,5
70958,4
70959,5
70960,7
70961,2
70962,1
70963,6
70964,2
70965,6
70966,4
70967,5
70968,4
70969,5
70970,7
70971,4
70972,6
70973,4
70974,5
70975,5
70976,6
70977,6
70978,4
70979,4
70980,5
70981,4
70982,3
70983,4
70984,7
70985,7
70986,5
70987,2
70988,5
70989,4
70990,6
70991,7
70992,5
70993,6
70994,7
70995,5
70996,7
70997,6
70998,6
70999,6
71000,6
71001,3
71002,6
71003,4
71004,6
71005,4
71006,4
71007,6
71008,4
71009,6
71010,3
71011,4
71012,6
71013,4
71014,4
71015,4
71016,7
71017,7
71018,2
71019,7
71020,5
71021,4
71022,7
71023,4
71024,6
71025,4
71026,3
71027,5
71028,6
71029,5
71030,3
71031,2
71032,6
71033,4
71034,5
71035,6
71036,6
71037,5
71038,6
71039,6
71040,5
71041,2
71042,6
71043,7
71044,4
71045,7
71046,2
71047,3
71048,7
71049,4
71050,4
71051,5
71052,6
71053,6
71054,6
71055,5
71056,7
71057,7
71058,3
71059,5
71060,4
71061,5
71062,2
71063,6
71064,6
71065,5
71066,5
71067,1
71068,6
71069,4
71070,2
71071,4
71072,5
71073,3
71074,5
71075,2
71076,5
71077,6
71078,2
71079,3
71080,2
71081,4
71082,5
71083,7
71084,4
71085,5
71086,5
71087,6
71088,4
71089,7
71090,5
71091,3
71092,5
71093,3
71094,5
71095,3
71096,6
71097,4
71098,5
71099,4
71100,6
71101,7
71102,4
71103,5
71104,7
71105,4
71106,5
71107,1
71108,3
71109,6
71110,7
71111,5
71112,6
71113,7
71114,5
71115,4
71116,5
71117,5
71118,2
71119,7
71120,5
71121,7
71122,5
71123,7
71124,4
71125,5
71126,5
71127,3
71128,6
71129,6
71130,5
71131,3
71132,4
71133,5
71134,5
71135,6
71136,7
71137,6
71138,5
71139,7
71140,3
71141,4
71142,7
71143,4
71144,4
71145,2
71146,5
71147,5
71148,1
71149,5
71150,1
71151,5
71152,4
71153,5
71154,5
71155,6
71156,6
71157,5
71158,5
71159,6
71160,6
71161,5
71162,5
71163,4
71164,4
71165,4
71166,3
71167,7
71168,5
71169,6
71170,5
71171,2
71172,5
71173,5
71174,6
71175,7
71176,4
71177,2
71178,5
71179,3
71180,5
71181,6
71182,1
71183,5
71184,5
71185,4
71186,5
71187,6
71188,4
71189,7
71190,5
71191,5
71192,4
71193,4
71194,4
71195,4
71196,7
71197,6
71198,6
71199,7
71200,5
71201,7
71202,3
71203,6
71204,4
71205,4
71206,2
71207,7
71208,4
71209,5
71210,5
71211,6
71212,4
71213,3
71214,5
71215,4
71216,4
71217,5
71218,4
71219,4
71220,4
71221,6
71222,5
71223,3
71224,4
71225,5
71226,4
71227,5
71228,5
71229,4
71230,4
71231,5
71232,5
71233,5
71234,6
71235,5
71236,4
71237,7
71238,5
71239,4
71240,2
71241,5
71242,6
71243,6
71244,5
71245,6
71246,6
71247,4
71248,6
71249,5
71250,2
71251,4
71252,5
71253,2
71254,5
71255,5
71256,3
71257,4
71258,7
71259,4
71260,4
71261,5
71262,4
71263,6
71264,6
71265,4
71266,5
71267,2
71268,2
71269,6
71270,7
71271,6
71272,5
71273,4
71274,4
71275,4
71276,5
71277,2
71278,5
71279,5
71280,7
71281,5
71282,3
71283,6
71284,6
71285,4
71286,4
71287,4
71288,4
71289,4
71290,5
71291,5
71292,7
71293,3
71294,7
71295,5
71296,5
71297,7
71298,3
71299,6
71300,7
71301,2
71302,3
71303,5
71304,6
71305,6
71306,2
71307,4
71308,6
71309,6
71310,5
71311,5
71312,5
71313,7
71314,5
71315,7
71316,6
71317,4
71318,4
71319,5
71320,5
71321,4
71322,4
71323,7
71324,4
71325,6
71326,7
71327,4
71328,5
71329,5
71330,5
71331,7
71332,3
71333,5
71334,6
71335,7
71336,4
71337,5
71338,5
71339,6
71340,4
71341,4
71342,3
71343,4
71344,5
71345,4
71346,6
71347,3
71348,6
71349,2
71350,6
71351,7
71352,3
71353,5
71354,3
71355,5
71356,5
71357,7
71358,7
71359,5
71360,3
71361,4
71362,5
71363,5
71364,6
71365,3
71366,2
71367,5
71368,4
71369,7
71370,4
71371,5
71372,6
71373,6
71374,6
71375,6
71376,7
71377,6
71378,4
71379,6
71380,2
71381,5
71382,5
71383,5
71384,6
71385,2
71386,5
71387,7
71388,5
71389,2
71390,3
71391,5
71392,1
71393,4
71394,6
71395,4
71396,7
71397,4
71398,3
71399,3
71400,4
71401,6
71402,5
71403,5
71404,1
71405,4
71406,5
71407,5
71408,3
71409,6
71410,5
71411,5
71412,5
71413,4
71414,4
71415,4
71416,3
71417,3
71418,7
71419,7
71420,3
71421,7
71422,7
71423,6
71424,5
71425,3
71426,6
71427,6
71428,2
71429,3
71430,7
71431,2
71432,3
71433,5
71434,7
71435,7
71436,3
71437,6
71438,5
71439,6
71440,3
71441,4
71442,6
71443,7
71444,5
71445,5
71446,5
71447,5
71448,6
71449,7
71450,5
71451,7
71452,3
71453,6
71454,4
71455,7
71456,6
71457,7
71458,6
71459,4
71460,5
71461,4
71462,3
71463,3
71464,6
71465,4
71466,5
71467,5
71468,4
71469,4
71470,7
71471,6
71472,5
71473,5
71474,4
71475,7
71476,4
71477,3
71478,7
71479,7
71480,2
71481,3
71482,6
71483,5
71484,5
71485,2
71486,5
71487,5
71488,5
71489,1
71490,7
71491,4
71492,5
71493,6
71494,4
71495,6
71496,4
71497,5
71498,6
71499,5
71500,5
71501,4
71502,5
71503,5
71504,7
71505,4
71506,2
71507,5
71508,6
71509,3
71510,6
71511,5
71512,6
71513,5
71514,2
71515,4
71516,3
71517,5
71518,1
71519,6
71520,3
71521,5
71522,5
71523,5
71524,4
71525,5
71526,5
71527,5
71528,6
71529,3
71530,5
71531,2
71532,3
71533,6
71534,6
71535,5
71536,3
71537,3
71538,4
71539,7
71540,5
71541,6
71542,7
71543,5
71544,5
71545,7
71546,2
71547,5
71548,5
71549,5
71550,6
71551,6
71552,4
71553,5
71554,6
71555,4
71556,6
71557,5
71558,6
71559,7
71560,6
71561,5
71562,6
71563,6
71564,7
71565,7
71566,6
71567,5
71568,4
71569,6
71570,4
71571,5
71572,4
71573,6
71574,7
71575,5
71576,4
71577,5
71578,6
71579,7
71580,4
71581,6
71582,2
71583,3
71584,6
71585,7
71586,5
71587,5
71588,6
71589,4
71590,5
71591,6
71592,4
71593,5
71594,5
71595,5
71596,6
71597,4
71598,4
71599,7
71600,6
71601,5
71602,6
71603,6
71604,4
71605,6
71606,7
71607,6
71608,5
71609,2
71610,4
71611,4
71612,5
71613,3
71614,4
71615,6
71616,5
71617,5
71618,6
71619,5
71620,6
71621,6
71622,5
71623,2
71624,5
71625,6
71626,4
71627,5
71628,2
71629,7
71630,4
71631,2
71632,3
71633,5
71634,4
71635,5
71636,6
71637,7
71638,4
71639,4
71640,5
71641,6
71642,5
71643,5
71644,7
71645,5
71646,7
71647,3
71648,5
71649,3
71650,4
71651,5
71652,4
71653,4
71654,4
71655,6
71656,6
71657,5
71658,5
71659,7
71660,5
71661,6
71662,5
71663,5
71664,6
71665,3
71666,7
71667,4
71668,6
71669,7
71670,7
71671,6
71672,3
71673,4
71674,5
71675,5
71676,7
71677,7
71678,6
71679,7
71680,2
71681,2
71682,4
71683,5
71684,6
71685,3
71686,5
71687,5
71688,5
71689,5
71690,5
71691,5
71692,4
71693,7
71694,5
71695,5
71696,4
71697,5
71698,5
71699,6
71700,6
71701,2
71702,6
71703,5
71704,4
71705,6
71706,4
71707,4
71708,5
71709,6
71710,6
71711,5
71712,2
71713,4
71714,3
71715,6
71716,7
71717,5
71718,6
71719,4
71720,6
71721,2
71722,5
71723,4
71724,5
71725,5
71726,6
71727,4
71728,2
71729,6
71730,2
71731,5
71732,5
71733,5
71734,4
71735,5
71736,3
71737,4
71738,5
71739,3
71740,2
71741,2
71742,3
71743,4
71744,4
71745,7
71746,5
71747,4
71748,6
71749,4
71750,6
71751,2
71752,3
71753,4
71754,3
71755,6
71756,6
71757,7
71758,7
71759,6
71760,5
71761,4
71762,4
71763,7
71764,6
71765,5
71766,4
71767,2
71768,7
71769,4
71770,4
71771,2
71772,5
71773,6
71774,4
71775,4
71776,3
71777,4
71778,6
71779,5
71780,3
71781,1
71782,6
71783,5
71784,3
71785,6
71786,4
71787,2
71788,6
71789,4
71790,5
71791,6
71792,4
71793,3
71794,7
71795,6
71796,4
71797,2
71798,4
71799,5
71800,5
71801,3
71802,4
71803,6
71804,5
71805,6
71806,3
71807,6
71808,5
71809,6
71810,3
71811,2
71812,4
71813,1
71814,5
71815,4
71816,4
71817,6
71818,5
71819,6
71820,5
71821,4
71822,5
71823,5
71824,4
71825,5
71826,7
71827,5
71828,5
71829,6
71830,5
71831,5
71832,7
71833,5
71834,5
71835,7
71836,3
71837,5
71838,3
71839,5
71840,7
71841,4
71842,4
71843,1
71844,5
71845,5
71846,6
71847,5
71848,3
71849,3
71850,6
71851,5
71852,5
71853,6
71854,2
71855,4
71856,6
71857,6
71858,4
71859,4
71860,7
71861,5
71862,4
71863,4
71864,4
71865,3
71866,2
71867,5
71868,5
71869,7
71870,5
71871,4
71872,7
71873,7
71874,4
71875,5
71876,5
71877,5
71878,7
71879,4
71880,3
71881,5
71882,6
71883,5
71884,4
71885,6
71886,7
71887,6
71888,5
71889,7
71890,5
71891,2
71892,6
71893,3
71894,5
71895,2
71896,5
71897,7
71898,4
71899,5
71900,5
71901,7
71902,7
71903,5
71904,4
71905,5
71906,6
71907,7
71908,2
71909,5
71910,4
71911,4
71912,3
71913,5
71914,5
71915,3
71916,1
71917,4
71918,5
71919,3
71920,4
71921,5
71922,5
71923,3
71924,4
71925,5
71926,7
71927,2
71928,5
71929,4
71930,4
71931,5
71932,4
71933,5
71934,5
71935,6
71936,7
71937,5
71938,6
71939,5
71940,4
71941,4
71942,4
71943,5
71944,7
71945,4
71946,2
71947,6
71948,4
71949,3
71950,5
71951,5
71952,7
71953,5
71954,5
71955,2
71956,6
71957,3
71958,3
71959,2
71960,5
71961,6
71962,5
71963,5
71964,4
71965,6
71966,7
71967,3
71968,4
71969,6
71970,4
71971,7
71972,2
71973,7
71974,5
71975,6
71976,7
71977,7
71978,6
71979,5
71980,5
71981,4
71982,5
71983,5
71984,7
71985,4
71986,6
71987,4
71988,5
71989,5
71990,4
71991,6
71992,3
71993,5
71994,6
71995,4
71996,7
71997,2
71998,2
71999,3
72000,5
72001,3
72002,6
72003,5
72004,4
72005,5
72006,6
72007,7
72008,5
72009,5
72010,4
72011,4
72012,4
72013,4
72014,5
72015,3
72016,4
72017,6
72018,5
72019,4
72020,5
72021,6
72022,6
72023,4
72024,5
72025,5
72026,4
72027,5
72028,4
72029,3
72030,4
72031,3
72032,6
72033,6
72034,3
72035,4
72036,4
72037,5
72038,1
72039,4
72040,6
72041,3
72042,5
72043,5
72044,5
72045,5
72046,3
72047,5
72048,7
72049,6
72050,4
72051,6
72052,5
72053,6
72054,5
72055,5
72056,6
72057,7
72058,5
72059,3
72060,3
72061,5
72062,5
72063,4
72064,5
72065,2
72066,3
72067,5
72068,6
72069,4
72070,2
72071,5
72072,5
72073,7
72074,4
72075,6
72076,7
72077,7
72078,7
72079,4
72080,7
72081,3
72082,6
72083,5
72084,5
72085,6
72086,6
72087,1
72088,4
72089,7
72090,5
72091,6
72092,5
72093,4
72094,6
72095,6
72096,5
72097,4
72098,5
72099,4
72100,7
72101,7
72102,7
72103,5
72104,6
72105,4
72106,3
72107,4
72108,4
72109,6
72110,6
72111,2
72112,6
72113,4
72114,2
72115,4
72116,5
72117,5
72118,7
72119,5
72120,3
72121,5
72122,6
72123,4
72124,3
72125,5
72126,4
72127,6
72128,6
72129,6
72130,2
72131,4
72132,7
72133,4
72134,4
72135,5
72136,7
72137,4
72138,3
72139,7
72140,4
72141,6
72142,6
72143,4
72144,5
72145,2
72146,6
72147,3
72148,5
72149,4
72150,4
72151,4
72152,6
72153,7
72154,4
72155,6
72156,3
72157,6
72158,5
72159,5
72160,4
72161,6
72162,6
72163,3
72164,4
72165,7
72166,5
72167,3
72168,4
72169,5
72170,6
72171,6
72172,4
72173,5
72174,1
72175,7
72176,6
72177,5
72178,4
72179,4
72180,4
72181,3
72182,5
72183,4
72184,5
72185,2
72186,6
72187,5
72188,6
72189,3
72190,5
72191,6
72192,5
72193,5
72194,4
72195,6
72196,5
72197,7
72198,4
72199,4
72200,4
72201,2
72202,5
72203,5
72204,4
72205,7
72206,2
72207,5
72208,3
72209,6
72210,5
72211,6
72212,4
72213,6
72214,5
72215,2
72216,5
72217,5
72218,6
72219,1
72220,6
72221,4
72222,5
72223,5
72224,2
72225,5
72226,5
72227,5
72228,4
72229,5
72230,4
72231,3
72232,5
72233,5
72234,6
72235,6
72236,2
72237,1
72238,3
72239,3
72240,5
72241,7
72242,7
72243,4
72244,3
72245,6
72246,5
72247,5
72248,7
72249,5
72250,3
72251,6
72252,4
72253,7
72254,5
72255,6
72256,5
72257,5
72258,6
72259,2
72260,7
72261,5
72262,4
72263,2
72264,5
72265,6
72266,7
72267,1
72268,3
72269,2
72270,6
72271,5
72272,5
72273,3
72274,5
72275,4
72276,2
72277,6
72278,6
72279,5
72280,5
72281,5
72282,5
72283,6
72284,5
72285,3
72286,5
72287,4
72288,5
72289,6
72290,3
72291,4
72292,3
72293,6
72294,6
72295,7
72296,2
72297,6
72298,5
72299,5
72300,6
72301,7
72302,5
72303,6
72304,4
72305,5
72306,5
72307,4
72308,5
72309,2
72310,6
72311,6
72312,4
72313,6
72314,5
72315,4
72316,3
72317,5
72318,5
72319,4
72320,7
72321,7
72322,5
72323,1
72324,6
72325,5
72326,4
72327,3
72328,4
72329,5
72330,6
72331,6
72332,5
72333,6
72334,4
72335,6
72336,5
72337,4
72338,7
72339,7
72340,2
72341,6
72342,7
72343,6
72344,2
72345,5
72346,5
72347,4
72348,5
72349,6
72350,6
72351,2
72352,5
72353,5
72354,6
72355,4
72356,6
72357,6
72358,4
72359,5
72360,7
72361,6
72362,4
72363,5
72364,3
72365,5
72366,6
72367,7
72368,5
72369,5
72370,6
72371,5
72372,5
72373,7
72374,5
72375,5
72376,5
72377,5
72378,6
72379,5
72380,6
72381,4
72382,7
72383,7
72384,7
72385,6
72386,7
72387,4
72388,4
72389,6
72390,5
72391,5
72392,5
72393,5
72394,7
72395,5
72396,4
72397,7
72398,1
72399,1
72400,2
72401,4
72402,7
72403,4
72404,3
72405,6
72406,3
72407,5
72408,6
72409,5
72410,5
72411,3
72412,7
72413,4
72414,4
72415,4
72416,5
72417,6
72418,2
72419,5
72420,7
72421,4
72422,6
72423,2
72424,4
72425,6
72426,2
72427,5
72428,5
72429,3
72430,2
72431,4
72432,6
72433,7
72434,6
72435,6
72436,7
72437,4
72438,4
72439,6
72440,5
72441,3
72442,3
72443,6
72444,5
72445,5
72446,6
72447,7
72448,5
72449,6
72450,4
72451,7
72452,5
72453,4
72454,5
72455,7
72456,7
72457,5
72458,6
72459,5
72460,4
72461,6
72462,5
72463,4
72464,7
72465,3
72466,3
72467,5
72468,5
72469,4
72470,7
72471,5
72472,5
72473,5
72474,4
72475,3
72476,3
72477,5
72478,7
72479,6
72480,7
72481,5
72482,5
72483,4
72484,4
72485,5
72486,7
72487,5
72488,5
72489,2
72490,4
72491,5
72492,6
72493,4
72494,6
72495,5
72496,4
72497,6
72498,6
72499,5
72500,4
72501,4
72502,5
72503,5
72504,6
72505,6
72506,4
72507,5
72508,3
72509,7
72510,5
72511,3
72512,3
72513,6
72514,5
72515,7
72516,2
72517,5
72518,1
72519,1
72520,6
72521,1
72522,7
72523,4
72524,7
72525,4
72526,5
72527,5
72528,6
72529,4
72530,3
72531,7
72532,4
72533,5
72534,4
72535,6
72536,4
72537,5
72538,5
72539,5
72540,6
72541,7
72542,3
72543,7
72544,2
72545,5
72546,6
72547,1
72548,7
72549,6
72550,5
72551,6
72552,5
72553,7
72554,2
72555,4
72556,3
72557,4
72558,6
72559,5
72560,2
72561,5
72562,6
72563,6
72564,7
72565,7
72566,5
72567,6
72568,6
72569,5
72570,4
72571,7
72572,7
72573,4
72574,7
72575,6
72576,5
72577,5
72578,4
72579,6
72580,7
72581,4
72582,6
72583,4
72584,3
72585,4
72586,5
72587,7
72588,7
72589,5
72590,3
72591,5
72592,5
72593,6
72594,2
72595,3
72596,4
72597,4
72598,5
72599,4
72600,4
72601,3
72602,4
72603,4
72604,6
72605,5
72606,7
72607,6
72608,6
72609,6
72610,4
72611,5
72612,3
72613,4
72614,5
72615,3
72616,2
72617,6
72618,6
72619,2
72620,6
72621,6
72622,4
72623,6
72624,3
72625,5
72626,7
72627,4
72628,5
72629,2
72630,6
72631,3
72632,6
72633,5
72634,4
72635,7
72636,5
72637,3
72638,4
72639,7
72640,6
72641,5
72642,7
72643,6
72644,4
72645,5
72646,6
72647,4
72648,5
72649,4
72650,5
72651,7
72652,6
72653,5
72654,7
72655,7
72656,4
72657,3
72658,3
72659,4
72660,7
72661,4
72662,6
72663,6
72664,2
72665,7
72666,3
72667,4
72668,6
72669,2
72670,4
72671,4
72672,7
72673,5
72674,4
72675,5
72676,6
72677,5
72678,7
72679,3
72680,5
72681,7
72682,3
72683,5
72684,5
72685,5
72686,7
72687,5
72688,3
72689,6
72690,4
72691,7
72692,2
72693,7
72694,4
72695,5
72696,5
72697,5
72698,6
72699,7
72700,7
72701,6
72702,7
72703,5
72704,4
72705,4
72706,5
72707,5
72708,4
72709,7
72710,2
72711,3
72712,6
72713,5
72714,6
72715,6
72716,6
72717,3
72718,6
72719,4
72720,5
72721,5
72722,5
72723,7
72724,3
72725,6
72726,6
72727,5
72728,7
72729,5
72730,4
72731,5
72732,5
72733,3
72734,3
72735,7
72736,5
72737,6
72738,5
72739,6
72740,5
72741,4
72742,3
72743,5
72744,7
72745,3
72746,3
72747,2
72748,6
72749,6
72750,7
72751,6
72752,4
72753,7
72754,7
72755,5
72756,6
72757,4
72758,5
72759,7
72760,6
72761,7
72762,3
72763,5
72764,3
72765,2
72766,5
72767,4
72768,5
72769,5
72770,7
72771,5
72772,6
72773,6
72774,7
72775,3
72776,6
72777,3
72778,7
72779,4
72780,7
72781,4
72782,4
72783,6
72784,6
72785,5
72786,5
72787,6
72788,5
72789,4
72790,5
72791,2
72792,5
72793,5
72794,3
72795,4
72796,7
72797,5
72798,4
72799,5
72800,3
72801,3
72802,4
72803,3
72804,5
72805,6
72806,4
72807,7
72808,4
72809,6
72810,4
72811,4
72812,3
72813,4
72814,6
72815,3
72816,6
72817,6
72818,4
72819,3
72820,5
72821,5
72822,4
72823,4
72824,4
72825,4
72826,4
72827,4
72828,5
72829,6
72830,6
72831,5
72832,3
72833,5
72834,5
72835,7
72836,6
72837,5
72838,6
72839,5
72840,5
72841,5
72842,5
72843,5
72844,6
72845,7
72846,3
72847,6
72848,5
72849,4
72850,6
72851,7
72852,2
72853,5
72854,3
72855,4
72856,5
72857,6
72858,5
72859,4
72860,7
72861,7
72862,6
72863,4
72864,5
72865,5
72866,5
72867,3
72868,3
72869,6
72870,5
72871,4
72872,6
72873,6
72874,5
72875,2
72876,7
72877,4
72878,1
72879,5
72880,7
72881,3
72882,4
72883,3
72884,2
72885,4
72886,7
72887,4
72888,5
72889,3
72890,4
72891,6
72892,7
72893,4
72894,6
72895,7
72896,4
72897,7
72898,6
72899,7
72900,2
72901,5
72902,7
72903,4
72904,4
72905,2
72906,2
72907,1
72908,4
72909,3
72910,3
72911,5
72912,6
72913,4
72914,5
72915,3
72916,3
72917,6
72918,4
72919,6
72920,6
72921,5
72922,6
72923,7
72924,6
72925,3
72926,6
72927,7
72928,5
72929,3
72930,5
72931,5
72932,2
72933,5
72934,2
72935,7
72936,5
72937,6
72938,5
72939,6
72940,1
72941,3
72942,5
72943,7
72944,6
72945,3
72946,6
72947,6
72948,5
72949,7
72950,7
72951,5
72952,3
72953,4
72954,6
72955,7
72956,5
72957,5
72958,4
72959,4
72960,4
72961,7
72962,7
72963,4
72964,6
72965,5
72966,6
72967,5
72968,2
72969,7
72970,6
72971,6
72972,4
72973,7
72974,5
72975,4
72976,7
72977,4
72978,5
72979,7
72980,6
72981,5
72982,3
72983,4
72984,6
72985,3
72986,3
72987,1
72988,5
72989,6
72990,3
72991,5
72992,5
72993,6
72994,5
72995,6
72996,2
72997,2
72998,5
72999,5
73000,4
73001,5
73002,3
73003,7
73004,4
73005,7
73006,6
73007,4
73008,4
73009,4
73010,7
73011,4
73012,2
73013,7
73014,2
73015,6
73016,7
73017,4
73018,1
73019,5
73020,5
73021,5
73022,5
73023,6
73024,5
73025,7
73026,4
73027,7
73028,4
73029,6
73030,5
73031,5
73032,5
73033,5
73034,7
73035,7
73036,5
73037,4
73038,5
73039,6
73040,4
73041,3
73042,5
73043,3
73044,2
73045,6
73046,3
73047,6
73048,6
73049,5
73050,5
73051,5
73052,4
73053,5
73054,6
73055,5
73056,5
73057,5
73058,5
73059,1
73060,3
73061,6
73062,4
73063,5
73064,3
73065,4
73066,5
73067,7
73068,7
73069,1
73070,5
73071,5
73072,1
73073,4
73074,2
73075,4
73076,6
73077,3
73078,4
73079,7
73080,5
73081,2
73082,5
73083,6
73084,4
73085,1
73086,6
73087,6
73088,5
73089,4
73090,3
73091,5
73092,5
73093,7
73094,6
73095,2
73096,6
73097,7
73098,4
73099,6
73100,4
73101,5
73102,5
73103,3
73104,5
73105,4
73106,3
73107,4
73108,5
73109,7
73110,4
73111,6
73112,1
73113,5
73114,3
73115,1
73116,5
73117,6
73118,6
73119,7
73120,4
73121,6
73122,1
73123,7
73124,3
73125,3
73126,5
73127,4
73128,4
73129,6
73130,6
73131,5
73132,6
73133,1
73134,5
73135,5
73136,7
73137,4
73138,5
73139,5
73140,6
73141,6
73142,6
73143,5
73144,3
73145,5
73146,1
73147,6
73148,4
73149,5
73150,5
73151,3
73152,3
73153,3
73154,5
73155,7
73156,6
73157,5
73158,5
73159,7
73160,4
73161,6
73162,6
73163,6
73164,4
73165,4
73166,2
73167,3
73168,7
73169,2
73170,7
73171,3
73172,7
73173,2
73174,6
73175,4
73176,7
73177,6
73178,5
73179,3
73180,7
73181,5
73182,7
73183,5
73184,7
73185,5
73186,5
73187,6
73188,5
73189,7
73190,3
73191,3
73192,4
73193,1
73194,5
73195,6
73196,2
73197,6
73198,4
73199,7
73200,3
73201,4
73202,5
73203,5
73204,7
73205,3
73206,7
73207,1
73208,4
73209,5
73210,6
73211,4
73212,6
73213,6
73214,2
73215,2
73216,4
73217,3
73218,6
73219,6
73220,5
73221,2
73222,4
73223,4
73224,7
73225,7
73226,6
73227,5
73228,7
73229,6
73230,5
73231,4
73232,6
73233,6
73234,4
73235,4
73236,3
73237,4
73238,5
73239,6
73240,5
73241,6
73242,5
73243,3
73244,6
73245,6
73246,7
73247,6
73248,6
73249,4
73250,5
73251,5
73252,4
73253,4
73254,6
73255,5
73256,4
73257,4
73258,5
73259,4
73260,4
73261,3
73262,3
73263,4
73264,5
73265,7
73266,4
73267,3
73268,6
73269,2
73270,4
73271,5
73272,6
73273,6
73274,5
73275,4
73276,4
73277,5
73278,7
73279,5
73280,6
73281,5
73282,4
73283,6
73284,3
73285,7
73286,5
73287,4
73288,5
73289,4
73290,6
73291,5
73292,5
73293,5
73294,6
73295,6
73296,6
73297,7
73298,5
73299,5
73300,5
73301,5
73302,5
73303,6
73304,5
73305,4
73306,3
73307,4
73308,6
73309,6
73310,5
73311,7
73312,4
73313,5
73314,7
73315,6
73316,4
73317,5
73318,5
73319,5
73320,5
73321,1
73322,5
73323,5
73324,4
73325,5
73326,6
73327,6
73328,5
73329,4
73330,3
73331,2
73332,4
73333,6
73334,5
73335,4
73336,5
73337,5
73338,7
73339,5
73340,4
73341,3
73342,7
73343,4
73344,5
73345,6
73346,4
73347,5
73348,5
73349,5
73350,3
73351,5
73352,4
73353,4
73354,4
73355,4
73356,7
73357,5
73358,3
73359,4
73360,6
73361,4
73362,5
73363,5
73364,4
73365,7
73366,2
73367,3
73368,6
73369,5
73370,4
73371,5
73372,4
73373,4
73374,7
73375,2
73376,4
73377,6
73378,7
73379,5
73380,5
73381,4
73382,5
73383,5
73384,3
73385,3
73386,5
73387,7
73388,7
73389,7
73390,5
73391,4
73392,6
73393,7
73394,7
73395,2
73396,5
73397,6
73398,5
73399,3
73400,5
73401,2
73402,3
73403,1
73404,7
73405,5
73406,5
73407,5
73408,4
73409,3
73410,3
73411,5
73412,5
73413,6
73414,5
73415,7
73416,4
73417,5
73418,5
73419,5
73420,6
73421,6
73422,2
73423,1
73424,6
73425,6
73426,3
73427,3
73428,6
73429,5
73430,3
73431,7
73432,5
73433,5
73434,6
73435,3
73436,6
73437,6
73438,3
73439,5
73440,5
73441,5
73442,5
73443,3
73444,4
73445,7
73446,3
73447,5
73448,4
73449,7
73450,3
73451,4
73452,5
73453,3
73454,4
73455,6
73456,6
73457,5
73458,4
73459,4
73460,6
73461,3
73462,4
73463,3
73464,4
73465,7
73466,5
73467,4
73468,5
73469,6
73470,5
73471,3
73472,5
73473,5
73474,6
73475,5
73476,5
73477,4
73478,4
73479,6
73480,4
73481,6
73482,7
73483,5
73484,2
73485,5
73486,3
73487,7
73488,7
73489,5
73490,3
73491,3
73492,4
73493,6
73494,7
73495,4
73496,3
73497,6
73498,7
73499,7
73500,4
73501,6
73502,3
73503,7
73504,5
73505,4
73506,6
73507,5
73508,7
73509,5
73510,3
73511,4
73512,6
73513,6
73514,4
73515,7
73516,6
73517,3
73518,4
73519,4
73520,4
73521,2
73522,6
73523,3
73524,1
73525,5
73526,7
73527,7
73528,6
73529,3
73530,4
73531,5
73532,3
73533,5
73534,7
73535,5
73536,7
73537,6
73538,5
73539,6
73540,3
73541,7
73542,5
73543,6
73544,5
73545,5
73546,5
73547,4
73548,6
73549,5
73550,5
73551,6
73552,4
73553,6
73554,5
73555,5
73556,4
73557,5
73558,5
73559,4
73560,3
73561,3
73562,7
73563,3
73564,5
73565,6
73566,5
73567,3
73568,6
73569,5
73570,7
73571,4
73572,5
73573,4
73574,5
73575,5
73576,6
73577,6
73578,5
73579,5
73580,7
73581,5
73582,7
73583,6
73584,4
73585,5
73586,5
73587,2
73588,3
73589,4
73590,5
73591,5
73592,5
73593,4
73594,7
73595,4
73596,7
73597,7
73598,3
73599,6
73600,3
73601,1
73602,4
73603,4
73604,5
73605,5
73606,5
73607,5
73608,5
73609,5
73610,5
73611,4
73612,4
73613,4
73614,6
73615,5
73616,6
73617,6
73618,5
73619,5
73620,7
73621,5
73622,6
73623,6
73624,5
73625,1
73626,3
73627,4
73628,2
73629,4
73630,7
73631,1
73632,5
73633,6
73634,7
73635,3
73636,4
73637,4
73638,6
73639,4
73640,6
73641,4
73642,6
73643,6
73644,2
73645,5
73646,3
73647,5
73648,5
73649,4
73650,5
73651,6
73652,5
73653,4
73654,4
73655,6
73656,4
73657,4
73658,6
73659,7
73660,4
73661,2
73662,7
73663,2
73664,7
73665,6
73666,5
73667,5
73668,5
73669,3
73670,7
73671,6
73672,5
73673,4
73674,6
73675,2
73676,7
73677,7
73678,5
73679,6
73680,5
73681,1
73682,6
73683,6
73684,4
73685,2
73686,5
73687,7
73688,5
73689,4
73690,5
73691,7
73692,4
73693,4
73694,5
73695,6
73696,2
73697,6
73698,5
73699,2
73700,4
73701,5
73702,5
73703,5
73704,5
73705,6
73706,3
73707,4
73708,4
73709,1
73710,4
73711,6
73712,5
73713,7
73714,5
73715,2
73716,7
73717,4
73718,6
73719,6
73720,5
73721,6
73722,6
73723,5
73724,7
73725,7
73726,7
73727,4
73728,3
73729,5
73730,3
73731,4
73732,7
73733,3
73734,4
73735,6
73736,4
73737,6
73738,5
73739,5
73740,7
73741,5
73742,5
73743,3
73744,3
73745,4
73746,3
73747,3
73748,5
73749,5
73750,4
73751,7
73752,7
73753,5
73754,7
73755,4
73756,5
73757,6
73758,6
73759,4
73760,7
73761,7
73762,4
73763,5
73764,5
73765,5
73766,3
73767,1
73768,5
73769,5
73770,5
73771,7
73772,3
73773,5
73774,6
73775,4
73776,6
73777,7
73778,4
73779,5
73780,7
73781,4
73782,3
73783,7
73784,7
73785,5
73786,7
73787,5
73788,7
73789,7
73790,4
73791,4
73792,1
73793,7
73794,4
73795,4
73796,7
73797,5
73798,3
73799,3
73800,1
73801,6
73802,6
73803,5
73804,6
73805,7
73806,4
73807,4
73808,7
73809,2
73810,4
73811,5
73812,4
73813,3
73814,2
73815,4
73816,5
73817,5
73818,7
73819,4
73820,5
73821,3
73822,3
73823,5
73824,5
73825,6
73826,7
73827,1
73828,6
73829,5
73830,1
73831,3
73832,2
73833,6
73834,5
73835,4
73836,6
73837,3
73838,6
73839,6
73840,5
73841,4
73842,5
73843,6
73844,7
73845,7
73846,6
73847,4
73848,5
73849,7
73850,6
73851,7
73852,6
73853,6
73854,6
73855,6
73856,6
73857,6
73858,5
73859,5
73860,3
73861,5
73862,5
73863,4
73864,5
73865,6
73866,5
73867,4
73868,6
73869,3
73870,6
73871,4
73872,3
73873,5
73874,5
73875,6
73876,7
73877,5
73878,2
73879,3
73880,4
73881,4
73882,7
73883,4
73884,4
73885,6
73886,3
73887,4
73888,6
73889,5
73890,4
73891,3
73892,4
73893,5
73894,5
73895,6
73896,6
73897,6
73898,5
73899,6
73900,5
73901,6
73902,5
73903,6
73904,6
73905,2
73906,3
73907,6
73908,4
73909,5
73910,6
73911,6
73912,5
73913,6
73914,5
73915,5
73916,2
73917,5
73918,5
73919,5
73920,4
73921,5
73922,5
73923,5
73924,5
73925,7
73926,5
73927,7
73928,5
73929,5
73930,2
73931,4
73932,7
73933,5
73934,4
73935,6
73936,4
73937,5
73938,6
73939,3
73940,5
73941,7
73942,4
73943,3
73944,7
73945,6
73946,5
73947,7
73948,5
73949,5
73950,7
73951,5
73952,5
73953,5
73954,4
73955,4
73956,3
73957,4
73958,2
73959,7
73960,3
73961,7
73962,5
73963,7
73964,7
73965,3
73966,5
73967,5
73968,6
73969,4
73970,6
73971,4
73972,5
73973,6
73974,4
73975,5
73976,6
73977,2
73978,6
73979,6
73980,5
73981,6
73982,7
73983,6
73984,6
73985,5
73986,4
73987,2
73988,3
73989,7
73990,6
73991,4
73992,6
73993,7
73994,5
73995,6
73996,3
73997,4
73998,7
73999,5
74000,6
74001,5
74002,5
74003,2
74004,6
74005,6
74006,5
74007,7
74008,5
74009,4
74010,2
74011,3
74012,2
74013,4
74014,3
74015,5
74016,2
74017,5
74018,4
74019,4
74020,7
74021,5
74022,6
74023,3
74024,2
74025,5
74026,6
74027,2
74028,5
74029,4
74030,5
74031,5
74032,7
74033,4
74034,5
74035,2
74036,3
74037,4
74038,3
74039,5
74040,6
74041,3
74042,7
74043,4
74044,7
74045,3
74046,6
74047,7
74048,7
74049,5
74050,6
74051,3
74052,3
74053,2
74054,3
74055,6
74056,5
74057,7
74058,5
74059,6
74060,4
74061,5
74062,7
74063,5
74064,6
74065,7
74066,4
74067,3
74068,5
74069,4
74070,2
74071,3
74072,3
74073,5
74074,7
74075,5
74076,7
74077,5
74078,7
74079,7
74080,5
74081,5
74082,4
74083,3
74084,3
74085,5
74086,5
74087,2
74088,3
74089,7
74090,6
74091,5
74092,6
74093,5
74094,4
74095,5
74096,1
74097,5
74098,5
74099,4
74100,5
74101,4
74102,7
74103,5
74104,1
74105,5
74106,7
74107,7
74108,6
74109,5
74110,2
74111,2
74112,2
74113,3
74114,4
74115,7
74116,7
74117,5
74118,4
74119,6
74120,4
74121,6
74122,2
74123,2
74124,4
74125,4
74126,3
74127,3
74128,4
74129,6
74130,6
74131,5
74132,6
74133,7
74134,6
74135,7
74136,7
74137,5
74138,4
74139,5
74140,2
74141,3
74142,3
74143,5
74144,5
74145,4
74146,7
74147,5
74148,5
74149,5
74150,7
74151,5
74152,3
74153,5
74154,4
74155,5
74156,4
74157,1
74158,7
74159,7
74160,5
74161,3
74162,5
74163,6
74164,4
74165,7
74166,5
74167,7
74168,2
74169,5
74170,4
74171,3
74172,5
74173,5
74174,4
74175,7
74176,3
74177,4
74178,5
74179,7
74180,3
74181,6
74182,3
74183,3
74184,4
74185,5
74186,6
74187,7
74188,5
74189,6
74190,5
74191,2
74192,5
74193,6
74194,2
74195,5
74196,5
74197,7
74198,4
74199,6
74200,3
74201,6
74202,4
74203,5
74204,6
74205,6
74206,6
74207,7
74208,5
74209,7
74210,7
74211,4
74212,5
74213,3
74214,7
74215,5
74216,7
74217,6
74218,5
74219,7
74220,5
74221,5
74222,5
74223,4
74224,7
74225,6
74226,7
74227,4
74228,6
74229,5
74230,7
74231,4
74232,5
74233,4
74234,5
74235,5
74236,5
74237,4
74238,5
74239,6
74240,5
74241,6
74242,7
74243,5
74244,6
74245,4
74246,6
74247,6
74248,5
74249,4
74250,4
74251,5
74252,6
74253,6
74254,4
74255,6
74256,5
74257,4
74258,3
74259,5
74260,3
74261,7
74262,5
74263,6
74264,1
74265,7
74266,2
74267,6
74268,7
74269,6
74270,7
74271,5
74272,6
74273,1
74274,5
74275,4
74276,3
74277,1
74278,5
74279,7
74280,6
74281,6
74282,4
74283,7
74284,7
74285,5
74286,6
74287,6
74288,2
74289,4
74290,3
74291,5
74292,5
74293,4
74294,5
74295,5
74296,3
74297,7
74298,7
74299,4
74300,6
74301,5
74302,5
74303,5
74304,5
74305,6
74306,5
74307,5
74308,4
74309,6
74310,7
74311,4
74312,5
74313,6
74314,4
74315,5
74316,5
74317,4
74318,7
74319,4
74320,6
74321,7
74322,6
74323,1
74324,4
74325,1
74326,5
74327,6
74328,5
74329,6
74330,4
74331,6
74332,6
74333,4
74334,7
74335,4
74336,5
74337,4
74338,4
74339,5
74340,7
74341,3
74342,4
74343,5
74344,4
74345,3
74346,5
74347,7
74348,5
74349,5
74350,1
74351,4
74352,5
74353,4
74354,2
74355,5
74356,6
74357,2
74358,2
74359,3
74360,7
74361,5
74362,7
74363,7
74364,4
74365,4
74366,6
74367,6
74368,5
74369,5
74370,1
74371,7
74372,5
74373,3
74374,7
74375,3
74376,6
74377,7
74378,5
74379,7
74380,7
74381,5
74382,6
74383,6
74384,7
74385,3
74386,5
74387,3
74388,6
74389,7
74390,2
74391,4
74392,5
74393,5
74394,5
74395,7
74396,4
74397,4
74398,3
74399,4
74400,6
74401,6
74402,5
74403,6
74404,4
74405,4
74406,4
74407,6
74408,7
74409,2
74410,3
74411,7
74412,4
74413,6
74414,4
74415,6
74416,4
74417,4
74418,5
74419,7
74420,5
74421,6
74422,6
74423,5
74424,2
74425,3
74426,6
74427,5
74428,5
74429,5
74430,7
74431,5
74432,6
74433,4
74434,3
74435,5
74436,3
74437,3
74438,5
74439,3
74440,6
74441,4
74442,4
74443,5
74444,4
74445,4
74446,7
74447,4
74448,4
74449,4
74450,3
74451,5
74452,6
74453,3
74454,4
74455,5
74456,5
74457,7
74458,6
74459,3
74460,4
74461,5
74462,7
74463,5
74464,3
74465,5
74466,5
74467,3
74468,2
74469,4
74470,7
74471,3
74472,7
74473,4
74474,2
74475,5
74476,7
74477,5
74478,4
74479,5
74480,3
74481,2
74482,5
74483,6
74484,5
74485,5
74486,6
74487,4
74488,5
74489,5
74490,5
74491,5
74492,5
74493,5
74494,5
74495,5
74496,5
74497,3
74498,5
74499,6
74500,5
74501,5
74502,2
74503,4
74504,7
74505,4
74506,4
74507,5
74508,5
74509,4
74510,6
74511,4
74512,3
74513,7
74514,5
74515,4
74516,6
74517,6
74518,7
74519,7
74520,6
74521,7
74522,5
74523,6
74524,6
74525,1
74526,5
74527,2
74528,6
74529,5
74530,7
74531,5
74532,6
74533,4
74534,4
74535,6
74536,6
74537,5
74538,6
74539,7
74540,6
74541,5
74542,6
74543,5
74544,4
74545,3
74546,6
74547,6
74548,5
74549,7
74550,3
74551,5
74552,5
74553,6
74554,7
74555,3
74556,4
74557,5
74558,5
74559,6
74560,5
74561,5
74562,3
74563,6
74564,1
74565,5
74566,2
74567,6
74568,5
74569,6
74570,6
74571,5
74572,5
74573,5
74574,7
74575,5
74576,6
74577,3
74578,5
74579,5
74580,7
74581,5
74582,5
74583,5
74584,5
74585,5
74586,6
74587,5
74588,4
74589,5
74590,3
74591,5
74592,6
74593,6
74594,7
74595,5
74596,7
74597,5
74598,5
74599,4
74600,6
74601,6
74602,7
74603,5
74604,5
74605,4
74606,5
74607,7
74608,2
74609,6
74610,2
74611,7
74612,5
74613,4
74614,5
74615,7
74616,5
74617,5
74618,5
74619,3
74620,5
74621,2
74622,4
74623,4
74624,4
74625,5
74626,6
74627,3
74628,3
74629,6
74630,3
74631,5
74632,5
74633,5
74634,2
74635,7
74636,6
74637,6
74638,3
74639,5
74640,5
74641,4
74642,6
74643,7
74644,4
74645,3
74646,6
74647,7
74648,5
74649,7
74650,6
74651,5
74652,5
74653,4
74654,6
74655,5
74656,5
74657,4
74658,7
74659,4
74660,7
74661,4
74662,5
74663,5
74664,5
74665,3
74666,6
74667,5
74668,5
74669,2
74670,5
74671,4
74672,4
74673,7
74674,6
74675,5
74676,5
74677,6
74678,3
74679,5
74680,6
74681,3
74682,4
74683,5
74684,4
74685,5
74686,5
74687,6
74688,4
74689,3
74690,4
74691,6
74692,3
74693,6
74694,4
74695,3
74696,6
74697,5
74698,4
74699,5
74700,6
74701,6
74702,4
74703,4
74704,5
74705,3
74706,6
74707,6
74708,6
74709,4
74710,5
74711,5
74712,6
74713,5
74714,4
74715,3
74716,4
74717,6
74718,5
74719,5
74720,4
74721,3
74722,3
74723,5
74724,5
74725,4
74726,5
74727,6
74728,6
74729,5
74730,3
74731,6
74732,7
74733,4
74734,4
74735,6
74736,4
74737,4
74738,4
74739,6
74740,7
74741,3
74742,5
74743,4
74744,6
74745,5
74746,4
74747,4
74748,6
74749,5
74750,4
74751,3
74752,6
74753,7
74754,7
74755,3
74756,6
74757,5
74758,7
74759,7
74760,6
74761,2
74762,5
74763,4
74764,5
74765,4
74766,5
74767,6
74768,1
74769,4
74770,5
74771,6
74772,4
74773,6
74774,2
74775,5
74776,6
74777,7
74778,4
74779,5
74780,7
74781,6
74782,7
74783,5
74784,1
74785,5
74786,5
74787,6
74788,2
74789,5
74790,6
74791,4
74792,6
74793,5
74794,4
74795,6
74796,3
74797,6
74798,5
74799,5
74800,6
74801,7
74802,2
74803,6
74804,5
74805,7
74806,3
74807,4
74808,3
74809,1
74810,5
74811,5
74812,4
74813,5
74814,7
74815,5
74816,7
74817,4
74818,7
74819,7
74820,1
74821,4
74822,6
74823,4
74824,6
74825,6
74826,4
74827,5
74828,5
74829,2
74830,7
74831,7
74832,2
74833,5
74834,4
74835,4
74836,6
74837,4
74838,3
74839,2
74840,6
74841,5
74842,5
74843,7
74844,6
74845,7
74846,5
74847,5
74848,6
74849,4
74850,2
74851,5
74852,5
74853,4
74854,7
74855,5
74856,5
74857,5
74858,5
74859,7
74860,5
74861,5
74862,5
74863,5
74864,3
74865,5
74866,1
74867,5
74868,3
74869,4
74870,6
74871,6
74872,7
74873,5
74874,5
74875,7
74876,3
74877,5
74878,5
74879,7
74880,5
74881,7
74882,7
74883,6
74884,5
74885,4
74886,6
74887,7
74888,4
74889,4
74890,5
74891,6
74892,5
74893,5
74894,7
74895,4
74896,7
74897,6
74898,5
74899,5
74900,3
74901,2
74902,5
74903,4
74904,7
74905,4
74906,3
74907,5
74908,2
74909,5
74910,6
74911,3
74912,4
74913,6
74914,4
74915,4
74916,4
74917,4
74918,5
74919,5
74920,4
74921,2
74922,4
74923,4
74924,3
74925,6
74926,6
74927,6
74928,6
74929,3
74930,4
74931,3
74932,4
74933,6
74934,5
74935,2
74936,7
74937,4
74938,5
74939,6
74940,7
74941,4
74942,5
74943,4
74944,6
74945,7
74946,6
74947,4
74948,5
74949,7
74950,3
74951,5
74952,7
74953,4
74954,3
74955,3
74956,4
74957,1
74958,3
74959,5
74960,6
74961,5
74962,6
74963,5
74964,3
74965,6
74966,5
74967,5
74968,2
74969,6
74970,6
74971,4
74972,7
74973,6
74974,5
74975,4
74976,4
74977,4
74978,5
74979,4
74980,3
74981,4
74982,5
74983,5
74984,7
74985,2
74986,5
74987,4
74988,3
74989,6
74990,5
74991,5
74992,7
74993,2
74994,2
74995,7
74996,6
74997,6
74998,3
74999,4
75000,5
75001,4
75002,6
75003,7
75004,5
75005,6
75006,4
75007,5
75008,5
75009,5
75010,7
75011,5
75012,5
75013,2
75014,6
75015,3
75016,6
75017,6
75018,4
75019,7
75020,6
75021,2
75022,5
75023,4
75024,7
75025,5
75026,6
75027,6
75028,7
75029,4
75030,6
75031,5
75032,5
75033,6
75034,2
75035,5
75036,5
75037,3
75038,7
75039,3
75040,6
75041,7
75042,6
75043,2
75044,5
75045,6
75046,4
75047,6
75048,4
75049,3
75050,7
75051,5
75052,5
75053,5
75054,7
75055,6
75056,5
75057,4
75058,4
75059,2
75060,5
75061,5
75062,5
75063,7
75064,6
75065,2
75066,5
75067,7
75068,4
75069,3
75070,5
75071,7
75072,5
75073,7
75074,7
75075,5
75076,7
75077,3
75078,7
75079,5
75080,4
75081,5
75082,5
75083,3
75084,4
75085,4
75086,4
75087,4
75088,5
75089,6
75090,3
75091,5
75092,7
75093,5
75094,6
75095,5
75096,5
75097,7
75098,3
75099,3
75100,6
75101,5
75102,6
75103,2
75104,5
75105,3
75106,2
75107,5
75108,6
75109,5
75110,3
75111,5
75112,6
75113,6
75114,4
75115,7
75116,3
75117,2
75118,5
75119,5
75120,4
75121,3
75122,5
75123,5
75124,4
75125,4
75126,6
75127,5
75128,5
75129,4
75130,7
75131,7
75132,5
75133,5
75134,5
75135,6
75136,5
75137,5
75138,5
75139,4
75140,5
75141,5
75142,7
75143,4
75144,6
75145,5
75146,5
75147,4
75148,1
75149,5
75150,7
75151,2
75152,5
75153,5
75154,3
75155,7
75156,5
75157,4
75158,7
75159,4
75160,6
75161,4
75162,4
75163,7
75164,4
75165,7
75166,6
75167,4
75168,2
75169,4
75170,6
75171,5
75172,5
75173,7
75174,4
75175,4
75176,3
75177,6
75178,7
75179,6
75180,5
75181,4
75182,3
75183,6
75184,6
75185,6
75186,7
75187,4
75188,4
75189,6
75190,5
75191,5
75192,6
75193,4
75194,2
75195,3
75196,3
75197,5
75198,4
75199,3
75200,6
75201,7
75202,2
75203,4
75204,7
75205,5
75206,3
75207,6
75208,5
75209,3
75210,6
75211,6
75212,1
75213,4
75214,4
75215,6
75216,7
75217,4
75218,3
75219,3
75220,3
75221,5
75222,7
75223,5
75224,5
75225,3
75226,6
75227,7
75228,3
75229,4
75230,5
75231,6
75232,3
75233,5
75234,5
75235,4
75236,5
75237,6
75238,7
75239,6
75240,4
75241,5
75242,5
75243,4
75244,5
75245,5
75246,4
75247,6
75248,4
75249,4
75250,6
75251,6
75252,4
75253,5
75254,3
75255,3
75256,3
75257,5
75258,3
75259,7
75260,4
75261,6
75262,5
75263,3
75264,3
75265,5
75266,5
75267,4
75268,3
75269,7
75270,6
75271,5
75272,5
75273,2
75274,4
75275,5
75276,4
75277,5
75278,5
75279,6
75280,5
75281,6
75282,4
75283,6
75284,5
75285,6
75286,5
75287,5
75288,6
75289,5
75290,3
75291,6
75292,3
75293,7
75294,5
75295,5
75296,4
75297,6
75298,4
75299,7
75300,6
75301,6
75302,5
75303,4
75304,3
75305,5
75306,6
75307,6
75308,5
75309,2
75310,3
75311,6
75312,4
75313,1
75314,5
75315,5
75316,4
75317,7
75318,4
75319,5
75320,4
75321,7
75322,7
75323,4
75324,7
75325,6
75326,5
75327,4
75328,5
75329,3
75330,5
75331,4
75332,3
75333,2
75334,5
75335,6
75336,6
75337,6
75338,5
75339,6
75340,7
75341,5
75342,7
75343,6
75344,7
75345,6
75346,6
75347,2
75348,3
75349,4
75350,7
75351,5
75352,4
75353,4
75354,3
75355,5
75356,6
75357,4
75358,2
75359,5
75360,6
75361,5
75362,7
75363,5
75364,6
75365,5
75366,5
75367,6
75368,5
75369,7
75370,5
75371,5
75372,5
75373,5
75374,2
75375,2
75376,5
75377,6
75378,7
75379,4
75380,5
75381,7
75382,4
75383,3
75384,5
75385,3
75386,7
75387,4
75388,6
75389,4
75390,6
75391,4
75392,6
75393,1
75394,6
75395,3
75396,3
75397,1
75398,4
75399,6
75400,6
75401,4
75402,6
75403,6
75404,4
75405,5
75406,4
75407,6
75408,1
75409,6
75410,6
75411,5
75412,7
75413,3
75414,5
75415,4
75416,2
75417,3
75418,1
75419,2
75420,5
75421,4
75422,3
75423,3
75424,4
75425,3
75426,6
75427,4
75428,5
75429,5
75430,7
75431,6
75432,2
75433,3
75434,5
75435,1
75436,3
75437,4
75438,3
75439,5
75440,2
75441,5
75442,6
75443,6
75444,5
75445,6
75446,4
75447,5
75448,7
75449,2
75450,3
75451,1
75452,6
75453,6
75454,5
75455,7
75456,6
75457,5
75458,5
75459,5
75460,6
75461,5
75462,3
75463,3
75464,3
75465,6
75466,6
75467,3
75468,6
75469,7
75470,3
75471,7
75472,4
75473,5
75474,6
75475,6
75476,3
75477,4
75478,6
75479,5
75480,6
75481,6
75482,5
75483,7
75484,2
75485,6
75486,6
75487,2
75488,1
75489,3
75490,4
75491,4
75492,3
75493,4
75494,4
75495,6
75496,6
75497,5
75498,5
75499,5
75500,5
75501,3
75502,2
75503,4
75504,5
75505,4
75506,4
75507,3
75508,4
75509,7
75510,5
75511,6
75512,6
75513,4
75514,5
75515,6
75516,3
75517,7
75518,3
75519,5
75520,3
75521,3
75522,6
75523,5
75524,6
75525,5
75526,6
75527,6
75528,6
75529,5
75530,6
75531,4
75532,5
75533,5
75534,6
75535,5
75536,6
75537,5
75538,4
75539,5
75540,6
75541,4
75542,3
75543,5
75544,4
75545,5
75546,5
75547,4
75548,5
75549,5
75550,3
75551,5
75552,2
75553,6
75554,7
75555,4
75556,5
75557,4
75558,5
75559,4
75560,5
75561,4
75562,6
75563,4
75564,5
75565,6
75566,7
75567,3
75568,2
75569,2
75570,2
75571,5
75572,6
75573,5
75574,6
75575,4
75576,6
75577,4
75578,1
75579,6
75580,5
75581,5
75582,4
75583,4
75584,5
75585,6
75586,6
75587,6
75588,4
75589,5
75590,6
75591,2
75592,5
75593,5
75594,4
75595,3
75596,6
75597,5
75598,7
75599,7
75600,6
75601,5
75602,4
75603,6
75604,5
75605,4
75606,4
75607,7
75608,5
75609,5
75610,5
75611,3
75612,6
75613,2
75614,6
75615,3
75616,1
75617,4
75618,5
75619,6
75620,5
75621,4
75622,4
75623,6
75624,5
75625,6
75626,6
75627,6
75628,4
75629,7
75630,5
75631,4
75632,3
75633,5
75634,4
75635,5
75636,5
75637,7
75638,6
75639,3
75640,5
75641,5
75642,5
75643,4
75644,3
75645,6
75646,3
75647,7
75648,7
75649,5
75650,6
75651,4
75652,4
75653,5
75654,4
75655,6
75656,6
75657,3
75658,4
75659,6
75660,6
75661,7
75662,4
75663,6
75664,7
75665,7
75666,4
75667,3
75668,6
75669,6
75670,4
75671,5
75672,3
75673,3
75674,5
75675,5
75676,4
75677,4
75678,4
75679,4
75680,6
75681,6
75682,5
75683,6
75684,6
75685,4
75686,4
75687,3
75688,7
75689,6
75690,5
75691,7
75692,5
75693,5
75694,2
75695,5
75696,6
75697,5
75698,5
75699,6
75700,7
75701,6
75702,2
75703,3
75704,3
75705,7
75706,5
75707,6
75708,5
75709,4
75710,3
75711,5
75712,5
75713,4
75714,7
75715,4
75716,4
75717,3
75718,2
75719,5
75720,3
75721,5
75722,4
75723,3
75724,6
75725,4
75726,6
75727,6
75728,4
75729,3
75730,5
75731,4
75732,2
75733,5
75734,6
75735,5
75736,6
75737,4
75738,3
75739,5
75740,5
75741,7
75742,7
75743,3
75744,5
75745,6
75746,4
75747,4
75748,1
75749,4
75750,4
75751,3
75752,4
75753,7
75754,3
75755,4
75756,7
75757,3
75758,6
75759,5
75760,6
75761,6
75762,5
75763,3
75764,6
75765,1
75766,7
75767,4
75768,6
75769,7
75770,7
75771,5
75772,4
75773,4
75774,6
75775,5
75776,5
75777,5
75778,4
75779,7
75780,6
75781,4
75782,6
75783,7
75784,6
75785,6
75786,5
75787,5
75788,5
75789,2
75790,1
75791,5
75792,5
75793,3
75794,5
75795,4
75796,5
75797,5
75798,3
75799,1
75800,2
75801,5
75802,6
75803,6
75804,7
75805,4
75806,6
75807,5
75808,5
75809,5
75810,4
75811,4
75812,3
75813,5
75814,2
75815,6
75816,7
75817,5
75818,5
75819,3
75820,5
75821,5
75822,4
75823,6
75824,5
75825,7
75826,4
75827,5
75828,5
75829,3
75830,6
75831,3
75832,4
75833,2
75834,5
75835,3
75836,4
75837,5
75838,4
75839,5
75840,6
75841,5
75842,6
75843,6
75844,5
75845,3
75846,4
75847,3
75848,3
75849,4
75850,2
75851,5
75852,2
75853,7
75854,5
75855,4
75856,6
75857,4
75858,5
75859,6
75860,4
75861,7
75862,6
75863,7
75864,2
75865,2
75866,3
75867,6
75868,5
75869,6
75870,4
75871,3
75872,5
75873,4
75874,5
75875,7
75876,6
75877,7
75878,1
75879,1
75880,3
75881,5
75882,6
75883,5
75884,2
75885,2
75886,6
75887,4
75888,6
75889,5
75890,3
75891,4
75892,2
75893,6
75894,4
75895,4
75896,4
75897,6
75898,7
75899,6
75900,5
75901,7
75902,4
75903,6
75904,6
75905,5
75906,6
75907,5
75908,4
75909,4
75910,7
75911,6
75912,6
75913,7
75914,3
75915,5
75916,7
75917,5
75918,6
75919,5
75920,7
75921,6
75922,5
75923,3
75924,6
75925,6
75926,6
75927,4
75928,5
75929,3
75930,4
75931,1
75932,3
75933,7
75934,4
75935,6
75936,4
75937,5
75938,4
75939,5
75940,7
75941,1
75942,6
75943,4
75944,5
75945,2
75946,6
75947,4
75948,4
75949,6
75950,7
75951,6
75952,6
75953,7
75954,5
75955,5
75956,5
75957,5
75958,3
75959,3
75960,4
75961,7
75962,6
75963,4
75964,2
75965,5
75966,4
75967,5
75968,7
75969,4
75970,7
75971,7
75972,5
75973,1
75974,5
75975,3
75976,4
75977,5
75978,3
75979,5
75980,6
75981,5
75982,3
75983,3
75984,6
75985,2
75986,5
75987,4
75988,4
75989,4
75990,2
75991,5
75992,4
75993,3
75994,5
75995,2
75996,7
75997,4
75998,2
75999,4
76000,1
76001,7
76002,5
76003,5
76004,5
76005,3
76006,4
76007,5
76008,4
76009,6
76010,4
76011,5
76012,7
76013,7
76014,6
76015,4
76016,7
76017,7
76018,7
76019,7
76020,7
76021,6
76022,6
76023,3
76024,6
76025,7
76026,6
76027,5
76028,2
76029,6
76030,7
76031,6
76032,6
76033,7
76034,2
76035,2
76036,4
76037,5
76038,5
76039,3
76040,5
76041,6
76042,5
76043,4
76044,5
76045,3
76046,6
76047,5
76048,4
76049,3
76050,4
76051,5
76052,2
76053,5
76054,6
76055,4
76056,5
76057,4
76058,5
76059,5
76060,4
76061,7
76062,4
76063,3
76064,5
76065,6
76066,6
76067,5
76068,6
76069,6
76070,5
76071,6
76072,5
76073,4
76074,7
76075,3
76076,6
76077,5
76078,5
76079,7
76080,1
76081,4
76082,4
76083,4
76084,6
76085,5
76086,5
76087,6
76088,3
76089,7
76090,3
76091,6
76092,5
76093,4
76094,5
76095,4
76096,5
76097,4
76098,5
76099,4
76100,5
76101,6
76102,6
76103,4
76104,5
76105,7
76106,5
76107,3
76108,4
76109,5
76110,5
76111,5
76112,5
76113,6
76114,5
76115,6
76116,2
76117,5
76118,5
76119,4
76120,2
76121,5
76122,5
76123,5
76124,5
76125,7
76126,5
76127,4
76128,4
76129,6
76130,3
76131,5
76132,7
76133,2
76134,1
76135,4
76136,4
76137,1
76138,5
76139,5
76140,3
76141,4
76142,5
76143,5
76144,4
76145,5
76146,4
76147,3
76148,5
76149,4
76150,4
76151,6
76152,7
76153,3
76154,6
76155,5
76156,3
76157,5
76158,6
76159,6
76160,6
76161,5
76162,6
76163,2
76164,5
76165,5
76166,5
76167,3
76168,4
76169,7
76170,5
76171,5
76172,5
76173,2
76174,5
76175,5
76176,4
76177,7
76178,3
76179,6
76180,4
76181,4
76182,7
76183,5
76184,6
76185,5
76186,5
76187,4
76188,4
76189,4
76190,4
76191,7
76192,4
76193,2
76194,5
76195,5
76196,4
76197,4
76198,5
76199,5
76200,5
76201,6
76202,6
76203,5
76204,4
76205,2
76206,2
76207,7
76208,4
76209,5
76210,7
76211,7
76212,6
76213,7
76214,4
76215,5
76216,5
76217,6
76218,5
76219,5
76220,4
76221,4
76222,5
76223,7
76224,3
76225,1
76226,7
76227,5
76228,5
76229,6
76230,4
76231,5
76232,3
76233,5
76234,6
76235,6
76236,5
76237,6
76238,7
76239,5
76240,7
76241,5
76242,5
76243,7
76244,5
76245,5
76246,5
76247,5
76248,4
76249,6
76250,5
76251,3
76252,3
76253,5
76254,7
76255,5
76256,5
76257,7
76258,4
76259,6
76260,6
76261,5
76262,5
76263,5
76264,2
76265,4
76266,6
76267,1
76268,5
76269,7
76270,4
76271,4
76272,5
76273,6
76274,4
76275,6
76276,5
76277,4
76278,5
76279,6
76280,3
76281,5
76282,7
76283,5
76284,2
76285,6
76286,5
76287,5
76288,6
76289,5
76290,1
76291,5
76292,6
76293,6
76294,7
76295,5
76296,5
76297,5
76298,5
76299,4
76300,7
76301,3
76302,3
76303,6
76304,5
76305,6
76306,7
76307,6
76308,6
76309,4
76310,6
76311,3
76312,7
76313,3
76314,4
76315,2
76316,4
76317,5
76318,4
76319,7
76320,7
76321,3
76322,4
76323,6
76324,5
76325,6
76326,3
76327,5
76328,4
76329,4
76330,6
76331,5
76332,7
76333,6
76334,5
76335,4
76336,4
76337,7
76338,4
76339,5
76340,6
76341,7
76342,5
76343,4
76344,4
76345,5
76346,6
76347,5
76348,3
76349,4
76350,4
76351,7
76352,6
76353,5
76354,6
76355,7
76356,4
76357,5
76358,6
76359,5
76360,7
76361,5
76362,5
76363,7
76364,5
76365,6
76366,4
76367,5
76368,4
76369,3
76370,1
76371,4
76372,3
76373,6
76374,4
76375,6
76376,4
76377,2
76378,4
76379,4
76380,3
76381,3
76382,5
76383,4
76384,2
76385,4
76386,7
76387,6
76388,4
76389,3
76390,3
76391,6
76392,7
76393,6
76394,6
76395,5
76396,3
76397,5
76398,3
76399,5
76400,5
76401,3
76402,4
76403,5
76404,5
76405,5
76406,5
76407,4
76408,4
76409,4
76410,1
76411,6
76412,6
76413,2
76414,5
76415,3
76416,5
76417,6
76418,5
76419,5
76420,6
76421,5
76422,5
76423,5
76424,2
76425,7
76426,3
76427,1
76428,5
76429,4
76430,7
76431,7
76432,7
76433,3
76434,7
76435,6
76436,6
76437,5
76438,2
76439,6
76440,4
76441,4
76442,4
76443,5
76444,7
76445,7
76446,7
76447,7
76448,5
76449,4
76450,1
76451,5
76452,3
76453,4
76454,4
76455,7
76456,7
76457,3
76458,7
76459,7
76460,7
76461,2
76462,6
76463,6
76464,7
76465,5
76466,6
76467,6
76468,6
76469,6
76470,5
76471,2
76472,3
76473,6
76474,5
76475,3
76476,4
76477,5
76478,4
76479,6
76480,5
76481,4
76482,1
76483,4
76484,2
76485,4
76486,5
76487,6
76488,3
76489,7
76490,5
76491,5
76492,4
76493,4
76494,5
76495,5
76496,5
76497,4
76498,5
76499,7
76500,5
76501,6
76502,4
76503,5
76504,2
76505,5
76506,4
76507,3
76508,7
76509,4
76510,5
76511,6
76512,3
76513,6
76514,4
76515,5
76516,5
76517,5
76518,6
76519,5
76520,4
76521,3
76522,7
76523,4
76524,7
76525,6
76526,6
76527,4
76528,2
76529,5
76530,4
76531,5
76532,6
76533,4
76534,5
76535,5
76536,4
76537,4
76538,4
76539,3
76540,2
76541,4
76542,5
76543,4
76544,5
76545,7
76546,7
76547,5
76548,4
76549,5
76550,5
76551,5
76552,5
76553,7
76554,4
76555,5
76556,6
76557,5
76558,5
76559,3
76560,4
76561,5
76562,7
76563,6
76564,5
76565,4
76566,6
76567,4
76568,4
76569,5
76570,6
76571,5
76572,6
76573,7
76574,4
76575,7
76576,5
76577,5
76578,3
76579,4
76580,6
76581,7
76582,5
76583,5
76584,2
76585,4
76586,5
76587,7
76588,5
76589,4
76590,3
76591,3
76592,5
76593,5
76594,4
76595,2
76596,5
76597,4
76598,6
76599,4
76600,6
76601,4
76602,5
76603,6
76604,7
76605,3
76606,5
76607,5
76608,5
76609,2
76610,5
76611,4
76612,5
76613,3
76614,4
76615,3
76616,5
76617,5
76618,2
76619,4
76620,4
76621,3
76622,7
76623,5
76624,5
76625,4
76626,4
76627,6
76628,5
76629,7
76630,7
76631,1
76632,5
76633,5
76634,6
76635,3
76636,5
76637,4
76638,7
76639,5
76640,7
76641,2
76642,5
76643,5
76644,3
76645,5
76646,6
76647,7
76648,6
76649,6
76650,6
76651,7
76652,5
76653,6
76654,4
76655,6
76656,5
76657,6
76658,5
76659,6
76660,5
76661,3
76662,7
76663,5
76664,2
76665,4
76666,5
76667,5
76668,3
76669,6
76670,5
76671,5
76672,5
76673,6
76674,5
76675,4
76676,5
76677,5
76678,4
76679,3
76680,6
76681,6
76682,4
76683,5
76684,5
76685,3
76686,5
76687,5
76688,4
76689,5
76690,7
76691,5
76692,5
76693,5
76694,5
76695,6
76696,5
76697,6
76698,1
76699,5
76700,4
76701,3
76702,6
76703,2
76704,5
76705,5
76706,4
76707,5
76708,4
76709,4
76710,5
76711,5
76712,6
76713,4
76714,1
76715,7
76716,4
76717,6
76718,3
76719,5
76720,1
76721,1
76722,2
76723,5
76724,4
76725,5
76726,5
76727,3
76728,3
76729,5
76730,4
76731,6
76732,5
76733,4
76734,7
76735,4
76736,6
76737,5
76738,5
76739,7
76740,6
76741,4
76742,7
76743,3
76744,4
76745,6
76746,6
76747,4
76748,3
76749,7
76750,4
76751,5
76752,7
76753,4
76754,5
76755,6
76756,5
76757,5
76758,7
76759,5
76760,7
76761,7
76762,4
76763,7
76764,1
76765,5
76766,7
76767,6
76768,6
76769,7
76770,7
76771,4
76772,3
76773,6
76774,4
76775,5
76776,5
76777,5
76778,4
76779,3
76780,4
76781,5
76782,6
76783,4
76784,6
76785,6
76786,6
76787,7
76788,7
76789,3
76790,4
76791,7
76792,3
76793,4
76794,5
76795,4
76796,7
76797,7
76798,5
76799,7
76800,3
76801,6
76802,3
76803,7
76804,7
76805,4
76806,4
76807,6
76808,6
76809,6
76810,5
76811,5
76812,4
76813,4
76814,7
76815,5
76816,5
76817,6
76818,5
76819,4
76820,6
76821,7
76822,5
76823,5
76824,4
76825,5
76826,3
76827,5
76828,7
76829,1
76830,6
76831,6
76832,4
76833,5
76834,7
76835,5
76836,7
76837,4
76838,7
76839,5
76840,5
76841,7
76842,2
76843,6
76844,2
76845,4
76846,2
76847,6
76848,6
76849,5
76850,4
76851,4
76852,7
76853,5
76854,1
76855,4
76856,5
76857,5
76858,7
76859,4
76860,6
76861,7
76862,4
76863,3
76864,4
76865,3
76866,6
76867,5
76868,6
76869,3
76870,4
76871,5
76872,4
76873,6
76874,4
76875,6
76876,2
76877,5
76878,2
76879,7
76880,7
76881,7
76882,3
76883,6
76884,6
76885,3
76886,2
76887,4
76888,4
76889,6
76890,6
76891,6
76892,4
76893,5
76894,2
76895,6
76896,4
76897,6
76898,5
76899,5
76900,4
76901,5
76902,3
76903,4
76904,3
76905,5
76906,6
76907,4
76908,7
76909,6
76910,5
76911,5
76912,4
76913,4
76914,6
76915,6
76916,2
76917,5
76918,5
76919,4
76920,5
76921,6
76922,2
76923,5
76924,5
76925,6
76926,5
76927,2
76928,7
76929,5
76930,5
76931,3
76932,6
76933,4
76934,4
76935,2
76936,1
76937,5
76938,5
76939,5
76940,6
76941,6
76942,6
76943,4
76944,2
76945,4
76946,3
76947,6
76948,6
76949,4
76950,3
76951,7
76952,7
76953,3
76954,5
76955,7
76956,2
76957,5
76958,5
76959,5
76960,5
76961,6
76962,6
76963,4
76964,4
76965,6
76966,7
76967,5
76968,4
76969,7
76970,7
76971,5
76972,5
76973,6
76974,1
76975,4
76976,4
76977,5
76978,4
76979,5
76980,6
76981,5
76982,4
76983,4
76984,6
76985,5
76986,7
76987,4
76988,6
76989,5
76990,7
76991,6
76992,4
76993,7
76994,6
76995,2
76996,4
76997,6
76998,4
76999,7
77000,3
77001,3
77002,1
77003,7
77004,5
77005,4
77006,5
77007,5
77008,4
77009,6
77010,2
77011,5
77012,5
77013,6
77014,5
77015,4
77016,4
77017,2
77018,6
77019,4
77020,6
77021,6
77022,6
77023,5
77024,2
77025,6
77026,3
77027,1
77028,7
77029,3
77030,5
77031,6
77032,5
77033,4
77034,5
77035,4
77036,3
77037,7
77038,3
77039,5
77040,7
77041,1
77042,5
77043,5
77044,7
77045,4
77046,6
77047,4
77048,4
77049,5
77050,6
77051,1
77052,2
77053,5
77054,4
77055,5
77056,7
77057,5
77058,4
77059,6
77060,6
77061,5
77062,3
77063,5
77064,6
77065,3
77066,2
77067,1
77068,4
77069,5
77070,7
77071,4
77072,3
77073,3
77074,6
77075,4
77076,5
77077,6
77078,5
77079,6
77080,7
77081,4
77082,6
77083,7
77084,7
77085,6
77086,4
77087,7
77088,6
77089,4
77090,6
77091,4
77092,5
77093,6
77094,5
77095,4
77096,5
77097,5
77098,7
77099,7
77100,6
77101,5
77102,7
77103,6
77104,4
77105,5
77106,6
77107,4
77108,2
77109,2
77110,4
77111,5
77112,6
77113,1
77114,3
77115,4
77116,6
77117,3
77118,4
77119,5
77120,6
77121,7
77122,3
77123,5
77124,3
77125,2
77126,4
77127,4
77128,4
77129,6
77130,6
77131,2
77132,4
77133,5
77134,3
77135,6
77136,4
77137,7
77138,4
77139,5
77140,6
77141,4
77142,4
77143,2
77144,1
77145,4
77146,3
77147,5
77148,6
77149,7
77150,4
77151,1
77152,5
77153,4
77154,5
77155,5
77156,7
77157,2
77158,6
77159,5
77160,3
77161,7
77162,4
77163,5
77164,3
77165,6
77166,7
77167,2
77168,1
77169,5
77170,5
77171,4
77172,4
77173,4
77174,5
77175,5
77176,7
77177,5
77178,5
77179,6
77180,3
77181,3
77182,4
77183,6
77184,7
77185,5
77186,4
77187,5
77188,4
77189,5
77190,7
77191,4
77192,5
77193,7
77194,4
77195,3
77196,5
77197,4
77198,6
77199,5
77200,5
77201,5
77202,7
77203,5
77204,7
77205,4
77206,6
77207,5
77208,5
77209,5
77210,6
77211,4
77212,4
77213,5
77214,5
77215,4
77216,5
77217,3
77218,7
77219,6
77220,5
77221,7
77222,5
77223,7
77224,6
77225,4
77226,4
77227,4
77228,5
77229,6
77230,7
77231,5
77232,5
77233,6
77234,5
77235,5
77236,6
77237,5
77238,5
77239,4
77240,5
77241,6
77242,6
77243,2
77244,7
77245,4
77246,3
77247,4
77248,3
77249,5
77250,6
77251,6
77252,4
77253,5
77254,7
77255,5
77256,5
77257,5
77258,5
77259,6
77260,5
77261,4
77262,4
77263,5
77264,5
77265,5
77266,6
77267,4
77268,5
77269,6
77270,4
77271,5
77272,5
77273,4
77274,5
77275,5
77276,5
77277,4
77278,5
77279,5
77280,5
77281,3
77282,7
77283,5
77284,2
77285,4
77286,4
77287,4
77288,5
77289,5
77290,1
77291,3
77292,6
77293,6
77294,5
77295,7
77296,2
77297,5
77298,3
77299,4
77300,6
77301,3
77302,5
77303,5
77304,6
77305,5
77306,2
77307,4
77308,4
77309,7
77310,7
77311,4
77312,5
77313,3
77314,6
77315,7
77316,4
77317,3
77318,4
77319,2
77320,5
77321,2
77322,7
77323,1
77324,6
77325,3
77326,6
77327,2
77328,7
77329,4
77330,3
77331,5
77332,3
77333,4
77334,4
77335,6
77336,5
77337,4
77338,2
77339,7
77340,4
77341,5
77342,3
77343,6
77344,4
77345,4
77346,5
77347,4
77348,6
77349,5
77350,7
77351,4
77352,5
77353,4
77354,4
77355,6
77356,5
77357,5
77358,6
77359,7
77360,1
77361,5
77362,4
77363,4
77364,1
77365,6
77366,6
77367,4
77368,5
77369,6
77370,6
77371,6
77372,7
77373,3
77374,6
77375,5
77376,5
77377,5
77378,5
77379,4
77380,4
77381,7
77382,5
77383,5
77384,5
77385,3
77386,3
77387,2
77388,5
77389,7
77390,5
77391,5
77392,4
77393,2
77394,4
77395,5
77396,5
77397,6
77398,5
77399,5
77400,4
77401,6
77402,5
77403,4
77404,6
77405,3
77406,7
77407,4
77408,2
77409,4
77410,4
77411,5
77412,6
77413,3
77414,6
77415,6
77416,4
77417,6
77418,7
77419,5
77420,6
77421,7
77422,6
77423,5
77424,4
77425,4
77426,2
77427,7
77428,7
77429,4
77430,5
77431,4
77432,6
77433,4
77434,7
77435,5
77436,4
77437,7
77438,4
77439,4
77440,4
77441,4
77442,5
77443,4
77444,7
77445,6
77446,7
77447,3
77448,4
77449,6
77450,7
77451,5
77452,5
77453,6
77454,6
77455,5
77456,5
77457,6
77458,4
77459,5
77460,5
77461,7
77462,5
77463,7
77464,4
77465,5
77466,5
77467,5
77468,5
77469,3
77470,5
77471,2
77472,6
77473,7
77474,5
77475,4
77476,5
77477,4
77478,4
77479,6
77480,7
77481,5
77482,6
77483,5
77484,6
77485,7
77486,3
77487,5
77488,5
77489,6
77490,5
77491,6
77492,3
77493,5
77494,3
77495,4
77496,6
77497,7
77498,4
77499,5
77500,5
77501,5
77502,4
77503,6
77504,4
77505,5
77506,5
77507,5
77508,3
77509,7
77510,7
77511,5
77512,5
77513,7
77514,5
77515,7
77516,5
77517,5
77518,7
77519,4
77520,5
77521,4
77522,2
77523,6
77524,5
77525,5
77526,5
77527,4
77528,5
77529,7
77530,2
77531,5
77532,3
77533,3
77534,5
77535,6
77536,6
77537,5
77538,7
77539,5
77540,6
77541,4
77542,4
77543,2
77544,5
77545,2
77546,5
77547,6
77548,5
77549,4
77550,7
77551,3
77552,5
77553,3
77554,3
77555,1
77556,4
77557,4
77558,3
77559,1
77560,5
77561,4
77562,6
77563,6
77564,5
77565,4
77566,5
77567,4
77568,1
77569,6
77570,6
77571,5
77572,4
77573,7
77574,4
77575,5
77576,6
77577,3
77578,7
77579,6
77580,6
77581,4
77582,5
77583,5
77584,6
77585,6
77586,6
77587,7
77588,5
77589,4
77590,5
77591,7
77592,7
77593,5
77594,5
77595,6
77596,5
77597,1
77598,3
77599,5
77600,7
77601,4
77602,2
77603,7
77604,4
77605,5
77606,5
77607,5
77608,5
77609,4
77610,7
77611,1
77612,4
77613,3
77614,4
77615,7
77616,5
77617,3
77618,4
77619,1
77620,5
77621,4
77622,5
77623,5
77624,5
77625,5
77626,5
77627,2
77628,6
77629,7
77630,5
77631,7
77632,5
77633,3
77634,5
77635,5
77636,7
77637,4
77638,6
77639,4
77640,5
77641,6
77642,5
77643,5
77644,5
77645,4
77646,6
77647,5
77648,5
77649,5
77650,6
77651,2
77652,5
77653,2
77654,5
77655,5
77656,7
77657,7
77658,5
77659,7
77660,6
77661,7
77662,3
77663,2
77664,6
77665,5
77666,7
77667,2
77668,6
77669,7
77670,4
77671,6
77672,4
77673,7
77674,5
77675,6
77676,4
77677,7
77678,5
77679,5
77680,6
77681,1
77682,3
77683,5
77684,6
77685,6
77686,4
77687,5
77688,5
77689,5
77690,6
77691,6
77692,5
77693,6
77694,4
77695,4
77696,6
77697,4
77698,6
77699,4
77700,5
77701,7
77702,2
77703,7
77704,5
77705,6
77706,4
77707,4
77708,1
77709,4
77710,7
77711,5
77712,1
77713,6
77714,7
77715,7
77716,6
77717,6
77718,5
77719,3
77720,4
77721,6
77722,4
77723,5
77724,3
77725,2
77726,2
77727,5
77728,4
77729,6
77730,4
77731,4
77732,7
77733,5
77734,6
77735,6
77736,3
77737,2
77738,5
77739,3
77740,4
77741,5
77742,6
77743,6
77744,3
77745,6
77746,3
77747,5
77748,6
77749,4
77750,5
77751,5
77752,4
77753,5
77754,5
77755,5
77756,4
77757,7
77758,5
77759,5
77760,2
77761,4
77762,5
77763,5
77764,4
77765,7
77766,7
77767,3
77768,2
77769,7
77770,4
77771,6
77772,1
77773,5
77774,3
77775,2
77776,5
77777,3
77778,6
77779,6
77780,4
77781,5
77782,5
77783,3
77784,4
77785,6
77786,5
77787,5
77788,2
77789,4
77790,6
77791,3
77792,4
77793,6
77794,5
77795,4
77796,5
77797,6
77798,4
77799,7
77800,2
77801,4
77802,4
77803,3
77804,6
77805,3
77806,6
77807,4
77808,7
77809,5
77810,7
77811,4
77812,4
77813,5
77814,7
77815,7
77816,5
77817,5
77818,6
77819,7
77820,5
77821,4
77822,5
77823,4
77824,6
77825,3
77826,4
77827,6
77828,4
77829,1
77830,2
77831,4
77832,6
77833,5
77834,5
77835,6
77836,4
77837,7
77838,5
77839,6
77840,7
77841,6
77842,3
77843,6
77844,6
77845,7
77846,4
77847,5
77848,5
77849,5
77850,4
77851,6
77852,6
77853,5
77854,4
77855,7
77856,5
77857,6
77858,3
77859,6
77860,4
77861,3
77862,5
77863,5
77864,5
77865,4
77866,7
77867,4
77868,5
77869,5
77870,5
77871,4
77872,2
77873,3
77874,5
77875,7
77876,5
77877,6
77878,6
77879,4
77880,4
77881,4
77882,6
77883,5
77884,5
77885,5
77886,5
77887,2
77888,5
77889,5
77890,5
77891,5
77892,6
77893,5
77894,4
77895,1
77896,5
77897,3
77898,6
77899,6
77900,4
77901,6
77902,6
77903,5
77904,6
77905,1
77906,4
77907,5
77908,5
77909,7
77910,5
77911,5
77912,5
77913,3
77914,4
77915,6
77916,5
77917,6
77918,6
77919,5
77920,4
77921,4
77922,6
77923,1
77924,5
77925,4
77926,7
77927,3
77928,4
77929,5
77930,5
77931,3
77932,4
77933,3
77934,5
77935,2
77936,6
77937,6
77938,5
77939,6
77940,4
77941,5
77942,1
77943,7
77944,6
77945,3
77946,7
77947,2
77948,5
77949,5
77950,5
77951,4
77952,5
77953,5
77954,6
77955,3
77956,5
77957,6
77958,5
77959,6
77960,7
77961,5
77962,5
77963,6
77964,2
77965,7
77966,7
77967,4
77968,4
77969,7
77970,5
77971,4
77972,1
77973,5
77974,5
77975,6
77976,5
77977,5
77978,6
77979,4
77980,2
77981,5
77982,3
77983,3
77984,6
77985,5
77986,7
77987,4
77988,7
77989,7
77990,6
77991,3
77992,6
77993,4
77994,6
77995,5
77996,4
77997,5
77998,5
77999,5
78000,5
78001,6
78002,6
78003,4
78004,2
78005,2
78006,5
78007,7
78008,6
78009,4
78010,3
78011,4
78012,6
78013,4
78014,3
78015,5
78016,7
78017,6
78018,7
78019,6
78020,5
78021,2
78022,5
78023,5
78024,5
78025,5
78026,5
78027,6
78028,6
78029,6
78030,4
78031,4
78032,4
78033,7
78034,7
78035,7
78036,6
78037,7
78038,4
78039,3
78040,7
78041,6
78042,2
78043,2
78044,2
78045,6
78046,7
78047,4
78048,6
78049,6
78050,4
78051,6
78052,6
78053,3
78054,6
78055,5
78056,4
78057,7
78058,7
78059,4
78060,5
78061,5
78062,1
78063,5
78064,6
78065,7
78066,2
78067,5
78068,3
78069,6
78070,6
78071,5
78072,7
78073,5
78074,6
78075,4
78076,5
78077,4
78078,5
78079,4
78080,6
78081,4
78082,5
78083,5
78084,4
78085,5
78086,7
78087,6
78088,4
78089,2
78090,5
78091,6
78092,6
78093,6
78094,4
78095,3
78096,7
78097,5
78098,4
78099,4
78100,5
78101,6
78102,4
78103,5
78104,7
78105,5
78106,5
78107,4
78108,5
78109,5
78110,5
78111,5
78112,7
78113,4
78114,4
78115,5
78116,5
78117,2
78118,5
78119,7
78120,7
78121,2
78122,6
78123,5
78124,4
78125,6
78126,6
78127,7
78128,5
78129,5
78130,6
78131,4
78132,5
78133,2
78134,6
78135,7
78136,5
78137,4
78138,6
78139,3
78140,5
78141,3
78142,6
78143,6
78144,4
78145,5
78146,6
78147,4
78148,6
78149,5
78150,6
78151,4
78152,6
78153,7
78154,5
78155,5
78156,6
78157,6
78158,5
78159,5
78160,7
78161,4
78162,7
78163,7
78164,5
78165,5
78166,5
78167,6
78168,6
78169,6
78170,5
78171,1
78172,3
78173,7
78174,6
78175,7
78176,4
78177,5
78178,7
78179,3
78180,1
78181,5
78182,4
78183,5
78184,6
78185,5
78186,1
78187,6
78188,4
78189,5
78190,5
78191,3
78192,6
78193,7
78194,5
78195,4
78196,5
78197,4
78198,5
78199,7
78200,5
78201,7
78202,4
78203,4
78204,5
78205,7
78206,5
78207,3
78208,4
78209,5
78210,5
78211,7
78212,5
78213,7
78214,1
78215,5
78216,5
78217,4
78218,7
78219,6
78220,7
78221,6
78222,7
78223,4
78224,6
78225,5
78226,5
78227,6
78228,5
78229,6
78230,3
78231,4
78232,6
78233,4
78234,5
78235,5
78236,7
78237,4
78238,5
78239,3
78240,5
78241,7
78242,5
78243,5
78244,5
78245,7
78246,7
78247,5
78248,5
78249,5
78250,6
78251,3
78252,7
78253,4
78254,7
78255,5
78256,7
78257,5
78258,5
78259,6
78260,2
78261,7
78262,5
78263,5
78264,7
78265,6
78266,5
78267,5
78268,5
78269,5
78270,5
78271,7
78272,6
78273,4
78274,3
78275,6
78276,5
78277,7
78278,6
78279,5
78280,5
78281,4
78282,4
78283,7
78284,6
78285,5
78286,5
78287,6
78288,5
78289,5
78290,5
78291,5
78292,6
78293,5
78294,5
78295,6
78296,4
78297,5
78298,5
78299,4
78300,4
78301,6
78302,4
78303,4
78304,5
78305,5
78306,5
78307,6
78308,5
78309,7
78310,5
78311,4
78312,5
78313,7
78314,7
78315,7
78316,3
78317,5
78318,3
78319,1
78320,4
78321,5
78322,4
78323,7
78324,4
78325,4
78326,3
78327,6
78328,6
78329,5
78330,7
78331,7
78332,1
78333,5
78334,5
78335,4
78336,3
78337,6
78338,5
78339,4
78340,4
78341,7
78342,7
78343,7
78344,5
78345,6
78346,5
78347,3
78348,6
78349,6
78350,7
78351,5
78352,6
78353,7
78354,5
78355,5
78356,6
78357,7
78358,6
78359,2
78360,5
78361,4
78362,4
78363,2
78364,7
78365,6
78366,6
78367,5
78368,4
78369,5
78370,7
78371,5
78372,4
78373,5
78374,4
78375,4
78376,5
78377,4
78378,4
78379,6
78380,4
78381,4
78382,6
78383,6
78384,5
78385,5
78386,7
78387,3
78388,3
78389,3
78390,6
78391,5
78392,2
78393,7
78394,5
78395,5
78396,6
78397,5
78398,6
78399,6
78400,5
78401,3
78402,5
78403,5
78404,5
78405,3
78406,5
78407,5
78408,5
78409,6
78410,6
78411,4
78412,5
78413,7
78414,5
78415,5
78416,3
78417,7
78418,5
78419,2
78420,5
78421,5
78422,4
78423,7
78424,4
78425,2
78426,5
78427,4
78428,6
78429,4
78430,5
78431,5
78432,5
78433,4
78434,4
78435,6
78436,5
78437,3
78438,3
78439,4
78440,7
78441,7
78442,4
78443,7
78444,5
78445,7
78446,4
78447,3
78448,7
78449,5
78450,7
78451,5
78452,4
78453,7
78454,5
78455,5
78456,6
78457,7
78458,4
78459,5
78460,3
78461,4
78462,5
78463,5
78464,3
78465,2
78466,3
78467,7
78468,5
78469,4
78470,6
78471,1
78472,7
78473,4
78474,6
78475,4
78476,4
78477,5
78478,6
78479,6
78480,5
78481,6
78482,7
78483,5
78484,6
78485,7
78486,3
78487,6
78488,7
78489,3
78490,6
78491,6
78492,4
78493,4
78494,4
78495,5
78496,4
78497,5
78498,6
78499,6
78500,6
78501,6
78502,5
78503,1
78504,3
78505,4
78506,5
78507,5
78508,4
78509,4
78510,4
78511,6
78512,5
78513,6
78514,5
78515,6
78516,6
78517,4
78518,6
78519,4
78520,5
78521,4
78522,2
78523,5
78524,2
78525,3
78526,7
78527,5
78528,5
78529,3
78530,3
78531,4
78532,6
78533,4
78534,5
78535,4
78536,5
78537,4
78538,3
78539,3
78540,7
78541,4
78542,3
78543,6
78544,6
78545,7
78546,5
78547,3
78548,5
78549,5
78550,4
78551,6
78552,5
78553,3
78554,3
78555,3
78556,4
78557,7
78558,5
78559,7
78560,6
78561,5
78562,5
78563,4
78564,4
78565,4
78566,4
78567,5
78568,6
78569,5
78570,6
78571,5
78572,7
78573,6
78574,7
78575,6
78576,4
78577,2
78578,6
78579,7
78580,5
78581,4
78582,2
78583,3
78584,2
78585,6
78586,6
78587,6
78588,4
78589,4
78590,4
78591,6
78592,5
78593,6
78594,4
78595,2
78596,5
78597,2
78598,5
78599,5
78600,5
78601,6
78602,3
78603,6
78604,4
78605,5
78606,4
78607,5
78608,5
78609,5
78610,2
78611,4
78612,6
78613,7
78614,6
78615,5
78616,2
78617,6
78618,6
78619,5
78620,5
78621,5
78622,4
78623,3
78624,7
78625,4
78626,6
78627,4
78628,6
78629,5
78630,5
78631,6
78632,4
78633,2
78634,6
78635,7
78636,5
78637,4
78638,3
78639,5
78640,3
78641,7
78642,5
78643,7
78644,4
78645,5
78646,5
78647,2
78648,6
78649,5
78650,4
78651,5
78652,5
78653,4
78654,4
78655,1
78656,5
78657,4
78658,4
78659,4
78660,4
78661,5
78662,4
78663,4
78664,7
78665,5
78666,6
78667,1
78668,5
78669,6
78670,6
78671,2
78672,2
78673,7
78674,5
78675,4
78676,5
78677,7
78678,4
78679,2
78680,4
78681,5
78682,6
78683,5
78684,4
78685,5
78686,4
78687,7
78688,4
78689,6
78690,5
78691,7
78692,6
78693,1
78694,7
78695,6
78696,6
78697,4
78698,5
78699,4
78700,3
78701,6
78702,6
78703,6
78704,6
78705,5
78706,1
78707,5
78708,6
78709,2
78710,7
78711,6
78712,5
78713,4
78714,4
78715,5
78716,5
78717,4
78718,5
78719,4
78720,7
78721,4
78722,4
78723,4
78724,5
78725,4
78726,6
78727,5
78728,6
78729,1
78730,4
78731,4
78732,6
78733,7
78734,6
78735,5
78736,4
78737,7
78738,7
78739,6
78740,4
78741,5
78742,4
78743,4
78744,2
78745,5
78746,6
78747,6
78748,7
78749,6
78750,4
78751,4
78752,4
78753,4
78754,5
78755,3
78756,4
78757,6
78758,6
78759,5
78760,5
78761,6
78762,1
78763,6
78764,1
78765,7
78766,4
78767,4
78768,7
78769,6
78770,5
78771,6
78772,6
78773,4
78774,6
78775,5
78776,3
78777,5
78778,5
78779,7
78780,5
78781,5
78782,4
78783,4
78784,5
78785,5
78786,3
78787,2
78788,5
78789,5
78790,7
78791,4
78792,6
78793,3
78794,5
78795,6
78796,6
78797,5
78798,4
78799,6
78800,3
78801,6
78802,5
78803,4
78804,6
78805,6
78806,2
78807,6
78808,4
78809,5
78810,4
78811,5
78812,3
78813,5
78814,5
78815,2
78816,3
78817,4
78818,5
78819,5
78820,5
78821,5
78822,3
78823,4
78824,6
78825,3
78826,5
78827,5
78828,3
78829,3
78830,5
78831,5
78832,4
78833,2
78834,3
78835,4
78836,4
78837,5
78838,3
78839,4
78840,4
78841,5
78842,5
78843,3
78844,4
78845,5
78846,4
78847,1
78848,5
78849,5
78850,7
78851,4
78852,5
78853,5
78854,5
78855,6
78856,4
78857,5
78858,5
78859,5
78860,7
78861,4
78862,6
78863,7
78864,5
78865,5
78866,3
78867,5
78868,5
78869,5
78870,4
78871,7
78872,4
78873,5
78874,6
78875,5
78876,6
78877,5
78878,4
78879,4
78880,7
78881,5
78882,4
78883,5
78884,6
78885,6
78886,7
78887,4
78888,2
78889,5
78890,6
78891,6
78892,4
78893,6
78894,6
78895,4
78896,4
78897,7
78898,6
78899,7
78900,2
78901,6
78902,5
78903,1
78904,6
78905,5
78906,2
78907,4
78908,3
78909,6
78910,3
78911,5
78912,6
78913,7
78914,6
78915,4
78916,6
78917,2
78918,6
78919,7
78920,7
78921,2
78922,2
78923,5
78924,5
78925,1
78926,6
78927,4
78928,5
78929,5
78930,7
78931,7
78932,5
78933,7
78934,6
78935,6
78936,4
78937,6
78938,6
78939,3
78940,5
78941,3
78942,3
78943,6
78944,6
78945,5
78946,4
78947,4
78948,5
78949,5
78950,5
78951,6
78952,6
78953,5
78954,5
78955,7
78956,6
78957,4
78958,2
78959,4
78960,5
78961,6
78962,4
78963,5
78964,3
78965,4
78966,5
78967,6
78968,7
78969,6
78970,5
78971,4
78972,4
78973,5
78974,5
78975,5
78976,7
78977,5
78978,5
78979,7
78980,4
78981,4
78982,3
78983,4
78984,4
78985,5
78986,5
78987,4
78988,3
78989,5
78990,5
78991,5
78992,6
78993,4
78994,6
78995,6
78996,7
78997,3
78998,5
78999,5
79000,5
79001,7
79002,4
79003,5
79004,4
79005,2
79006,4
79007,3
79008,1
79009,7
79010,5
79011,3
79012,1
79013,5
79014,6
79015,4
79016,7
79017,7
79018,5
79019,2
79020,4
79021,5
79022,6
79023,7
79024,4
79025,5
79026,4
79027,7
79028,5
79029,5
79030,6
79031,6
79032,5
79033,3
79034,3
79035,6
79036,5
79037,7
79038,6
79039,3
79040,4
79041,4
79042,6
79043,5
79044,6
79045,5
79046,5
79047,6
79048,5
79049,4
79050,6
79051,6
79052,5
79053,6
79054,7
79055,3
79056,3
79057,5
79058,3
79059,4
79060,3
79061,2
79062,3
79063,4
79064,7
79065,5
79066,3
79067,6
79068,5
79069,4
79070,3
79071,5
79072,5
79073,3
79074,3
79075,5
79076,6
79077,5
79078,5
79079,5
79080,7
79081,4
79082,4
79083,6
79084,5
79085,4
79086,4
79087,7
79088,3
79089,5
79090,5
79091,3
79092,5
79093,3
79094,2
79095,4
79096,5
79097,6
79098,5
79099,5
79100,5
79101,3
79102,6
79103,6
79104,1
79105,4
79106,5
79107,3
79108,6
79109,3
79110,5
79111,4
79112,7
79113,5
79114,3
79115,3
79116,7
79117,4
79118,4
79119,4
79120,4
79121,7
79122,6
79123,4
79124,5
79125,5
79126,5
79127,4
79128,7
79129,6
79130,6
79131,5
79132,4
79133,4
79134,6
79135,7
79136,3
79137,4
79138,4
79139,7
79140,6
79141,1
79142,5
79143,4
79144,4
79145,5
79146,4
79147,5
79148,5
79149,5
79150,1
79151,5
79152,5
79153,6
79154,4
79155,5
79156,6
79157,6
79158,3
79159,6
79160,4
79161,4
79162,7
79163,3
79164,4
79165,6
79166,4
79167,2
79168,5
79169,6
79170,6
79171,6
79172,4
79173,4
79174,5
79175,4
79176,6
79177,7
79178,5
79179,4
79180,7
79181,6
79182,1
79183,5
79184,5
79185,5
79186,7
79187,6
79188,4
79189,5
79190,7
79191,4
79192,6
79193,6
79194,5
79195,3
79196,5
79197,5
79198,7
79199,3
79200,4
79201,4
79202,7
79203,7
79204,5
79205,7
79206,5
79207,6
79208,5
79209,7
79210,2
79211,3
79212,3
79213,6
79214,7
79215,7
79216,4
79217,7
79218,7
79219,3
79220,5
79221,6
79222,4
79223,7
79224,4
79225,4
79226,5
79227,6
79228,7
79229,4
79230,4
79231,5
79232,4
79233,3
79234,5
79235,3
79236,3
79237,5
79238,5
79239,7
79240,5
79241,5
79242,4
79243,7
79244,5
79245,6
79246,6
79247,6
79248,4
79249,2
79250,7
79251,2
79252,6
79253,5
79254,5
79255,5
79256,2
79257,5
79258,6
79259,4
79260,2
79261,3
79262,3
79263,3
79264,5
79265,3
79266,4
79267,2
79268,6
79269,5
79270,4
79271,7
79272,6
79273,3
79274,6
79275,7
79276,2
79277,4
79278,7
79279,5
79280,5
79281,5
79282,7
79283,5
79284,5
79285,4
79286,6
79287,4
79288,5
79289,3
79290,4
79291,4
79292,5
79293,5
79294,7
79295,1
79296,5
79297,5
79298,5
79299,5
79300,6
79301,3
79302,4
79303,5
79304,4
79305,6
79306,6
79307,5
79308,7
79309,4
79310,3
79311,5
79312,5
79313,5
79314,3
79315,5
79316,5
79317,7
79318,7
79319,4
79320,5
79321,5
79322,5
79323,4
79324,6
79325,4
79326,6
79327,6
79328,7
79329,4
79330,6
79331,4
79332,5
79333,2
79334,6
79335,4
79336,2
79337,4
79338,3
79339,5
79340,5
79341,7
79342,4
79343,7
79344,6
79345,2
79346,2
79347,6
79348,7
79349,6
79350,3
79351,5
79352,4
79353,3
79354,4
79355,4
79356,4
79357,6
79358,5
79359,6
79360,4
79361,4
79362,4
79363,4
79364,3
79365,6
79366,6
79367,5
79368,5
79369,6
79370,4
79371,6
79372,1
79373,7
79374,5
79375,5
79376,5
79377,2
79378,7
79379,4
79380,6
79381,4
79382,6
79383,6
79384,5
79385,6
79386,2
79387,4
79388,5
79389,4
79390,4
79391,6
79392,4
79393,7
79394,5
79395,1
79396,4
79397,6
79398,5
79399,5
79400,4
79401,5
79402,2
79403,4
79404,4
79405,5
79406,4
79407,6
79408,4
79409,4
79410,5
79411,2
79412,6
79413,2
79414,5
79415,7
79416,5
79417,2
79418,6
79419,6
79420,6
79421,5
79422,5
79423,5
79424,4
79425,6
79426,4
79427,5
79428,7
79429,7
79430,5
79431,2
79432,6
79433,4
79434,4
79435,5
79436,4
79437,7
79438,3
79439,6
79440,5
79441,3
79442,6
79443,4
79444,7
79445,6
79446,4
79447,7
79448,3
79449,4
79450,3
79451,4
79452,4
79453,6
79454,1
79455,5
79456,2
79457,4
79458,4
79459,1
79460,7
79461,1
79462,6
79463,4
79464,4
79465,6
79466,7
79467,4
79468,5
79469,4
79470,6
79471,6
79472,5
79473,7
79474,4
79475,3
79476,4
79477,2
79478,7
79479,3
79480,7
79481,4
79482,4
79483,5
79484,5
79485,6
79486,7
79487,2
79488,6
79489,6
79490,5
79491,5
79492,5
79493,6
79494,4
79495,5
79496,4
79497,7
79498,5
79499,3
79500,5
79501,7
79502,5
79503,2
79504,6
79505,5
79506,4
79507,6
79508,6
79509,5
79510,4
79511,7
79512,3
79513,3
79514,6
79515,3
79516,5
79517,5
79518,2
79519,5
79520,3
79521,2
79522,6
79523,6
79524,7
79525,7
79526,4
79527,5
79528,2
79529,5
79530,4
79531,5
79532,5
79533,5
79534,6
79535,4
79536,7
79537,4
79538,5
79539,7
79540,4
79541,1
79542,5
79543,5
79544,3
79545,4
79546,3
79547,7
79548,6
79549,2
79550,6
79551,6
79552,3
79553,7
79554,2
79555,5
79556,5
79557,7
79558,5
79559,7
79560,7
79561,7
79562,7
79563,4
79564,4
79565,5
79566,5
79567,2
79568,5
79569,5
79570,4
79571,4
79572,4
79573,5
79574,1
79575,3
79576,6
79577,4
79578,4
79579,4
79580,5
79581,3
79582,1
79583,7
79584,6
79585,7
79586,3
79587,7
79588,7
79589,5
79590,5
79591,6
79592,5
79593,6
79594,7
79595,6
79596,3
79597,5
79598,5
79599,3
79600,6
79601,3
79602,6
79603,5
79604,3
79605,6
79606,5
79607,6
79608,4
79609,6
79610,6
79611,3
79612,7
79613,7
79614,5
79615,5
79616,5
79617,6
79618,6
79619,7
79620,5
79621,6
79622,5
79623,6
79624,3
79625,5
79626,3
79627,5
79628,6
79629,6
79630,5
79631,6
79632,7
79633,4
79634,6
79635,4
79636,5
79637,3
79638,5
79639,5
79640,5
79641,4
79642,7
79643,7
79644,2
79645,5
79646,5
79647,2
79648,5
79649,5
79650,5
79651,6
79652,7
79653,5
79654,6
79655,6
79656,4
79657,7
79658,5
79659,4
79660,2
79661,7
79662,4
79663,7
79664,5
79665,4
79666,1
79667,6
79668,5
79669,5
79670,6
79671,4
79672,6
79673,2
79674,6
79675,5
79676,3
79677,4
79678,4
79679,6
79680,4
79681,3
79682,4
79683,5
79684,3
79685,5
79686,5
79687,5
79688,5
79689,5
79690,1
79691,5
79692,7
79693,4
79694,6
79695,5
79696,6
79697,4
79698,4
79699,6
79700,5
79701,5
79702,5
79703,5
79704,6
79705,3
79706,6
79707,2
79708,1
79709,5
79710,6
79711,5
79712,4
79713,5
79714,5
79715,6
79716,5
79717,7
79718,4
79719,6
79720,6
79721,4
79722,7
79723,4
79724,5
79725,5
79726,5
79727,4
79728,6
79729,5
79730,5
79731,6
79732,4
79733,5
79734,6
79735,1
79736,5
79737,7
79738,6
79739,6
79740,7
79741,5
79742,5
79743,5
79744,5
79745,7
79746,4
79747,2
79748,5
79749,6
79750,5
79751,4
79752,5
79753,6
79754,4
79755,5
79756,6
79757,5
79758,7
79759,4
79760,6
79761,3
79762,5
79763,5
79764,4
79765,3
79766,6
79767,7
79768,3
79769,4
79770,2
79771,5
79772,2
79773,6
79774,4
79775,5
79776,5
79777,7
79778,4
79779,5
79780,5
79781,7
79782,5
79783,6
79784,4
79785,5
79786,7
79787,4
79788,2
79789,6
79790,7
79791,5
79792,4
79793,7
79794,6
79795,5
79796,4
79797,5
79798,7
79799,5
79800,6
79801,4
79802,4
79803,6
79804,4
79805,6
79806,1
79807,3
79808,5
79809,3
79810,5
79811,5
79812,6
79813,5
79814,7
79815,7
79816,5
79817,4
79818,4
79819,5
79820,4
79821,5
79822,4
79823,5
79824,3
79825,7
79826,5
79827,4
79828,2
79829,5
79830,4
79831,6
79832,5
79833,4
79834,6
79835,4
79836,5
79837,2
79838,3
79839,5
79840,5
79841,4
79842,7
79843,5
79844,7
79845,5
79846,5
79847,4
79848,6
79849,5
79850,4
79851,7
79852,4
79853,7
79854,5
79855,4
79856,6
79857,5
79858,3
79859,5
79860,4
79861,5
79862,5
79863,5
79864,6
79865,6
79866,4
79867,4
79868,6
79869,4
79870,5
79871,6
79872,7
79873,5
79874,7
79875,4
79876,5
79877,7
79878,3
79879,4
79880,1
79881,6
79882,5
79883,4
79884,4
79885,7
79886,5
79887,3
79888,5
79889,2
79890,3
79891,5
79892,5
79893,3
79894,6
79895,7
79896,7
79897,5
79898,7
79899,3
79900,5
79901,4
79902,4
79903,5
79904,5
79905,6
79906,6
79907,3
79908,3
79909,5
79910,5
79911,4
79912,5
79913,5
79914,6
79915,5
79916,7
79917,7
79918,4
79919,6
79920,5
79921,5
79922,4
79923,4
79924,3
79925,1
79926,5
79927,5
79928,4
79929,5
79930,2
79931,7
79932,3
79933,5
79934,4
79935,5
79936,6
79937,6
79938,6
79939,5
79940,7
79941,4
79942,5
79943,4
79944,5
79945,3
79946,6
79947,7
79948,5
79949,4
79950,2
79951,4
79952,5
79953,5
79954,7
79955,2
79956,5
79957,6
79958,4
79959,3
79960,6
79961,4
79962,5
79963,6
79964,6
79965,5
79966,6
79967,1
79968,5
79969,1
79970,6
79971,6
79972,5
79973,5
79974,4
79975,3
79976,2
79977,5
79978,4
79979,6
79980,5
79981,5
79982,5
79983,5
79984,4
79985,7
79986,5
79987,6
79988,7
79989,7
79990,5
79991,5
79992,4
79993,4
79994,4
79995,4
79996,5
79997,4
79998,1
79999,5
80000,5
80001,5
80002,3
80003,7
80004,5
80005,6
80006,5
80007,5
80008,5
80009,4
80010,6
80011,4
80012,4
80013,6
80014,7
80015,5
80016,3
80017,4
80018,5
80019,5
80020,6
80021,4
80022,6
80023,4
80024,5
80025,4
80026,5
80027,5
80028,6
80029,5
80030,3
80031,7
80032,4
80033,5
80034,7
80035,7
80036,3
80037,4
80038,5
80039,7
80040,7
80041,4
80042,4
80043,5
80044,3
80045,5
80046,4
80047,7
80048,4
80049,7
80050,2
80051,6
80052,5
80053,2
80054,5
80055,5
80056,3
80057,2
80058,4
80059,7
80060,3
80061,5
80062,6
80063,5
80064,3
80065,5
80066,5
80067,2
80068,1
80069,7
80070,2
80071,5
80072,2
80073,5
80074,5
80075,4
80076,4
80077,6
80078,7
80079,7
80080,4
80081,6
80082,3
80083,5
80084,6
80085,7
80086,5
80087,7
80088,5
80089,1
80090,6
80091,5
80092,4
80093,7
80094,6
80095,6
80096,6
80097,4
80098,5
80099,4
80100,5
80101,7
80102,4
80103,5
80104,5
80105,6
80106,4
80107,4
80108,7
80109,5
80110,2
80111,4
80112,7
80113,5
80114,5
80115,5
80116,7
80117,7
80118,4
80119,7
80120,6
80121,4
80122,5
80123,3
80124,5
80125,5
80126,5
80127,4
80128,5
80129,3
80130,3
80131,3
80132,6
80133,5
80134,3
80135,6
80136,6
80137,7
80138,6
80139,7
80140,6
80141,5
80142,3
80143,5
80144,4
80145,4
80146,5
80147,5
80148,6
80149,5
80150,7
80151,2
80152,5
80153,5
80154,2
80155,4
80156,4
80157,7
80158,7
80159,6
80160,3
80161,5
80162,5
80163,5
80164,5
80165,6
80166,5
80167,5
80168,6
80169,4
80170,5
80171,5
80172,7
80173,4
80174,7
80175,7
80176,7
80177,7
80178,5
80179,5
80180,5
80181,6
80182,5
80183,4
80184,1
80185,6
80186,5
80187,2
80188,5
80189,6
80190,6
80191,5
80192,6
80193,7
80194,3
80195,7
80196,6
80197,3
80198,4
80199,5
80200,6
80201,4
80202,6
80203,6
80204,6
80205,4
80206,5
80207,5
80208,6
80209,4
80210,5
80211,5
80212,5
80213,6
80214,5
80215,4
80216,2
80217,5
80218,5
80219,4
80220,5
80221,6
80222,7
80223,3
80224,5
80225,3
80226,4
80227,3
80228,5
80229,6
80230,5
80231,5
80232,5
80233,6
80234,5
80235,2
80236,6
80237,4
80238,6
80239,3
80240,5
80241,5
80242,7
80243,5
80244,6
80245,3
80246,6
80247,6
80248,4
80249,5
80250,3
80251,4
80252,6
80253,7
80254,7
80255,5
80256,5
80257,6
80258,4
80259,1
80260,4
80261,3
80262,6
80263,6
80264,5
80265,4
80266,7
80267,4
80268,7
80269,4
80270,5
80271,6
80272,6
80273,5
80274,6
80275,6
80276,7
80277,6
80278,4
80279,3
80280,7
80281,7
80282,6
80283,4
80284,2
80285,5
80286,4
80287,5
80288,5
80289,5
80290,3
80291,4
80292,6
80293,7
80294,7
80295,5
80296,7
80297,5
80298,7
80299,5
80300,4
80301,6
80302,7
80303,4
80304,3
80305,5
80306,2
80307,5
80308,2
80309,7
80310,5
80311,6
80312,1
80313,6
80314,5
80315,5
80316,6
80317,3
80318,4
80319,5
80320,6
80321,4
80322,6
80323,3
80324,3
80325,6
80326,4
80327,6
80328,5
80329,2
80330,7
80331,5
80332,3
80333,7
80334,6
80335,6
80336,6
80337,4
80338,5
80339,5
80340,5
80341,4
80342,3
80343,4
80344,4
80345,4
80346,7
80347,4
80348,6
80349,6
80350,4
80351,4
80352,5
80353,3
80354,6
80355,1
80356,6
80357,7
80358,5
80359,6
80360,6
80361,1
80362,1
80363,5
80364,4
80365,2
80366,5
80367,3
80368,5
80369,3
80370,4
80371,5
80372,5
80373,5
80374,1
80375,4
80376,5
80377,6
80378,5
80379,4
80380,6
80381,7
80382,6
80383,3
80384,5
80385,7
80386,2
80387,5
80388,7
80389,5
80390,4
80391,5
80392,5
80393,2
80394,5
80395,4
80396,4
80397,4
80398,6
80399,3
80400,6
80401,5
80402,7
80403,6
80404,4
80405,7
80406,5
80407,1
80408,4
80409,5
80410,4
80411,4
80412,3
80413,3
80414,6
80415,5
80416,5
80417,7
80418,7
80419,3
80420,3
80421,5
80422,7
80423,5
80424,7
80425,4
80426,5
80427,5
80428,5
80429,7
80430,1
80431,4
80432,5
80433,5
80434,5
80435,2
80436,7
80437,7
80438,3
80439,7
80440,7
80441,5
80442,5
80443,4
80444,6
80445,1
80446,5
80447,4
80448,5
80449,3
80450,5
80451,7
80452,4
80453,5
80454,6
80455,4
80456,6
80457,4
80458,6
80459,4
80460,5
80461,4
80462,7
80463,5
80464,5
80465,6
80466,6
80467,6
80468,6
80469,2
80470,3
80471,3
80472,5
80473,4
80474,5
80475,3
80476,3
80477,4
80478,6
80479,3
80480,3
80481,7
80482,5
80483,2
80484,6
80485,4
80486,5
80487,5
80488,3
80489,5
80490,3
80491,7
80492,6
80493,5
80494,6
80495,4
80496,6
80497,4
80498,4
80499,2
80500,5
80501,7
80502,6
80503,5
80504,7
80505,7
80506,6
80507,5
80508,3
80509,7
80510,7
80511,3
80512,5
80513,6
80514,5
80515,5
80516,5
80517,5
80518,6
80519,7
80520,4
80521,4
80522,5
80523,4
80524,7
80525,4
80526,6
80527,5
80528,6
80529,1
80530,6
80531,4
80532,2
80533,6
80534,7
80535,7
80536,3
80537,7
80538,5
80539,4
80540,3
80541,7
80542,5
80543,5
80544,4
80545,6
80546,6
80547,5
80548,5
80549,4
80550,3
80551,5
80552,5
80553,4
80554,4
80555,5
80556,4
80557,2
80558,4
80559,5
80560,5
80561,7
80562,6
80563,6
80564,6
80565,1
80566,4
80567,3
80568,5
80569,5
80570,6
80571,5
80572,4
80573,6
80574,7
80575,5
80576,1
80577,4
80578,6
80579,4
80580,3
80581,4
80582,6
80583,4
80584,5
80585,4
80586,6
80587,4
80588,6
80589,5
80590,3
80591,4
80592,2
80593,7
80594,6
80595,2
80596,2
80597,5
80598,4
80599,3
80600,6
80601,5
80602,5
80603,4
80604,7
80605,6
80606,4
80607,6
80608,4
80609,3
80610,4
80611,5
80612,4
80613,4
80614,5
80615,6
80616,5
80617,2
80618,6
80619,3
80620,6
80621,5
80622,2
80623,5
80624,4
80625,4
80626,4
80627,6
80628,3
80629,1
80630,2
80631,3
80632,3
80633,1
80634,7
80635,2
80636,7
80637,6
80638,4
80639,7
80640,3
80641,7
80642,5
80643,5
80644,4
80645,6
80646,6
80647,5
80648,3
80649,6
80650,7
80651,5
80652,5
80653,4
80654,6
80655,4
80656,4
80657,1
80658,5
80659,7
80660,3
80661,5
80662,7
80663,5
80664,5
80665,4
80666,2
80667,6
80668,6
80669,5
80670,3
80671,2
80672,4
80673,3
80674,7
80675,2
80676,6
80677,7
80678,4
80679,7
80680,6
80681,3
80682,4
80683,5
80684,3
80685,4
80686,1
80687,4
80688,6
80689,4
80690,7
80691,5
80692,4
80693,6
80694,5
80695,6
80696,5
80697,5
80698,3
80699,5
80700,7
80701,6
80702,6
80703,4
80704,6
80705,3
80706,5
80707,6
80708,6
80709,5
80710,3
80711,6
80712,7
80713,6
80714,5
80715,6
80716,5
80717,5
80718,3
80719,6
80720,5
80721,5
80722,3
80723,5
80724,5
80725,7
80726,4
80727,6
80728,7
80729,4
80730,3
80731,6
80732,3
80733,5
80734,3
80735,3
80736,6
80737,4
80738,4
80739,4
80740,5
80741,6
80742,1
80743,2
80744,4
80745,3
80746,4
80747,6
80748,5
80749,6
80750,5
80751,5
80752,4
80753,5
80754,5
80755,5
80756,6
80757,2
80758,6
80759,5
80760,4
80761,6
80762,5
80763,5
80764,3
80765,7
80766,4
80767,7
80768,4
80769,4
80770,4
80771,4
80772,4
80773,3
80774,7
80775,2
80776,5
80777,5
80778,6
80779,4
80780,4
80781,4
80782,5
80783,3
80784,5
80785,7
80786,7
80787,6
80788,3
80789,6
80790,7
80791,6
80792,6
80793,6
80794,5
80795,3
80796,6
80797,5
80798,5
80799,4
80800,7
80801,4
80802,3
80803,5
80804,5
80805,4
80806,5
80807,5
80808,6
80809,7
80810,5
80811,6
80812,7
80813,4
80814,6
80815,6
80816,6
80817,5
80818,6
80819,6
80820,5
80821,4
80822,3
80823,5
80824,1
80825,5
80826,5
80827,4
80828,7
80829,4
80830,5
80831,5
80832,7
80833,5
80834,1
80835,6
80836,6
80837,7
80838,4
80839,3
80840,5
80841,7
80842,5
80843,4
80844,3
80845,6
80846,7
80847,7
80848,6
80849,4
80850,5
80851,5
80852,5
80853,5
80854,4
80855,3
80856,4
80857,5
80858,5
80859,5
80860,4
80861,5
80862,5
80863,6
80864,6
80865,4
80866,4
80867,4
80868,4
80869,7
80870,5
80871,6
80872,6
80873,3
80874,5
80875,4
80876,5
80877,6
80878,3
80879,3
80880,6
80881,4
80882,5
80883,3
80884,4
80885,7
80886,6
80887,5
80888,4
80889,5
80890,5
80891,7
80892,6
80893,5
80894,7
80895,3
80896,5
80897,5
80898,4
80899,5
80900,6
80901,6
80902,6
80903,5
80904,5
80905,6
80906,7
80907,4
80908,5
80909,5
80910,3
80911,5
80912,3
80913,4
80914,7
80915,4
80916,5
80917,6
80918,6
80919,1
80920,6
80921,4
80922,5
80923,2
80924,5
80925,2
80926,4
80927,5
80928,1
80929,4
80930,3
80931,4
80932,4
80933,3
80934,3
80935,3
80936,2
80937,6
80938,1
80939,6
80940,5
80941,2
80942,3
80943,1
80944,4
80945,5
80946,3
80947,7
80948,5
80949,5
80950,5
80951,4
80952,5
80953,6
80954,7
80955,4
80956,2
80957,6
80958,3
80959,4
80960,1
80961,3
80962,7
80963,7
80964,5
80965,4
80966,2
80967,7
80968,4
80969,6
80970,6
80971,6
80972,6
80973,5
80974,7
80975,6
80976,3
80977,6
80978,6
80979,5
80980,5
80981,4
80982,4
80983,5
80984,4
80985,6
80986,2
80987,5
80988,6
80989,3
80990,3
80991,6
80992,5
80993,6
80994,7
80995,5
80996,4
80997,5
80998,3
80999,4
81000,7
81001,2
81002,6
81003,5
81004,7
81005,7
81006,6
81007,4
81008,5
81009,6
81010,1
81011,3
81012,7
81013,2
81014,4
81015,5
81016,7
81017,5
81018,6
81019,5
81020,3
81021,5
81022,3
81023,2
81024,6
81025,4
81026,7
81027,4
81028,4
81029,6
81030,3
81031,4
81032,6
81033,5
81034,3
81035,7
81036,6
81037,4
81038,6
81039,5
81040,2
81041,6
81042,4
81043,3
81044,6
81045,4
81046,6
81047,4
81048,3
81049,7
81050,5
81051,4
81052,3
81053,5
81054,5
81055,4
81056,4
81057,4
81058,4
81059,2
81060,6
81061,5
81062,4
81063,4
81064,3
81065,7
81066,4
81067,4
81068,7
81069,3
81070,6
81071,2
81072,6
81073,3
81074,1
81075,5
81076,5
81077,4
81078,4
81079,5
81080,7
81081,6
81082,3
81083,6
81084,5
81085,3
81086,3
81087,4
81088,5
81089,6
81090,7
81091,3
81092,3
81093,6
81094,7
81095,7
81096,5
81097,4
81098,5
81099,5
81100,4
81101,3
81102,5
81103,4
81104,4
81105,6
81106,7
81107,7
81108,5
81109,5
81110,2
81111,6
81112,2
81113,5
81114,6
81115,5
81116,5
81117,6
81118,4
81119,4
81120,5
81121,6
81122,4
81123,5
81124,5
81125,5
81126,7
81127,5
81128,6
81129,6
81130,4
81131,3
81132,4
81133,3
81134,5
81135,6
81136,4
81137,2
81138,7
81139,7
81140,4
81141,4
81142,5
81143,4
81144,7
81145,6
81146,5
81147,6
81148,5
81149,5
81150,5
81151,4
81152,6
81153,5
81154,4
81155,5
81156,5
81157,4
81158,3
81159,4
81160,7
81161,4
81162,7
81163,5
81164,4
81165,7
81166,3
81167,6
81168,6
81169,6
81170,6
81171,4
81172,6
81173,5
81174,4
81175,2
81176,7
81177,5
81178,6
81179,6
81180,7
81181,4
81182,6
81183,6
81184,6
81185,5
81186,3
81187,7
81188,5
81189,6
81190,4
81191,6
81192,2
81193,6
81194,4
81195,7
81196,7
81197,6
81198,3
81199,5
81200,6
81201,7
81202,7
81203,7
81204,3
81205,6
81206,4
81207,6
81208,6
81209,6
81210,4
81211,3
81212,4
81213,3
81214,5
81215,5
81216,5
81217,4
81218,6
81219,5
81220,6
81221,4
81222,3
81223,3
81224,6
81225,7
81226,5
81227,6
81228,4
81229,7
81230,7
81231,6
81232,5
81233,2
81234,4
81235,4
81236,6
81237,4
81238,3
81239,4
81240,3
81241,2
81242,7
81243,4
81244,2
81245,7
81246,6
81247,5
81248,5
81249,5
81250,4
81251,2
81252,7
81253,5
81254,6
81255,3
81256,7
81257,3
81258,5
81259,1
81260,4
81261,5
81262,2
81263,5
81264,5
81265,4
81266,4
81267,3
81268,5
81269,2
81270,3
81271,1
81272,3
81273,4
81274,5
81275,7
81276,5
81277,5
81278,7
81279,5
81280,5
81281,4
81282,3
81283,7
81284,4
81285,4
81286,5
81287,5
81288,5
81289,7
81290,6
81291,7
81292,6
81293,5
81294,4
81295,4
81296,5
81297,5
81298,4
81299,7
81300,4
81301,4
81302,7
81303,5
81304,5
81305,5
81306,7
81307,5
81308,7
81309,4
81310,1
81311,5
81312,5
81313,5
81314,3
81315,5
81316,4
81317,6
81318,6
81319,5
81320,4
81321,5
81322,6
81323,5
81324,2
81325,6
81326,4
81327,4
81328,6
81329,2
81330,6
81331,7
81332,4
81333,5
81334,7
81335,5
81336,7
81337,5
81338,3
81339,3
81340,6
81341,6
81342,5
81343,7
81344,5
81345,7
81346,3
81347,6
81348,3
81349,4
81350,3
81351,4
81352,5
81353,6
81354,5
81355,3
81356,5
81357,6
81358,6
81359,3
81360,5
81361,7
81362,6
81363,5
81364,4
81365,4
81366,6
81367,2
81368,2
81369,4
81370,5
81371,3
81372,7
81373,3
81374,3
81375,6
81376,6
81377,4
81378,4
81379,6
81380,7
81381,6
81382,6
81383,5
81384,3
81385,5
81386,4
81387,6
81388,1
81389,4
81390,7
81391,5
81392,5
81393,7
81394,7
81395,4
81396,4
81397,5
81398,4
81399,7
81400,6
81401,5
81402,7
81403,6
81404,5
81405,6
81406,2
81407,4
81408,6
81409,4
81410,5
81411,5
81412,7
81413,5
81414,4
81415,5
81416,2
81417,5
81418,5
81419,4
81420,6
81421,4
81422,3
81423,4
81424,5
81425,6
81426,4
81427,4
81428,7
81429,5
81430,5
81431,6
81432,2
81433,5
81434,7
81435,4
81436,4
81437,5
81438,6
81439,5
81440,3
81441,7
81442,6
81443,1
81444,6
81445,7
81446,6
81447,7
81448,4
81449,6
81450,3
81451,4
81452,5
81453,7
81454,4
81455,2
81456,7
81457,5
81458,5
81459,5
81460,5
81461,5
81462,4
81463,5
81464,4
81465,3
81466,7
81467,7
81468,4
81469,6
81470,7
81471,6
81472,6
81473,6
81474,6
81475,7
81476,4
81477,5
81478,1
81479,7
81480,6
81481,6
81482,7
81483,5
81484,4
81485,7
81486,5
81487,7
81488,6
81489,7
81490,6
81491,4
81492,4
81493,5
81494,4
81495,7
81496,6
81497,7
81498,5
81499,3
81500,5
81501,4
81502,5
81503,5
81504,5
81505,7
81506,7
81507,3
81508,7
81509,2
81510,6
81511,4
81512,5
81513,3
81514,5
81515,1
81516,4
81517,4
81518,4
81519,6
81520,6
81521,5
81522,6
81523,4
81524,5
81525,2
81526,2
81527,4
81528,4
81529,3
81530,1
81531,3
81532,6
81533,5
81534,5
81535,4
81536,4
81537,4
81538,4
81539,5
81540,4
81541,7
81542,4
81543,3
81544,4
81545,4
81546,5
81547,5
81548,3
81549,7
81550,5
81551,5
81552,7
81553,3
81554,7
81555,6
81556,4
81557,5
81558,6
81559,4
81560,3
81561,6
81562,7
81563,6
81564,4
81565,7
81566,7
81567,6
81568,5
81569,6
81570,6
81571,5
81572,4
81573,5
81574,2
81575,5
81576,3
81577,5
81578,5
81579,5
81580,4
81581,4
81582,6
81583,4
81584,5
81585,6
81586,4
81587,5
81588,5
81589,5
81590,4
81591,4
81592,3
81593,6
81594,5
81595,3
81596,7
81597,3
81598,3
81599,7
81600,5
81601,5
81602,5
81603,7
81604,7
81605,4
81606,3
81607,7
81608,5
81609,6
81610,6
81611,7
81612,6
81613,4
81614,6
81615,7
81616,2
81617,5
81618,4
81619,4
81620,7
81621,5
81622,5
81623,5
81624,5
81625,6
81626,5
81627,6
81628,4
81629,4
81630,2
81631,3
81632,4
81633,5
81634,5
81635,6
81636,5
81637,7
81638,3
81639,5
81640,6
81641,4
81642,7
81643,5
81644,6
81645,7
81646,5
81647,5
81648,7
81649,6
81650,3
81651,5
81652,5
81653,7
81654,7
81655,3
81656,2
81657,4
81658,2
81659,5
81660,5
81661,7
81662,4
81663,1
81664,5
81665,5
81666,6
81667,3
81668,4
81669,3
81670,7
81671,6
81672,5
81673,5
81674,6
81675,6
81676,5
81677,5
81678,5
81679,6
81680,2
81681,6
81682,6
81683,3
81684,6
81685,6
81686,7
81687,4
81688,5
81689,7
81690,7
81691,4
81692,5
81693,7
81694,2
81695,4
81696,6
81697,4
81698,1
81699,5
81700,5
81701,7
81702,6
81703,4
81704,4
81705,6
81706,5
81707,4
81708,5
81709,7
81710,1
81711,6
81712,6
81713,6
81714,6
81715,6
81716,4
81717,6
81718,3
81719,6
81720,3
81721,5
81722,6
81723,7
81724,5
81725,5
81726,4
81727,6
81728,5
81729,4
81730,6
81731,5
81732,3
81733,6
81734,5
81735,3
81736,3
81737,5
81738,5
81739,5
81740,6
81741,6
81742,3
81743,5
81744,7
81745,5
81746,5
81747,4
81748,7
81749,4
81750,7
81751,6
81752,2
81753,3
81754,3
81755,6
81756,5
81757,6
81758,5
81759,4
81760,5
81761,6
81762,6
81763,3
81764,5
81765,7
81766,6
81767,4
81768,5
81769,3
81770,6
81771,5
81772,4
81773,2
81774,5
81775,5
81776,6
81777,5
81778,6
81779,3
81780,6
81781,4
81782,7
81783,7
81784,6
81785,5
81786,3
81787,4
81788,5
81789,5
81790,7
81791,4
81792,5
81793,4
81794,7
81795,4
81796,3
81797,5
81798,5
81799,5
81800,6
81801,5
81802,5
81803,6
81804,4
81805,5
81806,1
81807,6
81808,4
81809,3
81810,3
81811,5
81812,4
81813,5
81814,7
81815,5
81816,4
81817,2
81818,6
81819,6
81820,5
81821,4
81822,4
81823,6
81824,4
81825,6
81826,3
81827,5
81828,4
81829,4
81830,6
81831,6
81832,5
81833,7
81834,2
81835,5
81836,3
81837,5
81838,5
81839,5
81840,4
81841,5
81842,4
81843,4
81844,4
81845,5
81846,6
81847,6
81848,5
81849,4
81850,2
81851,5
81852,4
81853,7
81854,6
81855,6
81856,1
81857,6
81858,6
81859,7
81860,3
81861,5
81862,2
81863,6
81864,7
81865,6
81866,6
81867,6
81868,6
81869,4
81870,5
81871,4
81872,1
81873,7
81874,4
81875,5
81876,5
81877,5
81878,4
81879,4
81880,6
81881,5
81882,5
81883,5
81884,5
81885,1
81886,6
81887,6
81888,3
81889,3
81890,4
81891,4
81892,4
81893,4
81894,4
81895,2
81896,1
81897,7
81898,3
81899,5
81900,6
81901,3
81902,5
81903,3
81904,7
81905,5
81906,7
81907,3
81908,4
81909,3
81910,3
81911,7
81912,6
81913,5
81914,3
81915,3
81916,3
81917,5
81918,5
81919,5
81920,6
81921,6
81922,5
81923,4
81924,3
81925,7
81926,2
81927,4
81928,6
81929,7
81930,6
81931,2
81932,6
81933,7
81934,5
81935,5
81936,2
81937,6
81938,4
81939,2
81940,4
81941,6
81942,4
81943,7
81944,4
81945,5
81946,4
81947,5
81948,6
81949,5
81950,6
81951,4
81952,5
81953,3
81954,6
81955,7
81956,5
81957,4
81958,7
81959,7
81960,4
81961,6
81962,5
81963,3
81964,4
81965,5
81966,6
81967,2
81968,6
81969,2
81970,6
81971,4
81972,5
81973,2
81974,5
81975,5
81976,4
81977,6
81978,5
81979,7
81980,4
81981,4
81982,4
81983,6
81984,4
81985,6
81986,5
81987,5
81988,5
81989,6
81990,5
81991,3
81992,5
81993,6
81994,6
81995,5
81996,5
81997,5
81998,5
81999,5
82000,6
82001,4
82002,7
82003,5
82004,4
82005,5
82006,4
82007,6
82008,6
82009,6
82010,4
82011,7
82012,7
82013,6
82014,7
82015,6
82016,4
82017,3
82018,2
82019,5
82020,4
82021,3
82022,3
82023,5
82024,1
82025,6
82026,3
82027,5
82028,2
82029,7
82030,5
82031,2
82032,5
82033,7
82034,3
82035,7
82036,5
82037,2
82038,5
82039,6
82040,3
82041,4
82042,5
82043,7
82044,4
82045,1
82046,6
82047,6
82048,3
82049,6
82050,6
82051,5
82052,5
82053,5
82054,3
82055,3
82056,4
82057,5
82058,5
82059,4
82060,6
82061,3
82062,4
82063,3
82064,5
82065,7
82066,7
82067,5
82068,5
82069,4
82070,7
82071,5
82072,4
82073,6
82074,7
82075,4
82076,6
82077,6
82078,7
82079,4
82080,5
82081,5
82082,4
82083,6
82084,7
82085,5
82086,5
82087,5
82088,4
82089,7
82090,5
82091,6
82092,5
82093,6
82094,3
82095,5
82096,4
82097,6
82098,4
82099,7
82100,5
82101,7
82102,4
82103,5
82104,6
82105,4
82106,4
82107,4
82108,5
82109,4
82110,7
82111,6
82112,3
82113,6
82114,3
82115,6
82116,3
82117,6
82118,6
82119,5
82120,4
82121,6
82122,7
82123,4
82124,4
82125,3
82126,6
82127,7
82128,5
82129,4
82130,6
82131,4
82132,5
82133,5
82134,3
82135,6
82136,3
82137,4
82138,6
82139,6
82140,7
82141,6
82142,4
82143,4
82144,3
82145,4
82146,6
82147,5
82148,5
82149,5
82150,5
82151,5
82152,6
82153,2
82154,6
82155,5
82156,5
82157,4
82158,4
82159,5
82160,7
82161,5
82162,7
82163,5
82164,7
82165,4
82166,3
82167,5
82168,3
82169,2
82170,5
82171,5
82172,5
82173,1
82174,6
82175,4
82176,3
82177,5
82178,4
82179,7
82180,4
82181,4
82182,5
82183,5
82184,5
82185,6
82186,6
82187,4
82188,5
82189,4
82190,3
82191,4
82192,3
82193,6
82194,4
82195,4
82196,4
82197,7
82198,5
82199,5
82200,5
82201,5
82202,5
82203,1
82204,5
82205,5
82206,4
82207,4
82208,5
82209,5
82210,4
82211,6
82212,6
82213,6
82214,5
82215,4
82216,6
82217,4
82218,5
82219,5
82220,4
82221,6
82222,2
82223,2
82224,4
82225,7
82226,7
82227,5
82228,5
82229,3
82230,5
82231,4
82232,6
82233,2
82234,6
82235,5
82236,6
82237,4
82238,5
82239,7
82240,3
82241,6
82242,7
82243,7
82244,4
82245,5
82246,4
82247,5
82248,4
82249,6
82250,3
82251,5
82252,5
82253,5
82254,2
82255,6
82256,4
82257,5
82258,7
82259,5
82260,5
82261,5
82262,7
82263,4
82264,6
82265,5
82266,6
82267,5
82268,5
82269,3
82270,7
82271,7
82272,6
82273,5
82274,5
82275,5
82276,7
82277,3
82278,6
82279,6
82280,4
82281,6
82282,7
82283,5
82284,5
82285,4
82286,4
82287,6
82288,4
82289,6
82290,5
82291,7
82292,7
82293,5
82294,5
82295,4
82296,3
82297,5
82298,5
82299,3
82300,6
82301,5
82302,6
82303,2
82304,5
82305,3
82306,7
82307,2
82308,7
82309,3
82310,5
82311,2
82312,4
82313,6
82314,6
82315,6
82316,6
82317,6
82318,7
82319,5
82320,5
82321,4
82322,6
82323,4
82324,5
82325,3
82326,5
82327,5
82328,4
82329,7
82330,3
82331,5
82332,2
82333,5
82334,4
82335,6
82336,3
82337,4
82338,5
82339,6
82340,6
82341,4
82342,4
82343,7
82344,3
82345,4
82346,6
82347,2
82348,4
82349,7
82350,5
82351,5
82352,4
82353,5
82354,1
82355,5
82356,1
82357,4
82358,5
82359,7
82360,4
82361,5
82362,5
82363,7
82364,5
82365,3
82366,7
82367,2
82368,5
82369,3
82370,3
82371,6
82372,4
82373,6
82374,7
82375,3
82376,7
82377,4
82378,3
82379,3
82380,4
82381,4
82382,5
82383,5
82384,5
82385,3
82386,5
82387,5
82388,7
82389,5
82390,5
82391,6
82392,4
82393,5
82394,5
82395,6
82396,5
82397,3
82398,6
82399,5
82400,5
82401,5
82402,4
82403,1
82404,5
82405,2
82406,2
82407,6
82408,6
82409,4
82410,6
82411,6
82412,5
82413,5
82414,3
82415,5
82416,6
82417,6
82418,5
82419,6
82420,7
82421,5
82422,6
82423,6
82424,6
82425,5
82426,1
82427,6
82428,2
82429,1
82430,2
82431,4
82432,4
82433,5
82434,6
82435,5
82436,5
82437,6
82438,6
82439,5
82440,7
82441,5
82442,5
82443,4
82444,5
82445,4
82446,6
82447,3
82448,5
82449,4
82450,5
82451,7
82452,3
82453,4
82454,4
82455,5
82456,3
82457,7
82458,4
82459,7
82460,4
82461,6
82462,6
82463,5
82464,5
82465,4
82466,4
82467,5
82468,5
82469,5
82470,7
82471,4
82472,6
82473,4
82474,5
82475,5
82476,6
82477,3
82478,4
82479,5
82480,5
82481,5
82482,5
82483,3
82484,4
82485,6
82486,5
82487,6
82488,4
82489,4
82490,4
82491,3
82492,4
82493,5
82494,6
82495,5
82496,4
82497,3
82498,5
82499,4
82500,4
82501,3
82502,3
82503,4
82504,6
82505,5
82506,4
82507,3
82508,4
82509,5
82510,2
82511,6
82512,6
82513,2
82514,5
82515,2
82516,4
82517,3
82518,6
82519,6
82520,2
82521,4
82522,6
82523,4
82524,5
82525,4
82526,3
82527,5
82528,4
82529,4
82530,4
82531,5
82532,4
82533,3
82534,7
82535,5
82536,5
82537,6
82538,5
82539,5
82540,5
82541,5
82542,5
82543,4
82544,4
82545,2
82546,4
82547,7
82548,3
82549,3
82550,4
82551,7
82552,6
82553,4
82554,7
82555,6
82556,4
82557,5
82558,5
82559,6
82560,6
82561,4
82562,5
82563,6
82564,5
82565,6
82566,7
82567,4
82568,7
82569,7
82570,4
82571,5
82572,5
82573,2
82574,5
82575,5
82576,5
82577,4
82578,5
82579,3
82580,5
82581,4
82582,5
82583,4
82584,3
82585,7
82586,5
82587,6
82588,5
82589,4
82590,6
82591,5
82592,2
82593,3
82594,5
82595,5
82596,5
82597,5
82598,4
82599,6
82600,4
82601,5
82602,5
82603,4
82604,3
82605,3
82606,6
82607,5
82608,7
82609,6
82610,4
82611,5
82612,3
82613,6
82614,3
82615,4
82616,5
82617,5
82618,6
82619,5
82620,3
82621,3
82622,5
82623,4
82624,5
82625,2
82626,5
82627,6
82628,4
82629,7
82630,7
82631,7
82632,6
82633,5
82634,5
82635,2
82636,6
82637,2
82638,5
82639,7
82640,6
82641,5
82642,4
82643,5
82644,5
82645,5
82646,2
82647,7
82648,3
82649,6
82650,5
82651,6
82652,7
82653,3
82654,7
82655,4
82656,6
82657,4
82658,7
82659,6
82660,5
82661,4
82662,5
82663,5
82664,4
82665,6
82666,7
82667,5
82668,4
82669,5
82670,7
82671,3
82672,7
82673,5
82674,5
82675,6
82676,5
82677,4
82678,1
82679,5
82680,5
82681,5
82682,6
82683,2
82684,6
82685,5
82686,4
82687,5
82688,4
82689,5
82690,4
82691,5
82692,4
82693,4
82694,5
82695,7
82696,5
82697,4
82698,4
82699,5
82700,5
82701,4
82702,4
82703,6
82704,4
82705,7
82706,4
82707,5
82708,7
82709,7
82710,4
82711,5
82712,5
82713,4
82714,4
82715,6
82716,5
82717,5
82718,4
82719,7
82720,7
82721,3
82722,4
82723,4
82724,5
82725,7
82726,4
82727,5
82728,6
82729,5
82730,5
82731,5
82732,6
82733,5
82734,5
82735,7
82736,3
82737,6
82738,3
82739,5
82740,3
82741,5
82742,4
82743,4
82744,5
82745,7
82746,7
82747,5
82748,4
82749,6
82750,6
82751,6
82752,5
82753,4
82754,5
82755,4
82756,7
82757,5
82758,5
82759,7
82760,4
82761,7
82762,5
82763,5
82764,7
82765,7
82766,4
82767,4
82768,5
82769,6
82770,5
82771,3
82772,7
82773,1
82774,7
82775,5
82776,2
82777,5
82778,6
82779,5
82780,7
82781,4
82782,5
82783,4
82784,6
82785,5
82786,6
82787,5
82788,2
82789,7
82790,7
82791,2
82792,3
82793,4
82794,4
82795,7
82796,5
82797,5
82798,5
82799,6
82800,6
82801,4
82802,4
82803,5
82804,5
82805,4
82806,5
82807,6
82808,4
82809,6
82810,7
82811,4
82812,7
82813,6
82814,2
82815,2
82816,5
82817,4
82818,5
82819,5
82820,6
82821,5
82822,7
82823,5
82824,6
82825,6
82826,6
82827,7
82828,5
82829,4
82830,6
82831,4
82832,7
82833,6
82834,5
82835,5
82836,7
82837,5
82838,6
82839,4
82840,3
82841,6
82842,6
82843,5
82844,3
82845,6
82846,6
82847,3
82848,2
82849,4
82850,5
82851,7
82852,4
82853,5
82854,4
82855,6
82856,6
82857,5
82858,6
82859,2
82860,7
82861,6
82862,6
82863,5
82864,5
82865,7
82866,3
82867,6
82868,4
82869,4
82870,4
82871,7
82872,4
82873,5
82874,6
82875,1
82876,2
82877,6
82878,6
82879,4
82880,5
82881,4
82882,6
82883,2
82884,6
82885,7
82886,4
82887,5
82888,5
82889,2
82890,2
82891,7
82892,5
82893,7
82894,4
82895,7
82896,7
82897,2
82898,7
82899,4
82900,4
82901,5
82902,6
82903,6
82904,6
82905,6
82906,4
82907,5
82908,4
82909,4
82910,7
82911,5
82912,5
82913,4
82914,6
82915,5
82916,5
82917,3
82918,5
82919,2
82920,6
82921,4
82922,7
82923,6
82924,6
82925,5
82926,4
82927,5
82928,4
82929,7
82930,5
82931,5
82932,6
82933,4
82934,5
82935,6
82936,6
82937,3
82938,7
82939,7
82940,6
82941,4
82942,5
82943,6
82944,3
82945,2
82946,4
82947,7
82948,3
82949,7
82950,5
82951,6
82952,1
82953,3
82954,1
82955,5
82956,6
82957,2
82958,4
82959,5
82960,5
82961,4
82962,5
82963,6
82964,5
82965,5
82966,4
82967,7
82968,6
82969,4
82970,3
82971,5
82972,4
82973,5
82974,5
82975,4
82976,6
82977,5
82978,6
82979,7
82980,5
82981,4
82982,2
82983,5
82984,2
82985,7
82986,6
82987,5
82988,5
82989,5
82990,4
82991,7
82992,6
82993,6
82994,6
82995,6
82996,7
82997,5
82998,5
82999,4
83000,4
83001,5
83002,6
83003,3
83004,7
83005,4
83006,5
83007,4
83008,5
83009,4
83010,5
83011,5
83012,6
83013,3
83014,6
83015,6
83016,5
83017,6
83018,6
83019,7
83020,5
83021,4
83022,4
83023,4
83024,7
83025,7
83026,5
83027,3
83028,3
83029,5
83030,5
83031,6
83032,5
83033,6
83034,5
83035,4
83036,2
83037,7
83038,6
83039,2
83040,4
83041,5
83042,3
83043,6
83044,5
83045,3
83046,2
83047,5
83048,1
83049,7
83050,5
83051,5
83052,6
83053,5
83054,3
83055,4
83056,5
83057,5
83058,4
83059,5
83060,3
83061,5
83062,6
83063,5
83064,5
83065,5
83066,4
83067,4
83068,4
83069,2
83070,6
83071,5
83072,4
83073,5
83074,4
83075,5
83076,5
83077,4
83078,4
83079,4
83080,4
83081,7
83082,5
83083,6
83084,4
83085,7
83086,4
83087,6
83088,4
83089,5
83090,2
83091,4
83092,4
83093,4
83094,6
83095,5
83096,5
83097,5
83098,5
83099,5
83100,3
83101,2
83102,4
83103,6
83104,5
83105,6
83106,3
83107,7
83108,5
83109,6
83110,6
83111,6
83112,3
83113,6
83114,6
83115,7
83116,5
83117,6
83118,5
83119,5
83120,5
83121,3
83122,3
83123,3
83124,6
83125,3
83126,5
83127,5
83128,5
83129,4
83130,6
83131,4
83132,7
83133,4
83134,4
83135,7
83136,6
83137,4
83138,3
83139,5
83140,5
83141,4
83142,4
83143,5
83144,7
83145,4
83146,5
83147,3
83148,4
83149,4
83150,3
83151,3
83152,5
83153,5
83154,5
83155,7
83156,4
83157,6
83158,5
83159,6
83160,3
83161,1
83162,3
83163,4
83164,4
83165,4
83166,7
83167,5
83168,6
83169,5
83170,4
83171,6
83172,5
83173,5
83174,6
83175,3
83176,6
83177,5
83178,6
83179,5
83180,4
83181,5
83182,5
83183,1
83184,5
83185,5
83186,6
83187,7
83188,5
83189,3
83190,7
83191,5
83192,7
83193,4
83194,5
83195,7
83196,6
83197,5
83198,5
83199,2
83200,4
83201,6
83202,4
83203,4
83204,6
83205,7
83206,5
83207,5
83208,4
83209,5
83210,2
83211,6
83212,6
83213,6
83214,3
83215,7
83216,4
83217,5
83218,7
83219,4
83220,4
83221,4
83222,6
83223,5
83224,6
83225,7
83226,5
83227,7
83228,6
83229,6
83230,3
83231,5
83232,5
83233,3
83234,6
83235,3
83236,5
83237,5
83238,3
83239,6
83240,2
83241,5
83242,5
83243,3
83244,3
83245,6
83246,7
83247,4
83248,6
83249,3
83250,6
83251,2
83252,4
83253,4
83254,5
83255,2
83256,4
83257,7
83258,4
83259,6
83260,5
83261,4
83262,5
83263,5
83264,3
83265,7
83266,4
83267,7
83268,4
83269,5
83270,3
83271,2
83272,6
83273,5
83274,5
83275,1
83276,4
83277,7
83278,5
83279,2
83280,5
83281,4
83282,5
83283,4
83284,7
83285,4
83286,5
83287,5
83288,5
83289,3
83290,6
83291,5
83292,3
83293,4
83294,6
83295,5
83296,6
83297,2
83298,5
83299,5
83300,2
83301,2
83302,5
83303,5
83304,5
83305,5
83306,5
83307,5
83308,6
83309,3
83310,6
83311,4
83312,3
83313,3
83314,1
83315,7
83316,5
83317,2
83318,5
83319,5
83320,5
83321,5
83322,7
83323,7
83324,7
83325,5
83326,5
83327,4
83328,3
83329,7
83330,5
83331,5
83332,7
83333,7
83334,6
83335,5
83336,5
83337,1
83338,6
83339,5
83340,1
83341,6
83342,6
83343,6
83344,6
83345,7
83346,6
83347,5
83348,3
83349,7
83350,5
83351,6
83352,4
83353,4
83354,2
83355,5
83356,5
83357,5
83358,5
83359,3
83360,5
83361,7
83362,5
83363,4
83364,5
83365,5
83366,7
83367,3
83368,6
83369,6
83370,6
83371,5
83372,5
83373,6
83374,3
83375,7
83376,5
83377,7
83378,5
83379,3
83380,2
83381,5
83382,5
83383,4
83384,5
83385,2
83386,4
83387,5
83388,6
83389,7
83390,5
83391,7
83392,4
83393,7
83394,6
83395,6
83396,6
83397,6
83398,1
83399,4
83400,5
83401,5
83402,6
83403,1
83404,7
83405,3
83406,5
83407,5
83408,1
83409,1
83410,5
83411,3
83412,5
83413,7
83414,7
83415,4
83416,7
83417,4
83418,3
83419,4
83420,4
83421,4
83422,5
83423,4
83424,5
83425,3
83426,7
83427,6
83428,5
83429,6
83430,6
83431,7
83432,4
83433,5
83434,5
83435,6
83436,5
83437,5
83438,5
83439,4
83440,5
83441,5
83442,5
83443,3
83444,6
83445,4
83446,5
83447,5
83448,5
83449,7
83450,6
83451,2
83452,4
83453,3
83454,7
83455,4
83456,6
83457,5
83458,7
83459,7
83460,5
83461,7
83462,4
83463,4
83464,3
83465,4
83466,6
83467,7
83468,3
83469,7
83470,4
83471,5
83472,5
83473,7
83474,4
83475,7
83476,7
83477,5
83478,5
83479,5
83480,3
83481,3
83482,3
83483,5
83484,2
83485,3
83486,6
83487,3
83488,3
83489,5
83490,5
83491,4
83492,5
83493,6
83494,5
83495,6
83496,5
83497,3
83498,4
83499,5
83500,5
83501,7
83502,6
83503,4
83504,7
83505,3
83506,5
83507,4
83508,4
83509,5
83510,5
83511,4
83512,5
83513,3
83514,5
83515,6
83516,6
83517,7
83518,3
83519,4
83520,5
83521,6
83522,4
83523,3
83524,5
83525,4
83526,6
83527,3
83528,5
83529,7
83530,4
83531,6
83532,5
83533,7
83534,5
83535,4
83536,7
83537,5
83538,2
83539,6
83540,6
83541,5
83542,5
83543,5
83544,3
83545,7
83546,2
83547,6
83548,6
83549,2
83550,4
83551,7
83552,1
83553,6
83554,4
83555,6
83556,5
83557,7
83558,4
83559,6
83560,6
83561,5
83562,5
83563,4
83564,4
83565,5
83566,4
83567,3
83568,5
83569,2
83570,5
83571,4
83572,5
83573,4
83574,3
83575,7
83576,6
83577,5
83578,4
83579,6
83580,5
83581,7
83582,4
83583,5
83584,3
83585,5
83586,4
83587,4
83588,6
83589,6
83590,4
83591,5
83592,2
83593,3
83594,2
83595,5
83596,7
83597,5
83598,4
83599,1
83600,6
83601,5
83602,4
83603,3
83604,6
83605,7
83606,6
83607,4
83608,2
83609,2
83610,5
83611,6
83612,4
83613,6
83614,4
83615,5
83616,5
83617,5
83618,5
83619,7
83620,4
83621,1
83622,5
83623,4
83624,6
83625,5
83626,7
83627,1
83628,7
83629,2
83630,5
83631,6
83632,4
83633,6
83634,5
83635,5
83636,5
83637,4
83638,3
83639,4
83640,3
83641,5
83642,7
83643,6
83644,4
83645,5
83646,6
83647,6
83648,4
83649,5
83650,3
83651,5
83652,4
83653,7
83654,3
83655,6
83656,4
83657,4
83658,5
83659,4
83660,5
83661,5
83662,4
83663,4
83664,6
83665,6
83666,4
83667,5
83668,4
83669,5
83670,5
83671,6
83672,4
83673,6
83674,6
83675,6
83676,7
83677,7
83678,3
83679,1
83680,6
83681,7
83682,5
83683,5
83684,5
83685,6
83686,4
83687,4
83688,3
83689,5
83690,6
83691,6
83692,3
83693,6
83694,5
83695,5
83696,4
83697,5
83698,6
83699,6
83700,7
83701,4
83702,4
83703,4
83704,3
83705,6
83706,3
83707,7
83708,7
83709,5
83710,1
83711,6
83712,7
83713,2
83714,1
83715,6
83716,3
83717,5
83718,2
83719,6
83720,4
83721,2
83722,4
83723,4
83724,5
83725,6
83726,4
83727,5
83728,5
83729,5
83730,5
83731,5
83732,7
83733,4
83734,3
83735,7
83736,5
83737,6
83738,7
83739,7
83740,3
83741,5
83742,5
83743,7
83744,3
83745,5
83746,3
83747,3
83748,5
83749,4
83750,5
83751,5
83752,6
83753,4
83754,6
83755,4
83756,5
83757,6
83758,2
83759,6
83760,5
83761,6
83762,7
83763,4
83764,5
83765,4
83766,7
83767,3
83768,7
83769,7
83770,6
83771,6
83772,5
83773,5
83774,4
83775,2
83776,7
83777,4
83778,5
83779,4
83780,5
83781,3
83782,4
83783,4
83784,4
83785,5
83786,6
83787,6
83788,2
83789,5
83790,5
83791,4
83792,5
83793,4
83794,5
83795,4
83796,7
83797,4
83798,7
83799,5
83800,2
83801,5
83802,5
83803,6
83804,4
83805,4
83806,6
83807,4
83808,6
83809,7
83810,3
83811,5
83812,4
83813,1
83814,5
83815,4
83816,5
83817,5
83818,4
83819,7
83820,5
83821,6
83822,4
83823,5
83824,5
83825,5
83826,5
83827,3
83828,5
83829,6
83830,6
83831,5
83832,1
83833,4
83834,4
83835,6
83836,6
83837,5
83838,5
83839,7
83840,3
83841,3
83842,7
83843,2
83844,5
83845,5
83846,6
83847,6
83848,5
83849,7
83850,3
83851,7
83852,5
83853,6
83854,5
83855,5
83856,5
83857,7
83858,7
83859,5
83860,5
83861,7
83862,2
83863,4
83864,6
83865,6
83866,5
83867,4
83868,5
83869,7
83870,5
83871,5
83872,6
83873,5
83874,6
83875,5
83876,3
83877,5
83878,7
83879,5
83880,4
83881,5
83882,5
83883,1
83884,3
83885,3
83886,3
83887,4
83888,3
83889,3
83890,5
83891,3
83892,6
83893,3
83894,4
83895,5
83896,2
83897,7
83898,5
83899,4
83900,6
83901,4
83902,6
83903,7
83904,6
83905,7
83906,4
83907,2
83908,3
83909,2
83910,4
83911,7
83912,6
83913,6
83914,5
83915,6
83916,5
83917,5
83918,5
83919,4
83920,4
83921,4
83922,3
83923,6
83924,4
83925,3
83926,3
83927,1
83928,5
83929,5
83930,4
83931,5
83932,3
83933,1
83934,5
83935,5
83936,7
83937,7
83938,6
83939,7
83940,5
83941,6
83942,5
83943,6
83944,4
83945,5
83946,4
83947,4
83948,6
83949,4
83950,5
83951,6
83952,3
83953,7
83954,6
83955,5
83956,7
83957,6
83958,7
83959,4
83960,7
83961,7
83962,6
83963,4
83964,4
83965,4
83966,6
83967,5
83968,5
83969,6
83970,4
83971,3
83972,4
83973,3
83974,2
83975,7
83976,3
83977,5
83978,6
83979,7
83980,5
83981,6
83982,7
83983,6
83984,2
83985,6
83986,7
83987,4
83988,6
83989,6
83990,7
83991,5
83992,5
83993,6
83994,1
83995,6
83996,5
83997,5
83998,7
83999,5
84000,6
84001,6
84002,7
84003,2
84004,4
84005,5
84006,7
84007,7
84008,7
84009,5
84010,4
84011,6
84012,6
84013,6
84014,5
84015,7
84016,3
84017,5
84018,6
84019,6
84020,6
84021,5
84022,4
84023,5
84024,6
84025,4
84026,3
84027,2
84028,7
84029,6
84030,6
84031,2
84032,4
84033,7
84034,5
84035,7
84036,5
84037,4
84038,5
84039,5
84040,7
84041,7
84042,5
84043,7
84044,5
84045,5
84046,3
84047,1
84048,7
84049,7
84050,4
84051,7
84052,5
84053,5
84054,7
84055,3
84056,4
84057,6
84058,6
84059,2
84060,5
84061,4
84062,5
84063,5
84064,5
84065,3
84066,5
84067,5
84068,4
84069,5
84070,6
84071,6
84072,6
84073,6
84074,5
84075,5
84076,5
84077,7
84078,6
84079,5
84080,5
84081,4
84082,6
84083,3
84084,1
84085,5
84086,5
84087,6
84088,4
84089,3
84090,5
84091,3
84092,5
84093,7
84094,4
84095,5
84096,4
84097,5
84098,5
84099,6
84100,4
84101,4
84102,7
84103,3
84104,5
84105,4
84106,6
84107,5
84108,5
84109,7
84110,2
84111,5
84112,5
84113,2
84114,7
84115,4
84116,5
84117,6
84118,7
84119,6
84120,5
84121,5
84122,7
84123,5
84124,5
84125,6
84126,7
84127,5
84128,2
84129,5
84130,4
84131,4
84132,4
84133,6
84134,3
84135,4
84136,7
84137,2
84138,4
84139,6
84140,2
84141,6
84142,3
84143,5
84144,5
84145,5
84146,4
84147,4
84148,5
84149,2
84150,5
84151,5
84152,4
84153,4
84154,5
84155,5
84156,4
84157,5
84158,5
84159,7
84160,4
84161,4
84162,5
84163,6
84164,5
84165,6
84166,4
84167,4
84168,6
84169,5
84170,3
84171,3
84172,5
84173,5
84174,7
84175,5
84176,7
84177,4
84178,6
84179,3
84180,5
84181,5
84182,5
84183,5
84184,5
84185,6
84186,6
84187,5
84188,5
84189,6
84190,6
84191,7
84192,3
84193,6
84194,6
84195,6
84196,4
84197,5
84198,5
84199,4
84200,6
84201,5
84202,6
84203,3
84204,5
84205,7
84206,5
84207,5
84208,4
84209,7
84210,6
84211,3
84212,5
84213,5
84214,5
84215,6
84216,6
84217,7
84218,3
84219,5
84220,5
84221,3
84222,6
84223,5
84224,6
84225,5
84226,4
84227,6
84228,5
84229,4
84230,5
84231,5
84232,5
84233,5
84234,6
84235,4
84236,5
84237,7
84238,2
84239,7
84240,4
84241,2
84242,6
84243,6
84244,4
84245,5
84246,5
84247,7
84248,5
84249,7
84250,6
84251,5
84252,5
84253,3
84254,3
84255,6
84256,4
84257,4
84258,2
84259,5
84260,7
84261,5
84262,5
84263,7
84264,7
84265,6
84266,3
84267,5
84268,5
84269,5
84270,5
84271,3
84272,2
84273,6
84274,7
84275,5
84276,5
84277,6
84278,5
84279,4
84280,4
84281,2
84282,3
84283,5
84284,5
84285,6
84286,2
84287,2
84288,7
84289,5
84290,4
84291,5
84292,5
84293,3
84294,5
84295,6
84296,4
84297,5
84298,6
84299,5
84300,5
84301,6
84302,6
84303,4
84304,7
84305,5
84306,5
84307,7
84308,3
84309,5
84310,4
84311,6
84312,4
84313,5
84314,6
84315,3
84316,5
84317,6
84318,5
84319,6
84320,3
84321,6
84322,5
84323,3
84324,5
84325,6
84326,5
84327,7
84328,7
84329,2
84330,5
84331,7
84332,6
84333,7
84334,5
84335,4
84336,4
84337,3
84338,3
84339,5
84340,6
84341,4
84342,6
84343,5
84344,7
84345,7
84346,6
84347,6
84348,5
84349,3
84350,7
84351,6
84352,4
84353,6
84354,3
84355,4
84356,4
84357,5
84358,4
84359,5
84360,7
84361,7
84362,6
84363,4
84364,6
84365,6
84366,5
84367,2
84368,5
84369,7
84370,5
84371,5
84372,6
84373,5
84374,6
84375,2
84376,7
84377,5
84378,5
84379,3
84380,5
84381,4
84382,3
84383,5
84384,6
84385,7
84386,5
84387,6
84388,7
84389,7
84390,7
84391,2
84392,6
84393,7
84394,5
84395,2
84396,4
84397,5
84398,4
84399,4
84400,2
84401,4
84402,5
84403,5
84404,6
84405,5
84406,3
84407,7
84408,7
84409,5
84410,4
84411,2
84412,7
84413,4
84414,5
84415,5
84416,5
84417,3
84418,6
84419,5
84420,6
84421,5
84422,3
84423,5
84424,7
84425,4
84426,6
84427,7
84428,3
84429,4
84430,4
84431,6
84432,5
84433,4
84434,7
84435,5
84436,5
84437,4
84438,3
84439,6
84440,6
84441,3
84442,3
84443,4
84444,6
84445,3
84446,1
84447,7
84448,3
84449,2
84450,5
84451,3
84452,3
84453,3
84454,4
84455,4
84456,4
84457,5
84458,5
84459,7
84460,6
84461,7
84462,5
84463,3
84464,4
84465,4
84466,7
84467,5
84468,7
84469,6
84470,2
84471,5
84472,5
84473,4
84474,2
84475,4
84476,4
84477,2
84478,7
84479,7
84480,6
84481,5
84482,4
84483,4
84484,7
84485,6
84486,4
84487,3
84488,5
84489,7
84490,7
84491,4
84492,5
84493,6
84494,2
84495,5
84496,3
84497,4
84498,4
84499,7
84500,5
84501,5
84502,5
84503,7
84504,6
84505,7
84506,4
84507,5
84508,4
84509,5
84510,4
84511,4
84512,3
84513,3
84514,3
84515,7
84516,5
84517,5
84518,6
84519,5
84520,5
84521,3
84522,2
84523,5
84524,6
84525,5
84526,3
84527,6
84528,6
84529,5
84530,3
84531,4
84532,6
84533,6
84534,6
84535,6
84536,6
84537,7
84538,5
84539,4
84540,4
84541,7
84542,4
84543,7
84544,4
84545,4
84546,5
84547,6
84548,4
84549,7
84550,2
84551,5
84552,5
84553,4
84554,6
84555,4
84556,6
84557,6
84558,4
84559,4
84560,7
84561,4
84562,4
84563,5
84564,4
84565,6
84566,1
84567,3
84568,7
84569,6
84570,6
84571,2
84572,5
84573,7
84574,6
84575,5
84576,3
84577,4
84578,6
84579,7
84580,3
84581,6
84582,4
84583,5
84584,6
84585,6
84586,7
84587,5
84588,5
84589,5
84590,7
84591,5
84592,3
84593,6
84594,7
84595,5
84596,3
84597,7
84598,2
84599,3
84600,6
84601,2
84602,3
84603,3
84604,5
84605,5
84606,4
84607,4
84608,6
84609,5
84610,2
84611,6
84612,7
84613,6
84614,4
84615,2
84616,7
84617,4
84618,5
84619,6
84620,5
84621,4
84622,4
84623,1
84624,7
84625,2
84626,6
84627,4
84628,3
84629,4
84630,3
84631,5
84632,3
84633,5
84634,6
84635,5
84636,2
84637,2
84638,6
84639,4
84640,4
84641,5
84642,4
84643,4
84644,5
84645,5
84646,5
84647,5
84648,3
84649,3
84650,6
84651,5
84652,4
84653,5
84654,2
84655,6
84656,4
84657,1
84658,4
84659,7
84660,5
84661,6
84662,5
84663,4
84664,4
84665,5
84666,6
84667,1
84668,5
84669,5
84670,5
84671,5
84672,6
84673,7
84674,1
84675,4
84676,2
84677,1
84678,3
84679,7
84680,5
84681,7
84682,6
84683,3
84684,4
84685,3
84686,3
84687,5
84688,5
84689,6
84690,5
84691,5
84692,6
84693,3
84694,4
84695,3
84696,1
84697,5
84698,7
84699,7
84700,3
84701,5
84702,4
84703,6
84704,5
84705,6
84706,4
84707,5
84708,5
84709,6
84710,3
84711,5
84712,7
84713,3
84714,4
84715,3
84716,5
84717,5
84718,7
84719,7
84720,7
84721,5
84722,5
84723,5
84724,3
84725,3
84726,5
84727,5
84728,5
84729,5
84730,3
84731,7
84732,5
84733,6
84734,4
84735,2
84736,5
84737,2
84738,5
84739,3
84740,4
84741,5
84742,3
84743,6
84744,5
84745,5
84746,6
84747,6
84748,7
84749,7
84750,6
84751,3
84752,5
84753,7
84754,4
84755,6
84756,4
84757,4
84758,6
84759,5
84760,4
84761,6
84762,7
84763,7
84764,5
84765,5
84766,4
84767,6
84768,7
84769,5
84770,4
84771,5
84772,4
84773,5
84774,3
84775,7
84776,7
84777,5
84778,4
84779,3
84780,6
84781,5
84782,6
84783,7
84784,5
84785,5
84786,4
84787,4
84788,4
84789,5
84790,3
84791,3
84792,3
84793,4
84794,4
84795,6
84796,7
84797,2
84798,5
84799,4
84800,5
84801,4
84802,4
84803,5
84804,3
84805,1
84806,2
84807,5
84808,7
84809,5
84810,4
84811,4
84812,7
84813,6
84814,5
84815,3
84816,3
84817,6
84818,6
84819,5
84820,5
84821,7
84822,7
84823,6
84824,1
84825,5
84826,6
84827,4
84828,3
84829,5
84830,3
84831,6
84832,3
84833,7
84834,7
84835,2
84836,7
84837,4
84838,7
84839,7
84840,6
84841,4
84842,7
84843,7
84844,7
84845,5
84846,7
84847,4
84848,5
84849,3
84850,5
84851,4
84852,6
84853,5
84854,4
84855,4
84856,5
84857,5
84858,5
84859,6
84860,5
84861,3
84862,6
84863,6
84864,4
84865,5
84866,4
84867,1
84868,7
84869,5
84870,4
84871,6
84872,5
84873,5
84874,5
84875,5
84876,5
84877,5
84878,2
84879,4
84880,5
84881,7
84882,5
84883,4
84884,5
84885,4
84886,5
84887,3
84888,6
84889,4
84890,5
84891,5
84892,3
84893,4
84894,5
84895,5
84896,4
84897,7
84898,5
84899,5
84900,6
84901,3
84902,3
84903,6
84904,4
84905,6
84906,5
84907,6
84908,7
84909,5
84910,5
84911,5
84912,6
84913,4
84914,5
84915,5
84916,5
84917,4
84918,7
84919,7
84920,7
84921,6
84922,5
84923,5
84924,6
84925,4
84926,3
84927,2
84928,6
84929,4
84930,4
84931,2
84932,5
84933,4
84934,5
84935,5
84936,4
84937,3
84938,3
84939,4
84940,3
84941,5
84942,2
84943,3
84944,4
84945,7
84946,7
84947,5
84948,5
84949,7
84950,7
84951,6
84952,6
84953,4
84954,6
84955,6
84956,6
84957,6
84958,6
84959,7
84960,6
84961,5
84962,7
84963,3
84964,4
84965,3
84966,6
84967,4
84968,5
84969,7
84970,7
84971,6
84972,5
84973,5
84974,7
84975,5
84976,6
84977,5
84978,4
84979,5
84980,5
84981,6
84982,5
84983,5
84984,3
84985,6
84986,7
84987,6
84988,5
84989,4
84990,7
84991,3
84992,2
84993,5
84994,6
84995,5
84996,5
84997,5
84998,6
84999,4
85000,2
85001,6
85002,7
85003,6
85004,3
85005,7
85006,4
85007,4
85008,4
85009,4
85010,2
85011,7
85012,6
85013,4
85014,5
85015,3
85016,7
85017,4
85018,5
85019,6
85020,3
85021,5
85022,6
85023,7
85024,5
85025,5
85026,5
85027,1
85028,4
85029,7
85030,6
85031,4
85032,5
85033,5
85034,4
85035,7
85036,5
85037,3
85038,7
85039,7
85040,5
85041,4
85042,7
85043,5
85044,6
85045,6
85046,3
85047,4
85048,3
85049,5
85050,6
85051,7
85052,5
85053,7
85054,5
85055,6
85056,5
85057,4
85058,4
85059,4
85060,3
85061,3
85062,7
85063,7
85064,6
85065,4
85066,4
85067,4
85068,5
85069,4
85070,5
85071,4
85072,5
85073,6
85074,5
85075,4
85076,6
85077,3
85078,5
85079,4
85080,4
85081,4
85082,7
85083,6
85084,6
85085,5
85086,6
85087,5
85088,2
85089,5
85090,6
85091,6
85092,7
85093,7
85094,3
85095,6
85096,6
85097,6
85098,6
85099,4
85100,5
85101,6
85102,4
85103,3
85104,1
85105,5
85106,6
85107,1
85108,4
85109,6
85110,4
85111,6
85112,5
85113,4
85114,5
85115,5
85116,4
85117,6
85118,7
85119,4
85120,5
85121,7
85122,5
85123,5
85124,7
85125,4
85126,4
85127,3
85128,4
85129,7
85130,7
85131,6
85132,4
85133,6
85134,3
85135,2
85136,4
85137,5
85138,4
85139,7
85140,7
85141,7
85142,5
85143,7
85144,4
85145,2
85146,4
85147,7
85148,3
85149,6
85150,5
85151,6
85152,5
85153,7
85154,6
85155,2
85156,7
85157,7
85158,4
85159,2
85160,6
85161,5
85162,6
85163,4
85164,5
85165,4
85166,4
85167,5
85168,4
85169,4
85170,7
85171,2
85172,4
85173,5
85174,6
85175,6
85176,3
85177,5
85178,4
85179,6
85180,5
85181,5
85182,7
85183,4
85184,5
85185,4
85186,7
85187,5
85188,5
85189,3
85190,4
85191,6
85192,6
85193,5
85194,7
85195,5
85196,5
85197,6
85198,3
85199,7
85200,7
85201,7
85202,4
85203,5
85204,4
85205,5
85206,7
85207,4
85208,6
85209,5
85210,2
85211,6
85212,5
85213,4
85214,5
85215,7
85216,4
85217,6
85218,5
85219,4
85220,5
85221,5
85222,6
85223,6
85224,4
85225,5
85226,5
85227,4
85228,4
85229,7
85230,5
85231,3
85232,7
85233,2
85234,2
85235,6
85236,4
85237,5
85238,4
85239,7
85240,7
85241,4
85242,7
85243,3
85244,5
85245,5
85246,3
85247,5
85248,5
85249,7
85250,7
85251,5
85252,5
85253,5
85254,5
85255,5
85256,6
85257,6
85258,6
85259,4
85260,5
85261,7
85262,3
85263,4
85264,5
85265,6
85266,5
85267,4
85268,3
85269,5
85270,5
85271,5
85272,2
85273,3
85274,4
85275,5
85276,4
85277,4
85278,4
85279,6
85280,3
85281,7
85282,4
85283,5
85284,5
85285,6
85286,4
85287,6
85288,6
85289,6
85290,7
85291,7
85292,4
85293,2
85294,5
85295,5
85296,5
85297,4
85298,3
85299,7
85300,3
85301,7
85302,5
85303,6
85304,3
85305,5
85306,3
85307,6
85308,4
85309,4
85310,6
85311,1
85312,5
85313,6
85314,7
85315,3
85316,6
85317,3
85318,5
85319,6
85320,3
85321,6
85322,2
85323,5
85324,5
85325,4
85326,3
85327,2
85328,5
85329,6
85330,4
85331,4
85332,3
85333,5
85334,4
85335,5
85336,3
85337,7
85338,4
85339,3
85340,7
85341,5
85342,6
85343,5
85344,5
85345,7
85346,5
85347,6
85348,5
85349,5
85350,3
85351,5
85352,2
85353,6
85354,6
85355,6
85356,5
85357,5
85358,5
85359,6
85360,5
85361,7
85362,6
85363,5
85364,2
85365,5
85366,5
85367,7
85368,6
85369,6
85370,3
85371,6
85372,5
85373,7
85374,3
85375,5
85376,4
85377,4
85378,5
85379,3
85380,2
85381,5
85382,4
85383,6
85384,4
85385,5
85386,5
85387,5
85388,5
85389,3
85390,2
85391,5
85392,5
85393,6
85394,3
85395,4
85396,6
85397,3
85398,5
85399,7
85400,7
85401,3
85402,3
85403,7
85404,3
85405,6
85406,4
85407,7
85408,4
85409,6
85410,7
85411,6
85412,7
85413,5
85414,5
85415,2
85416,7
85417,4
85418,3
85419,6
85420,6
85421,3
85422,7
85423,6
85424,6
85425,5
85426,5
85427,7
85428,5
85429,6
85430,5
85431,5
85432,4
85433,5
85434,6
85435,6
85436,5
85437,4
85438,5
85439,7
85440,4
85441,3
85442,5
85443,7
85444,5
85445,5
85446,7
85447,4
85448,3
85449,6
85450,3
85451,5
85452,3
85453,5
85454,5
85455,5
85456,6
85457,4
85458,4
85459,5
85460,7
85461,6
85462,5
85463,5
85464,5
85465,7
85466,4
85467,2
85468,4
85469,4
85470,4
85471,6
85472,7
85473,6
85474,5
85475,1
85476,5
85477,5
85478,4
85479,7
85480,2
85481,6
85482,4
85483,5
85484,5
85485,5
85486,7
85487,6
85488,6
85489,4
85490,6
85491,7
85492,5
85493,4
85494,7
85495,2
85496,7
85497,6
85498,4
85499,6
85500,4
85501,5
85502,6
85503,2
85504,7
85505,7
85506,5
85507,5
85508,7
85509,4
85510,5
85511,3
85512,7
85513,5
85514,3
85515,6
85516,6
85517,5
85518,4
85519,7
85520,3
85521,5
85522,6
85523,4
85524,7
85525,6
85526,3
85527,6
85528,5
85529,5
85530,4
85531,1
85532,6
85533,6
85534,5
85535,4
85536,3
85537,4
85538,6
85539,5
85540,4
85541,7
85542,6
85543,4
85544,2
85545,5
85546,6
85547,5
85548,4
85549,4
85550,2
85551,5
85552,3
85553,3
85554,5
85555,5
85556,4
85557,5
85558,6
85559,6
85560,4
85561,3
85562,4
85563,5
85564,4
85565,6
85566,4
85567,5
85568,6
85569,6
85570,5
85571,4
85572,5
85573,5
85574,5
85575,6
85576,3
85577,5
85578,5
85579,7
85580,5
85581,7
85582,6
85583,5
85584,6
85585,6
85586,6
85587,6
85588,7
85589,5
85590,6
85591,6
85592,5
85593,4
85594,4
85595,7
85596,6
85597,3
85598,4
85599,6
85600,5
85601,5
85602,7
85603,7
85604,7
85605,5
85606,5
85607,3
85608,3
85609,2
85610,6
85611,6
85612,6
85613,5
85614,5
85615,5
85616,6
85617,7
85618,7
85619,4
85620,4
85621,7
85622,3
85623,5
85624,3
85625,4
85626,4
85627,6
85628,5
85629,7
85630,5
85631,3
85632,7
85633,4
85634,5
85635,3
85636,6
85637,7
85638,4
85639,7
85640,7
85641,7
85642,5
85643,6
85644,2
85645,3
85646,6
85647,5
85648,4
85649,7
85650,6
85651,5
85652,5
85653,6
85654,4
85655,2
85656,5
85657,7
85658,6
85659,3
85660,3
85661,4
85662,4
85663,4
85664,6
85665,4
85666,5
85667,5
85668,5
85669,4
85670,4
85671,3
85672,5
85673,3
85674,3
85675,4
85676,2
85677,5
85678,1
85679,4
85680,6
85681,3
85682,6
85683,6
85684,7
85685,7
85686,7
85687,4
85688,4
85689,4
85690,6
85691,7
85692,2
85693,5
85694,6
85695,4
85696,4
85697,4
85698,2
85699,5
85700,4
85701,5
85702,4
85703,5
85704,4
85705,7
85706,5
85707,6
85708,7
85709,4
85710,5
85711,1
85712,6
85713,3
85714,3
85715,6
85716,4
85717,4
85718,6
85719,5
85720,4
85721,6
85722,7
85723,6
85724,3
85725,5
85726,5
85727,5
85728,5
85729,7
85730,5
85731,6
85732,6
85733,7
85734,5
85735,7
85736,5
85737,2
85738,6
85739,7
85740,3
85741,5
85742,6
85743,7
85744,7
85745,5
85746,2
85747,4
85748,3
85749,3
85750,4
85751,5
85752,3
85753,6
85754,6
85755,5
85756,5
85757,5
85758,5
85759,5
85760,4
85761,3
85762,5
85763,4
85764,2
85765,3
85766,3
85767,6
85768,5
85769,4
85770,6
85771,5
85772,6
85773,3
85774,1
85775,5
85776,4
85777,7
85778,3
85779,4
85780,7
85781,7
85782,1
85783,5
85784,6
85785,4
85786,7
85787,5
85788,4
85789,2
85790,6
85791,5
85792,1
85793,6
85794,4
85795,3
85796,2
85797,1
85798,6
85799,6
85800,4
85801,7
85802,5
85803,5
85804,5
85805,7
85806,6
85807,2
85808,7
85809,3
85810,5
85811,3
85812,6
85813,5
85814,3
85815,5
85816,5
85817,4
85818,2
85819,5
85820,6
85821,6
85822,4
85823,6
85824,2
85825,5
85826,3
85827,6
85828,3
85829,5
85830,4
85831,6
85832,4
85833,3
85834,6
85835,7
85836,5
85837,6
85838,7
85839,5
85840,6
85841,3
85842,5
85843,7
85844,1
85845,4
85846,5
85847,5
85848,6
85849,6
85850,5
85851,5
85852,5
85853,5
85854,7
85855,5
85856,5
85857,4
85858,5
85859,5
85860,3
85861,7
85862,4
85863,3
85864,5
85865,7
85866,4
85867,5
85868,5
85869,6
85870,3
85871,7
85872,7
85873,3
85874,7
85875,7
85876,5
85877,5
85878,4
85879,5
85880,3
85881,5
85882,7
85883,6
85884,6
85885,6
85886,6
85887,3
85888,5
85889,2
85890,6
85891,5
85892,5
85893,5
85894,5
85895,5
85896,5
85897,6
85898,5
85899,4
85900,5
85901,6
85902,3
85903,4
85904,6
85905,6
85906,7
85907,5
85908,6
85909,2
85910,5
85911,7
85912,7
85913,3
85914,3
85915,5
85916,5
85917,5
85918,4
85919,4
85920,5
85921,3
85922,7
85923,6
85924,7
85925,1
85926,5
85927,4
85928,6
85929,4
85930,4
85931,5
85932,4
85933,5
85934,6
85935,4
85936,5
85937,5
85938,1
85939,1
85940,6
85941,4
85942,5
85943,5
85944,2
85945,5
85946,3
85947,7
85948,6
85949,3
85950,6
85951,5
85952,5
85953,3
85954,5
85955,4
85956,5
85957,7
85958,6
85959,5
85960,6
85961,5
85962,7
85963,3
85964,6
85965,5
85966,4
85967,5
85968,3
85969,4
85970,5
85971,5
85972,6
85973,7
85974,5
85975,4
85976,4
85977,5
85978,4
85979,5
85980,6
85981,4
85982,5
85983,7
85984,5
85985,2
85986,6
85987,7
85988,6
85989,6
85990,3
85991,5
85992,2
85993,7
85994,5
85995,6
85996,2
85997,4
85998,6
85999,3
86000,5
86001,4
86002,7
86003,7
86004,3
86005,6
86006,5
86007,1
86008,5
86009,6
86010,6
86011,5
86012,6
86013,6
86014,4
86015,4
86016,6
86017,5
86018,6
86019,6
86020,6
86021,6
86022,5
86023,5
86024,2
86025,5
86026,7
86027,4
86028,6
86029,5
86030,6
86031,4
86032,3
86033,4
86034,4
86035,6
86036,7
86037,5
86038,5
86039,6
86040,6
86041,2
86042,1
86043,4
86044,5
86045,3
86046,5
86047,4
86048,5
86049,6
86050,5
86051,6
86052,4
86053,4
86054,6
86055,7
86056,5
86057,3
86058,5
86059,5
86060,7
86061,3
86062,7
86063,3
86064,6
86065,5
86066,4
86067,7
86068,5
86069,5
86070,4
86071,5
86072,7
86073,5
86074,5
86075,5
86076,6
86077,5
86078,6
86079,4
86080,5
86081,6
86082,7
86083,4
86084,4
86085,7
86086,5
86087,7
86088,6
86089,6
86090,3
86091,2
86092,5
86093,5
86094,5
86095,5
86096,7
86097,6
86098,2
86099,5
86100,4
86101,3
86102,4
86103,5
86104,4
86105,6
86106,4
86107,6
86108,3
86109,5
86110,2
86111,4
86112,4
86113,1
86114,7
86115,3
86116,4
86117,4
86118,6
86119,3
86120,5
86121,7
86122,7
86123,6
86124,5
86125,3
86126,6
86127,6
86128,3
86129,6
86130,4
86131,4
86132,6
86133,5
86134,4
86135,6
86136,4
86137,4
86138,4
86139,5
86140,5
86141,4
86142,7
86143,5
86144,5
86145,3
86146,4
86147,6
86148,6
86149,3
86150,4
86151,5
86152,4
86153,1
86154,6
86155,6
86156,5
86157,5
86158,1
86159,5
86160,4
86161,4
86162,7
86163,3
86164,5
86165,3
86166,3
86167,6
86168,5
86169,4
86170,2
86171,5
86172,5
86173,6
86174,7
86175,4
86176,5
86177,5
86178,5
86179,5
86180,3
86181,2
86182,7
86183,6
86184,3
86185,4
86186,3
86187,4
86188,7
86189,7
86190,7
86191,6
86192,6
86193,1
86194,7
86195,5
86196,7
86197,6
86198,4
86199,5
86200,6
86201,5
86202,4
86203,7
86204,2
86205,4
86206,1
86207,6
86208,4
86209,4
86210,6
86211,4
86212,5
86213,4
86214,5
86215,6
86216,4
86217,3
86218,5
86219,4
86220,5
86221,4
86222,5
86223,7
86224,3
86225,3
86226,5
86227,4
86228,5
86229,6
86230,7
86231,6
86232,5
86233,3
86234,5
86235,6
86236,3
86237,3
86238,4
86239,4
86240,2
86241,7
86242,5
86243,6
86244,5
86245,6
86246,5
86247,7
86248,2
86249,3
86250,6
86251,3
86252,6
86253,5
86254,1
86255,4
86256,6
86257,5
86258,1
86259,4
86260,6
86261,3
86262,5
86263,2
86264,5
86265,3
86266,4
86267,5
86268,7
86269,6
86270,7
86271,4
86272,4
86273,4
86274,5
86275,4
86276,7
86277,4
86278,3
86279,5
86280,4
86281,6
86282,3
86283,7
86284,5
86285,6
86286,5
86287,4
86288,5
86289,6
86290,5
86291,7
86292,6
86293,5
86294,1
86295,4
86296,6
86297,5
86298,5
86299,5
86300,7
86301,6
86302,4
86303,7
86304,4
86305,3
86306,4
86307,5
86308,5
86309,5
86310,4
86311,5
86312,5
86313,5
86314,7
86315,6
86316,6
86317,7
86318,5
86319,5
86320,7
86321,6
86322,5
86323,7
86324,2
86325,3
86326,4
86327,4
86328,5
86329,6
86330,4
86331,6
86332,7
86333,2
86334,4
86335,3
86336,5
86337,1
86338,6
86339,5
86340,2
86341,5
86342,4
86343,6
86344,2
86345,6
86346,5
86347,4
86348,7
86349,4
86350,3
86351,3
86352,6
86353,7
86354,4
86355,4
86356,2
86357,5
86358,7
86359,6
86360,5
86361,3
86362,4
86363,5
86364,3
86365,5
86366,5
86367,2
86368,6
86369,6
86370,6
86371,5
86372,4
86373,6
86374,4
86375,5
86376,6
86377,7
86378,5
86379,5
86380,5
86381,7
86382,5
86383,4
86384,3
86385,5
86386,7
86387,6
86388,6
86389,1
86390,7
86391,7
86392,4
86393,5
86394,6
86395,5
86396,6
86397,6
86398,5
86399,6
86400,2
86401,4
86402,5
86403,6
86404,4
86405,5
86406,4
86407,4
86408,3
86409,1
86410,6
86411,7
86412,5
86413,7
86414,2
86415,5
86416,4
86417,7
86418,4
86419,7
86420,5
86421,5
86422,2
86423,6
86424,5
86425,7
86426,3
86427,4
86428,4
86429,7
86430,4
86431,6
86432,6
86433,3
86434,3
86435,4
86436,4
86437,5
86438,3
86439,5
86440,6
86441,5
86442,3
86443,7
86444,4
86445,5
86446,5
86447,2
86448,6
86449,7
86450,3
86451,4
86452,2
86453,7
86454,5
86455,4
86456,5
86457,4
86458,7
86459,4
86460,3
86461,3
86462,5
86463,6
86464,4
86465,7
86466,7
86467,5
86468,5
86469,6
86470,5
86471,3
86472,5
86473,5
86474,6
86475,7
86476,6
86477,6
86478,5
86479,7
86480,5
86481,2
86482,4
86483,6
86484,6
86485,5
86486,3
86487,4
86488,7
86489,6
86490,6
86491,6
86492,5
86493,5
86494,6
86495,6
86496,5
86497,3
86498,5
86499,5
86500,6
86501,5
86502,5
86503,7
86504,2
86505,5
86506,4
86507,3
86508,5
86509,2
86510,7
86511,5
86512,4
86513,4
86514,5
86515,6
86516,6
86517,4
86518,5
86519,4
86520,5
86521,3
86522,3
86523,7
86524,7
86525,6
86526,2
86527,5
86528,4
86529,3
86530,1
86531,5
86532,3
86533,6
86534,3
86535,3
86536,4
86537,5
86538,5
86539,4
86540,5
86541,5
86542,6
86543,7
86544,4
86545,7
86546,7
86547,2
86548,4
86549,3
86550,6
86551,6
86552,3
86553,7
86554,4
86555,6
86556,6
86557,7
86558,7
86559,5
86560,3
86561,4
86562,2
86563,4
86564,5
86565,6
86566,3
86567,3
86568,5
86569,5
86570,4
86571,7
86572,5
86573,3
86574,4
86575,6
86576,4
86577,4
86578,5
86579,7
86580,5
86581,4
86582,4
86583,5
86584,3
86585,7
86586,5
86587,5
86588,5
86589,5
86590,4
86591,6
86592,4
86593,2
86594,6
86595,4
86596,7
86597,5
86598,5
86599,6
86600,7
86601,5
86602,4
86603,5
86604,6
86605,2
86606,7
86607,7
86608,6
86609,2
86610,3
86611,4
86612,3
86613,5
86614,5
86615,5
86616,7
86617,5
86618,5
86619,6
86620,4
86621,7
86622,4
86623,7
86624,4
86625,5
86626,6
86627,6
86628,7
86629,5
86630,5
86631,5
86632,5
86633,5
86634,6
86635,6
86636,2
86637,4
86638,4
86639,2
86640,6
86641,5
86642,4
86643,5
86644,2
86645,6
86646,5
86647,7
86648,4
86649,6
86650,6
86651,7
86652,6
86653,5
86654,3
86655,4
86656,5
86657,3
86658,7
86659,5
86660,4
86661,7
86662,5
86663,5
86664,3
86665,4
86666,5
86667,7
86668,5
86669,4
86670,6
86671,5
86672,4
86673,5
86674,6
86675,4
86676,3
86677,6
86678,4
86679,5
86680,7
86681,5
86682,5
86683,4
86684,4
86685,5
86686,4
86687,5
86688,5
86689,5
86690,2
86691,6
86692,6
86693,7
86694,6
86695,2
86696,4
86697,7
86698,7
86699,7
86700,7
86701,2
86702,5
86703,6
86704,2
86705,3
86706,6
86707,6
86708,4
86709,7
86710,3
86711,6
86712,7
86713,4
86714,6
86715,5
86716,6
86717,4
86718,5
86719,6
86720,6
86721,4
86722,6
86723,7
86724,6
86725,6
86726,4
86727,5
86728,5
86729,5
86730,5
86731,4
86732,5
86733,5
86734,5
86735,3
86736,1
86737,5
86738,5
86739,5
86740,7
86741,7
86742,6
86743,4
86744,4
86745,4
86746,6
86747,6
86748,4
86749,4
86750,7
86751,5
86752,5
86753,5
86754,5
86755,4
86756,5
86757,5
86758,2
86759,6
86760,5
86761,6
86762,2
86763,2
86764,5
86765,4
86766,6
86767,6
86768,5
86769,6
86770,6
86771,6
86772,5
86773,5
86774,3
86775,5
86776,3
86777,6
86778,3
86779,5
86780,2
86781,5
86782,2
86783,3
86784,5
86785,5
86786,4
86787,5
86788,3
86789,7
86790,2
86791,7
86792,4
86793,3
86794,7
86795,4
86796,5
86797,6
86798,4
86799,6
86800,3
86801,7
86802,5
86803,4
86804,6
86805,6
86806,7
86807,6
86808,3
86809,2
86810,5
86811,3
86812,7
86813,3
86814,6
86815,5
86816,5
86817,7
86818,5
86819,2
86820,5
86821,7
86822,6
86823,4
86824,5
86825,4
86826,4
86827,7
86828,6
86829,5
86830,2
86831,3
86832,7
86833,5
86834,6
86835,7
86836,5
86837,6
86838,6
86839,2
86840,4
86841,3
86842,6
86843,5
86844,5
86845,4
86846,3
86847,5
86848,6
86849,4
86850,4
86851,6
86852,5
86853,6
86854,6
86855,4
86856,3
86857,6
86858,3
86859,7
86860,5
86861,5
86862,4
86863,5
86864,5
86865,6
86866,4
86867,6
86868,3
86869,6
86870,7
86871,6
86872,4
86873,7
86874,7
86875,5
86876,6
86877,5
86878,5
86879,2
86880,4
86881,4
86882,4
86883,5
86884,3
86885,6
86886,5
86887,6
86888,4
86889,6
86890,3
86891,7
86892,7
86893,5
86894,5
86895,3
86896,7
86897,1
86898,3
86899,5
86900,3
86901,6
86902,7
86903,4
86904,6
86905,7
86906,5
86907,2
86908,5
86909,4
86910,4
86911,5
86912,4
86913,7
86914,6
86915,5
86916,3
86917,7
86918,7
86919,6
86920,5
86921,5
86922,4
86923,4
86924,6
86925,7
86926,3
86927,5
86928,6
86929,6
86930,5
86931,4
86932,5
86933,2
86934,5
86935,4
86936,6
86937,3
86938,1
86939,4
86940,4
86941,5
86942,4
86943,5
86944,5
86945,4
86946,6
86947,2
86948,5
86949,7
86950,3
86951,6
86952,5
86953,7
86954,7
86955,4
86956,5
86957,7
86958,5
86959,1
86960,4
86961,5
86962,2
86963,5
86964,4
86965,7
86966,5
86967,5
86968,2
86969,6
86970,7
86971,5
86972,7
86973,3
86974,5
86975,4
86976,5
86977,4
86978,1
86979,6
86980,6
86981,5
86982,5
86983,5
86984,4
86985,4
86986,2
86987,4
86988,4
86989,4
86990,4
86991,4
86992,5
86993,7
86994,4
86995,5
86996,5
86997,4
86998,5
86999,6
87000,4
87001,6
87002,5
87003,1
87004,3
87005,6
87006,5
87007,5
87008,3
87009,4
87010,4
87011,4
87012,5
87013,4
87014,5
87015,5
87016,3
87017,5
87018,3
87019,3
87020,6
87021,7
87022,5
87023,6
87024,5
87025,3
87026,7
87027,5
87028,2
87029,5
87030,5
87031,3
87032,6
87033,7
87034,6
87035,7
87036,3
87037,7
87038,7
87039,4
87040,6
87041,5
87042,7
87043,5
87044,5
87045,4
87046,5
87047,6
87048,4
87049,3
87050,6
87051,3
87052,6
87053,4
87054,4
87055,3
87056,2
87057,5
87058,4
87059,5
87060,5
87061,5
87062,5
87063,4
87064,4
87065,4
87066,2
87067,4
87068,5
87069,6
87070,6
87071,5
87072,4
87073,5
87074,6
87075,7
87076,7
87077,4
87078,5
87079,6
87080,5
87081,4
87082,4
87083,6
87084,6
87085,5
87086,5
87087,5
87088,6
87089,5
87090,1
87091,7
87092,6
87093,7
87094,4
87095,6
87096,6
87097,3
87098,7
87099,5
87100,7
87101,2
87102,6
87103,6
87104,7
87105,6
87106,5
87107,7
87108,7
87109,5
87110,5
87111,6
87112,5
87113,6
87114,4
87115,4
87116,6
87117,6
87118,2
87119,7
87120,7
87121,5
87122,4
87123,6
87124,5
87125,2
87126,2
87127,5
87128,5
87129,6
87130,4
87131,6
87132,4
87133,5
87134,5
87135,6
87136,5
87137,7
87138,4
87139,4
87140,5
87141,5
87142,5
87143,6
87144,5
87145,6
87146,2
87147,4
87148,7
87149,5
87150,4
87151,6
87152,6
87153,4
87154,2
87155,7
87156,3
87157,5
87158,7
87159,4
87160,6
87161,5
87162,7
87163,7
87164,7
87165,4
87166,5
87167,7
87168,4
87169,6
87170,5
87171,6
87172,5
87173,5
87174,5
87175,6
87176,4
87177,5
87178,3
87179,3
87180,6
87181,4
87182,5
87183,6
87184,6
87185,2
87186,6
87187,6
87188,3
87189,5
87190,5
87191,5
87192,4
87193,5
87194,7
87195,5
87196,4
87197,3
87198,6
87199,1
87200,4
87201,7
87202,4
87203,2
87204,5
87205,5
87206,4
87207,4
87208,7
87209,4
87210,6
87211,5
87212,4
87213,2
87214,3
87215,7
87216,2
87217,3
87218,6
87219,4
87220,4
87221,5
87222,5
87223,4
87224,5
87225,6
87226,4
87227,6
87228,4
87229,6
87230,7
87231,4
87232,4
87233,7
87234,4
87235,6
87236,5
87237,4
87238,7
87239,4
87240,5
87241,7
87242,6
87243,4
87244,3
87245,6
87246,7
87247,5
87248,5
87249,3
87250,4
87251,4
87252,5
87253,4
87254,6
87255,5
87256,1
87257,5
87258,4
87259,4
87260,5
87261,7
87262,3
87263,5
87264,4
87265,7
87266,6
87267,6
87268,4
87269,6
87270,4
87271,6
87272,5
87273,5
87274,2
87275,7
87276,5
87277,5
87278,4
87279,5
87280,5
87281,4
87282,5
87283,7
87284,6
87285,3
87286,4
87287,2
87288,6
87289,5
87290,5
87291,4
87292,5
87293,5
87294,5
87295,6
87296,6
87297,6
87298,6
87299,7
87300,5
87301,5
87302,5
87303,6
87304,6
87305,4
87306,6
87307,7
87308,4
87309,4
87310,5
87311,5
87312,3
87313,7
87314,5
87315,5
87316,3
87317,6
87318,5
87319,4
87320,4
87321,3
87322,5
87323,4
87324,5
87325,7
87326,4
87327,7
87328,6
87329,5
87330,7
87331,6
87332,6
87333,5
87334,4
87335,7
87336,4
87337,5
87338,5
87339,4
87340,5
87341,6
87342,6
87343,4
87344,7
87345,5
87346,3
87347,3
87348,3
87349,5
87350,4
87351,3
87352,2
87353,5
87354,7
87355,4
87356,2
87357,4
87358,6
87359,5
87360,4
87361,5
87362,4
87363,4
87364,7
87365,5
87366,7
87367,5
87368,7
87369,3
87370,4
87371,5
87372,5
87373,5
87374,6
87375,5
87376,5
87377,6
87378,5
87379,2
87380,2
87381,4
87382,6
87383,4
87384,6
87385,6
87386,7
87387,3
87388,6
87389,5
87390,4
87391,5
87392,5
87393,5
87394,5
87395,1
87396,3
87397,6
87398,7
87399,6
87400,6
87401,7
87402,4
87403,4
87404,5
87405,3
87406,1
87407,5
87408,4
87409,6
87410,5
87411,5
87412,5
87413,2
87414,7
87415,3
87416,4
87417,5
87418,4
87419,4
87420,4
87421,5
87422,6
87423,5
87424,7
87425,4
87426,5
87427,5
87428,5
87429,6
87430,3
87431,3
87432,6
87433,6
87434,5
87435,7
87436,4
87437,6
87438,3
87439,3
87440,3
87441,5
87442,4
87443,4
87444,6
87445,5
87446,7
87447,4
87448,6
87449,2
87450,3
87451,6
87452,4
87453,7
87454,7
87455,3
87456,5
87457,5
87458,3
87459,7
87460,4
87461,5
87462,5
87463,6
87464,7
87465,3
87466,4
87467,4
87468,7
87469,6
87470,6
87471,3
87472,3
87473,5
87474,6
87475,5
87476,5
87477,3
87478,4
87479,7
87480,4
87481,5
87482,5
87483,6
87484,4
87485,7
87486,5
87487,4
87488,4
87489,7
87490,5
87491,4
87492,7
87493,6
87494,2
87495,5
87496,3
87497,7
87498,4
87499,5
87500,6
87501,1
87502,7
87503,4
87504,5
87505,6
87506,5
87507,2
87508,7
87509,7
87510,4
87511,4
87512,5
87513,4
87514,7
87515,6
87516,4
87517,2
87518,4
87519,4
87520,6
87521,6
87522,5
87523,6
87524,7
87525,4
87526,6
87527,7
87528,4
87529,6
87530,6
87531,4
87532,3
87533,6
87534,6
87535,5
87536,4
87537,2
87538,4
87539,4
87540,6
87541,4
87542,7
87543,4
87544,2
87545,4
87546,3
87547,5
87548,4
87549,3
87550,3
87551,6
87552,6
87553,6
87554,3
87555,4
87556,7
87557,4
87558,5
87559,5
87560,5
87561,6
87562,4
87563,4
87564,5
87565,7
87566,6
87567,5
87568,5
87569,6
87570,6
87571,5
87572,5
87573,6
87574,7
87575,7
87576,5
87577,4
87578,5
87579,5
87580,4
87581,5
87582,5
87583,7
87584,4
87585,7
87586,5
87587,3
87588,5
87589,3
87590,7
87591,5
87592,6
87593,5
87594,6
87595,4
87596,5
87597,4
87598,6
87599,5
87600,4
87601,5
87602,4
87603,7
87604,5
87605,5
87606,5
87607,6
87608,6
87609,7
87610,5
87611,4
87612,5
87613,4
87614,6
87615,5
87616,5
87617,5
87618,4
87619,1
87620,5
87621,7
87622,6
87623,5
87624,6
87625,7
87626,4
87627,6
87628,5
87629,7
87630,5
87631,6
87632,2
87633,5
87634,1
87635,5
87636,4
87637,5
87638,6
87639,5
87640,6
87641,5
87642,6
87643,5
87644,6
87645,7
87646,5
87647,7
87648,4
87649,3
87650,4
87651,6
87652,5
87653,3
87654,4
87655,6
87656,4
87657,4
87658,2
87659,5
87660,7
87661,3
87662,6
87663,4
87664,7
87665,6
87666,3
87667,4
87668,5
87669,6
87670,6
87671,5
87672,5
87673,3
87674,7
87675,6
87676,2
87677,6
87678,6
87679,3
87680,5
87681,5
87682,4
87683,6
87684,5
87685,7
87686,6
87687,5
87688,2
87689,6
87690,4
87691,5
87692,2
87693,4
87694,6
87695,3
87696,6
87697,6
87698,2
87699,4
87700,5
87701,2
87702,5
87703,4
87704,7
87705,4
87706,4
87707,4
87708,4
87709,5
87710,4
87711,6
87712,3
87713,5
87714,7
87715,5
87716,7
87717,5
87718,5
87719,7
87720,6
87721,5
87722,4
87723,2
87724,5
87725,5
87726,5
87727,6
87728,6
87729,3
87730,5
87731,6
87732,6
87733,4
87734,5
87735,6
87736,5
87737,5
87738,5
87739,6
87740,4
87741,6
87742,4
87743,5
87744,5
87745,7
87746,5
87747,5
87748,5
87749,6
87750,5
87751,3
87752,5
87753,4
87754,4
87755,5
87756,5
87757,4
87758,5
87759,6
87760,6
87761,5
87762,6
87763,4
87764,6
87765,6
87766,4
87767,6
87768,5
87769,6
87770,3
87771,5
87772,5
87773,2
87774,6
87775,5
87776,5
87777,7
87778,6
87779,3
87780,5
87781,4
87782,4
87783,6
87784,5
87785,7
87786,3
87787,5
87788,4
87789,4
87790,6
87791,5
87792,5
87793,7
87794,7
87795,6
87796,4
87797,3
87798,4
87799,6
87800,4
87801,7
87802,7
87803,3
87804,6
87805,5
87806,2
87807,5
87808,5
87809,4
87810,1
87811,3
87812,6
87813,3
87814,6
87815,3
87816,3
87817,6
87818,4
87819,6
87820,3
87821,6
87822,4
87823,6
87824,7
87825,5
87826,4
87827,6
87828,5
87829,2
87830,4
87831,5
87832,6
87833,5
87834,6
87835,7
87836,7
87837,5
87838,5
87839,5
87840,2
87841,6
87842,7
87843,4
87844,6
87845,6
87846,5
87847,3
87848,6
87849,5
87850,7
87851,5
87852,7
87853,5
87854,7
87855,4
87856,4
87857,6
87858,4
87859,4
87860,6
87861,5
87862,6
87863,5
87864,4
87865,7
87866,4
87867,6
87868,6
87869,4
87870,6
87871,5
87872,5
87873,5
87874,5
87875,6
87876,3
87877,6
87878,5
87879,5
87880,5
87881,6
87882,4
87883,5
87884,3
87885,5
87886,4
87887,5
87888,5
87889,3
87890,5
87891,1
87892,7
87893,7
87894,6
87895,5
87896,5
87897,7
87898,4
87899,6
87900,6
87901,6
87902,3
87903,5
87904,6
87905,6
87906,3
87907,7
87908,7
87909,7
87910,4
87911,4
87912,6
87913,7
87914,5
87915,4
87916,7
87917,3
87918,5
87919,6
87920,7
87921,5
87922,4
87923,5
87924,6
87925,7
87926,4
87927,5
87928,5
87929,5
87930,5
87931,5
87932,4
87933,6
87934,5
87935,7
87936,7
87937,5
87938,5
87939,5
87940,5
87941,6
87942,5
87943,5
87944,6
87945,6
87946,7
87947,6
87948,5
87949,6
87950,6
87951,3
87952,4
87953,6
87954,5
87955,4
87956,5
87957,3
87958,5
87959,6
87960,5
87961,6
87962,7
87963,4
87964,5
87965,2
87966,5
87967,3
87968,5
87969,5
87970,1
87971,4
87972,4
87973,7
87974,6
87975,3
87976,5
87977,6
87978,5
87979,5
87980,4
87981,4
87982,6
87983,5
87984,6
87985,3
87986,6
87987,5
87988,5
87989,5
87990,6
87991,6
87992,4
87993,2
87994,6
87995,7
87996,6
87997,6
87998,7
87999,6
88000,2
88001,3
88002,7
88003,5
88004,4
88005,6
88006,5
88007,4
88008,4
88009,5
88010,4
88011,5
88012,4
88013,6
88014,5
88015,4
88016,7
88017,5
88018,4
88019,5
88020,4
88021,3
88022,7
88023,4
88024,4
88025,4
88026,2
88027,7
88028,4
88029,2
88030,5
88031,3
88032,6
88033,5
88034,6
88035,5
88036,4
88037,4
88038,4
88039,5
88040,5
88041,6
88042,4
88043,7
88044,3
88045,5
88046,6
88047,4
88048,4
88049,5
88050,3
88051,6
88052,3
88053,7
88054,6
88055,5
88056,5
88057,7
88058,7
88059,7
88060,7
88061,5
88062,5
88063,3
88064,5
88065,7
88066,6
88067,3
88068,6
88069,7
88070,4
88071,4
88072,5
88073,5
88074,7
88075,4
88076,4
88077,4
88078,3
88079,4
88080,6
88081,7
88082,7
88083,4
88084,6
88085,4
88086,2
88087,5
88088,5
88089,5
88090,5
88091,4
88092,3
88093,7
88094,3
88095,5
88096,5
88097,5
88098,4
88099,3
88100,1
88101,5
88102,2
88103,6
88104,5
88105,4
88106,4
88107,3
88108,6
88109,4
88110,5
88111,4
88112,4
88113,5
88114,4
88115,4
88116,6
88117,5
88118,5
88119,4
88120,4
88121,7
88122,7
88123,6
88124,1
88125,7
88126,6
88127,7
88128,6
88129,7
88130,3
88131,5
88132,3
88133,3
88134,6
88135,5
88136,4
88137,6
88138,6
88139,2
88140,5
88141,4
88142,5
88143,2
88144,6
88145,5
88146,3
88147,5
88148,3
88149,6
88150,1
88151,6
88152,5
88153,4
88154,6
88155,5
88156,3
88157,6
88158,6
88159,6
88160,5
88161,6
88162,5
88163,4
88164,5
88165,5
88166,5
88167,5
88168,5
88169,3
88170,3
88171,6
88172,5
88173,5
88174,3
88175,6
88176,6
88177,4
88178,6
88179,4
88180,5
88181,5
88182,7
88183,5
88184,6
88185,4
88186,5
88187,2
88188,5
88189,5
88190,3
88191,3
88192,5
88193,5
88194,6
88195,7
88196,5
88197,5
88198,5
88199,5
88200,5
88201,6
88202,4
88203,6
88204,4
88205,4
88206,2
88207,4
88208,5
88209,7
88210,5
88211,5
88212,2
88213,6
88214,6
88215,5
88216,6
88217,2
88218,6
88219,6
88220,5
88221,5
88222,6
88223,6
88224,4
88225,4
88226,4
88227,5
88228,2
88229,3
88230,5
88231,5
88232,7
88233,2
88234,6
88235,4
88236,5
88237,5
88238,2
88239,4
88240,5
88241,5
88242,7
88243,6
88244,5
88245,3
88246,5
88247,5
88248,6
88249,2
88250,5
88251,6
88252,5
88253,5
88254,5
88255,7
88256,7
88257,3
88258,5
88259,4
88260,5
88261,5
88262,6
88263,5
88264,7
88265,3
88266,5
88267,3
88268,5
88269,5
88270,3
88271,5
88272,5
88273,6
88274,5
88275,5
88276,4
88277,6
88278,4
88279,5
88280,5
88281,3
88282,3
88283,7
88284,5
88285,6
88286,3
88287,7
88288,4
88289,6
88290,5
88291,7
88292,7
88293,4
88294,5
88295,7
88296,5
88297,5
88298,5
88299,6
88300,1
88301,5
88302,2
88303,3
88304,5
88305,4
88306,5
88307,5
88308,5
88309,7
88310,5
88311,5
88312,5
88313,4
88314,7
88315,6
88316,5
88317,1
88318,5
88319,7
88320,1
88321,6
88322,5
88323,7
88324,5
88325,4
88326,6
88327,7
88328,4
88329,3
88330,6
88331,6
88332,3
88333,5
88334,3
88335,5
88336,2
88337,7
88338,2
88339,6
88340,3
88341,4
88342,5
88343,6
88344,5
88345,6
88346,5
88347,2
88348,2
88349,1
88350,5
88351,2
88352,3
88353,4
88354,4
88355,1
88356,6
88357,6
88358,5
88359,5
88360,6
88361,5
88362,5
88363,4
88364,4
88365,7
88366,5
88367,7
88368,3
88369,6
88370,4
88371,6
88372,5
88373,1
88374,4
88375,1
88376,7
88377,3
88378,4
88379,5
88380,5
88381,7
88382,6
88383,5
88384,4
88385,5
88386,6
88387,7
88388,5
88389,6
88390,5
88391,6
88392,3
88393,6
88394,4
88395,4
88396,5
88397,7
88398,6
88399,6
88400,6
88401,6
88402,7
88403,5
88404,5
88405,6
88406,5
88407,3
88408,3
88409,6
88410,4
88411,4
88412,7
88413,7
88414,5
88415,4
88416,5
88417,7
88418,6
88419,4
88420,2
88421,5
88422,4
88423,5
88424,2
88425,7
88426,6
88427,5
88428,7
88429,6
88430,6
88431,4
88432,5
88433,5
88434,6
88435,7
88436,6
88437,5
88438,4
88439,1
88440,3
88441,3
88442,4
88443,7
88444,4
88445,5
88446,5
88447,2
88448,7
88449,4
88450,5
88451,6
88452,6
88453,7
88454,3
88455,6
88456,5
88457,5
88458,6
88459,5
88460,4
88461,6
88462,5
88463,3
88464,6
88465,5
88466,6
88467,5
88468,3
88469,5
88470,4
88471,6
88472,5
88473,2
88474,3
88475,5
88476,5
88477,5
88478,5
88479,7
88480,6
88481,5
88482,5
88483,6
88484,1
88485,3
88486,3
88487,4
88488,3
88489,6
88490,5
88491,3
88492,5
88493,5
88494,6
88495,6
88496,7
88497,7
88498,4
88499,5
88500,5
88501,4
88502,5
88503,5
88504,7
88505,6
88506,6
88507,5
88508,3
88509,5
88510,5
88511,4
88512,4
88513,4
88514,5
88515,7
88516,4
88517,6
88518,6
88519,5
88520,3
88521,7
88522,4
88523,6
88524,7
88525,3
88526,7
88527,5
88528,6
88529,6
88530,3
88531,5
88532,6
88533,3
88534,6
88535,6
88536,7
88537,5
88538,5
88539,5
88540,4
88541,6
88542,3
88543,7
88544,5
88545,6
88546,7
88547,6
88548,4
88549,1
88550,7
88551,1
88552,6
88553,5
88554,4
88555,7
88556,7
88557,7
88558,4
88559,7
88560,4
88561,2
88562,5
88563,5
88564,2
88565,4
88566,2
88567,5
88568,5
88569,4
88570,3
88571,4
88572,5
88573,3
88574,4
88575,5
88576,5
88577,5
88578,5
88579,6
88580,7
88581,5
88582,5
88583,6
88584,7
88585,2
88586,4
88587,2
88588,6
88589,7
88590,4
88591,3
88592,5
88593,6
88594,5
88595,2
88596,2
88597,6
88598,6
88599,5
88600,4
88601,3
88602,6
88603,4
88604,7
88605,2
88606,3
88607,6
88608,5
88609,5
88610,5
88611,6
88612,4
88613,6
88614,6
88615,5
88616,4
88617,5
88618,6
88619,5
88620,4
88621,3
88622,1
88623,6
88624,5
88625,6
88626,7
88627,6
88628,3
88629,6
88630,5
88631,4
88632,6
88633,6
88634,4
88635,5
88636,5
88637,3
88638,3
88639,6
88640,7
88641,6
88642,5
88643,3
88644,4
88645,2
88646,6
88647,7
88648,4
88649,6
88650,5
88651,3
88652,6
88653,1
88654,5
88655,6
88656,5
88657,4
88658,5
88659,3
88660,7
88661,6
88662,7
88663,7
88664,4
88665,7
88666,4
88667,2
88668,6
88669,4
88670,5
88671,5
88672,3
88673,3
88674,4
88675,4
88676,3
88677,5
88678,6
88679,3
88680,4
88681,5
88682,4
88683,7
88684,7
88685,5
88686,4
88687,7
88688,4
88689,2
88690,4
88691,5
88692,5
88693,6
88694,3
88695,6
88696,7
88697,3
88698,6
88699,7
88700,5
88701,2
88702,5
88703,7
88704,2
88705,5
88706,6
88707,5
88708,7
88709,6
88710,7
88711,3
88712,5
88713,5
88714,7
88715,7
88716,4
88717,5
88718,3
88719,6
88720,4
88721,5
88722,7
88723,3
88724,2
88725,6
88726,6
88727,6
88728,4
88729,7
88730,5
88731,4
88732,6
88733,6
88734,6
88735,2
88736,6
88737,3
88738,5
88739,4
88740,5
88741,2
88742,6
88743,7
88744,6
88745,5
88746,5
88747,5
88748,2
88749,5
88750,7
88751,5
88752,6
88753,4
88754,4
88755,3
88756,6
88757,5
88758,5
88759,6
88760,7
88761,5
88762,5
88763,7
88764,5
88765,5
88766,4
88767,7
88768,3
88769,7
88770,7
88771,2
88772,6
88773,4
88774,4
88775,5
88776,7
88777,7
88778,7
88779,5
88780,5
88781,7
88782,4
88783,5
88784,2
88785,3
88786,7
88787,6
88788,4
88789,6
88790,3
88791,6
88792,5
88793,6
88794,5
88795,5
88796,5
88797,6
88798,3
88799,4
88800,7
88801,4
88802,4
88803,6
88804,6
88805,7
88806,4
88807,4
88808,5
88809,4
88810,3
88811,4
88812,4
88813,7
88814,7
88815,6
88816,5
88817,5
88818,7
88819,4
88820,6
88821,5
88822,4
88823,5
88824,3
88825,5
88826,7
88827,5
88828,2
88829,4
88830,3
88831,7
88832,5
88833,3
88834,5
88835,5
88836,5
88837,7
88838,7
88839,6
88840,3
88841,4
88842,7
88843,5
88844,4
88845,5
88846,6
88847,5
88848,5
88849,3
88850,4
88851,6
88852,6
88853,6
88854,5
88855,4
88856,5
88857,5
88858,5
88859,5
88860,5
88861,7
88862,2
88863,4
88864,2
88865,5
88866,6
88867,4
88868,5
88869,5
88870,5
88871,3
88872,5
88873,5
88874,5
88875,6
88876,5
88877,3
88878,4
88879,7
88880,5
88881,4
88882,7
88883,6
88884,2
88885,6
88886,7
88887,5
88888,4
88889,5
88890,4
88891,5
88892,5
88893,3
88894,5
88895,5
88896,4
88897,7
88898,7
88899,7
88900,5
88901,5
88902,7
88903,3
88904,5
88905,3
88906,4
88907,3
88908,5
88909,7
88910,4
88911,7
88912,4
88913,2
88914,7
88915,4
88916,5
88917,4
88918,5
88919,4
88920,6
88921,4
88922,4
88923,1
88924,5
88925,6
88926,4
88927,6
88928,5
88929,5
88930,6
88931,5
88932,4
88933,5
88934,5
88935,6
88936,3
88937,5
88938,4
88939,5
88940,6
88941,5
88942,6
88943,7
88944,5
88945,7
88946,2
88947,5
88948,3
88949,6
88950,4
88951,4
88952,3
88953,5
88954,5
88955,6
88956,3
88957,6
88958,5
88959,5
88960,2
88961,5
88962,5
88963,6
88964,7
88965,2
88966,5
88967,7
88968,5
88969,4
88970,7
88971,5
88972,3
88973,4
88974,7
88975,5
88976,6
88977,2
88978,4
88979,7
88980,5
88981,7
88982,5
88983,5
88984,3
88985,4
88986,5
88987,6
88988,1
88989,4
88990,6
88991,5
88992,4
88993,7
88994,2
88995,4
88996,5
88997,5
88998,5
88999,4
89000,5
89001,5
89002,6
89003,7
89004,6
89005,4
89006,5
89007,5
89008,2
89009,5
89010,5
89011,3
89012,3
89013,2
89014,6
89015,6
89016,5
89017,5
89018,6
89019,6
89020,6
89021,3
89022,6
89023,5
89024,7
89025,6
89026,7
89027,5
89028,5
89029,5
89030,5
89031,7
89032,7
89033,5
89034,5
89035,7
89036,3
89037,5
89038,5
89039,4
89040,6
89041,3
89042,5
89043,5
89044,7
89045,7
89046,5
89047,4
89048,6
89049,4
89050,5
89051,7
89052,6
89053,3
89054,1
89055,3
89056,4
89057,6
89058,3
89059,5
89060,5
89061,3
89062,4
89063,5
89064,4
89065,6
89066,6
89067,6
89068,5
89069,3
89070,1
89071,4
89072,4
89073,7
89074,5
89075,5
89076,7
89077,3
89078,3
89079,5
89080,6
89081,5
89082,6
89083,4
89084,5
89085,5
89086,6
89087,3
89088,6
89089,3
89090,5
89091,3
89092,4
89093,5
89094,5
89095,6
89096,5
89097,5
89098,4
89099,5
89100,6
89101,5
89102,5
89103,5
89104,5
89105,7
89106,5
89107,4
89108,5
89109,3
89110,5
89111,5
89112,6
89113,3
89114,5
89115,6
89116,5
89117,4
89118,4
89119,3
89120,5
89121,5
89122,4
89123,4
89124,4
89125,5
89126,6
89127,4
89128,4
89129,7
89130,6
89131,4
89132,4
89133,2
89134,5
89135,7
89136,4
89137,3
89138,5
89139,5
89140,4
89141,4
89142,4
89143,7
89144,5
89145,4
89146,7
89147,4
89148,5
89149,6
89150,6
89151,6
89152,4
89153,5
89154,4
89155,4
89156,4
89157,7
89158,5
89159,7
89160,6
89161,3
89162,5
89163,2
89164,2
89165,7
89166,7
89167,6
89168,7
89169,6
89170,6
89171,5
89172,5
89173,7
89174,4
89175,4
89176,2
89177,6
89178,1
89179,5
89180,4
89181,3
89182,4
89183,6
89184,6
89185,7
89186,6
89187,1
89188,4
89189,6
89190,5
89191,6
89192,5
89193,6
89194,3
89195,6
89196,5
89197,2
89198,5
89199,5
89200,6
89201,7
89202,6
89203,4
89204,4
89205,4
89206,5
89207,4
89208,6
89209,3
89210,4
89211,4
89212,2
89213,5
89214,6
89215,6
89216,7
89217,4
89218,5
89219,5
89220,5
89221,5
89222,3
89223,4
89224,7
89225,4
89226,5
89227,7
89228,6
89229,5
89230,7
89231,7
89232,7
89233,7
89234,1
89235,7
89236,4
89237,4
89238,2
89239,2
89240,5
89241,4
89242,5
89243,4
89244,3
89245,4
89246,4
89247,4
89248,3
89249,3
89250,6
89251,7
89252,4
89253,4
89254,5
89255,3
89256,6
89257,5
89258,6
89259,6
89260,5
89261,7
89262,2
89263,7
89264,6
89265,6
89266,3
89267,2
89268,2
89269,2
89270,5
89271,2
89272,6
89273,6
89274,4
89275,4
89276,5
89277,7
89278,5
89279,4
89280,5
89281,7
89282,1
89283,3
89284,6
89285,2
89286,4
89287,5
89288,4
89289,4
89290,6
89291,4
89292,4
89293,3
89294,5
89295,4
89296,5
89297,5
89298,6
89299,2
89300,6
89301,5
89302,5
89303,5
89304,4
89305,6
89306,3
89307,5
89308,4
89309,7
89310,4
89311,4
89312,6
89313,5
89314,6
89315,5
89316,5
89317,7
89318,6
89319,6
89320,7
89321,3
89322,7
89323,5
89324,5
89325,5
89326,4
89327,5
89328,7
89329,2
89330,2
89331,6
89332,5
89333,2
89334,5
89335,4
89336,4
89337,5
89338,5
89339,4
89340,3
89341,5
89342,2
89343,6
89344,3
89345,5
89346,5
89347,4
89348,4
89349,6
89350,6
89351,4
89352,7
89353,4
89354,5
89355,5
89356,4
89357,5
89358,6
89359,6
89360,5
89361,7
89362,3
89363,2
89364,7
89365,5
89366,4
89367,6
89368,6
89369,6
89370,4
89371,5
89372,7
89373,5
89374,2
89375,1
89376,4
89377,4
89378,5
89379,5
89380,1
89381,4
89382,3
89383,4
89384,5
89385,4
89386,5
89387,4
89388,6
89389,5
89390,5
89391,5
89392,5
89393,4
89394,4
89395,4
89396,6
89397,2
89398,3
89399,4
89400,5
89401,3
89402,7
89403,4
89404,6
89405,6
89406,6
89407,3
89408,5
89409,3
89410,4
89411,5
89412,4
89413,6
89414,5
89415,6
89416,6
89417,6
89418,3
89419,6
89420,7
89421,5
89422,4
89423,6
89424,5
89425,6
89426,5
89427,7
89428,7
89429,3
89430,4
89431,6
89432,5
89433,7
89434,6
89435,6
89436,7
89437,4
89438,4
89439,5
89440,4
89441,6
89442,3
89443,6
89444,5
89445,3
89446,3
89447,4
89448,4
89449,3
89450,5
89451,2
89452,5
89453,2
89454,5
89455,6
89456,4
89457,6
89458,2
89459,3
89460,2
89461,7
89462,5
89463,5
89464,5
89465,5
89466,1
89467,1
89468,5
89469,5
89470,6
89471,6
89472,5
89473,5
89474,4
89475,5
89476,5
89477,4
89478,4
89479,5
89480,6
89481,6
89482,4
89483,5
89484,7
89485,5
89486,5
89487,3
89488,2
89489,5
89490,4
89491,5
89492,2
89493,6
89494,5
89495,3
89496,5
89497,5
89498,5
89499,6
89500,6
89501,5
89502,3
89503,6
89504,4
89505,2
89506,6
89507,6
89508,7
89509,5
89510,4
89511,6
89512,4
89513,1
89514,5
89515,4
89516,4
89517,3
89518,5
89519,4
89520,2
89521,2
89522,5
89523,3
89524,3
89525,6
89526,5
89527,4
89528,3
89529,4
89530,3
89531,4
89532,4
89533,5
89534,5
89535,7
89536,6
89537,6
89538,1
89539,7
89540,5
89541,7
89542,6
89543,7
89544,7
89545,4
89546,7
89547,3
89548,7
89549,4
89550,7
89551,5
89552,4
89553,4
89554,6
89555,4
89556,4
89557,4
89558,4
89559,3
89560,2
89561,2
89562,5
89563,3
89564,3
89565,6
89566,6
89567,7
89568,5
89569,4
89570,7
89571,2
89572,6
89573,5
89574,4
89575,4
89576,6
89577,5
89578,3
89579,3
89580,7
89581,5
89582,7
89583,5
89584,4
89585,6
89586,7
89587,3
89588,3
89589,5
89590,6
89591,7
89592,2
89593,7
89594,2
89595,4
89596,6
89597,5
89598,4
89599,5
89600,7
89601,4
89602,5
89603,6
89604,3
89605,2
89606,5
89607,7
89608,6
89609,4
89610,5
89611,5
89612,5
89613,4
89614,6
89615,3
89616,6
89617,6
89618,6
89619,4
89620,5
89621,4
89622,7
89623,3
89624,7
89625,6
89626,6
89627,3
89628,5
89629,7
89630,2
89631,1
89632,7
89633,4
89634,5
89635,4
89636,4
89637,4
89638,6
89639,5
89640,3
89641,5
89642,6
89643,4
89644,4
89645,5
89646,4
89647,6
89648,6
89649,7
89650,7
89651,4
89652,5
89653,3
89654,5
89655,5
89656,1
89657,5
89658,4
89659,4
89660,2
89661,3
89662,3
89663,4
89664,5
89665,6
89666,6
89667,6
89668,5
89669,5
89670,5
89671,5
89672,5
89673,7
89674,7
89675,3
89676,5
89677,3
89678,6
89679,4
89680,1
89681,3
89682,4
89683,2
89684,4
89685,5
89686,5
89687,5
89688,4
89689,2
89690,7
89691,6
89692,6
89693,5
89694,7
89695,6
89696,5
89697,7
89698,6
89699,3
89700,3
89701,4
89702,6
89703,5
89704,5
89705,4
89706,6
89707,5
89708,5
89709,5
89710,6
89711,4
89712,7
89713,5
89714,4
89715,3
89716,4
89717,4
89718,7
89719,5
89720,7
89721,4
89722,7
89723,3
89724,5
89725,3
89726,7
89727,7
89728,5
89729,3
89730,3
89731,5
89732,4
89733,6
89734,5
89735,7
89736,6
89737,2
89738,5
89739,5
89740,5
89741,2
89742,4
89743,4
89744,4
89745,1
89746,3
89747,6
89748,5
89749,3
89750,7
89751,5
89752,7
89753,4
89754,4
89755,5
89756,4
89757,5
89758,5
89759,5
89760,6
89761,4
89762,1
89763,6
89764,7
89765,5
89766,4
89767,6
89768,5
89769,3
89770,5
89771,6
89772,5
89773,5
89774,4
89775,3
89776,2
89777,5
89778,4
89779,4
89780,5
89781,6
89782,5
89783,2
89784,7
89785,6
89786,3
89787,5
89788,2
89789,4
89790,5
89791,4
89792,5
89793,4
89794,7
89795,6
89796,7
89797,3
89798,5
89799,6
89800,6
89801,6
89802,4
89803,5
89804,4
89805,7
89806,5
89807,4
89808,4
89809,5
89810,4
89811,5
89812,5
89813,5
89814,7
89815,6
89816,5
89817,5
89818,4
89819,4
89820,4
89821,4
89822,5
89823,5
89824,5
89825,3
89826,7
89827,2
89828,5
89829,5
89830,7
89831,4
89832,4
89833,5
89834,5
89835,4
89836,5
89837,4
89838,6
89839,1
89840,2
89841,3
89842,7
89843,6
89844,3
89845,5
89846,7
89847,4
89848,3
89849,6
89850,6
89851,6
89852,5
89853,6
89854,5
89855,4
89856,2
89857,6
89858,7
89859,5
89860,3
89861,6
89862,3
89863,5
89864,4
89865,3
89866,4
89867,4
89868,6
89869,7
89870,6
89871,2
89872,5
89873,7
89874,7
89875,5
89876,5
89877,5
89878,7
89879,5
89880,5
89881,7
89882,3
89883,5
89884,2
89885,4
89886,6
89887,2
89888,7
89889,3
89890,5
89891,4
89892,5
89893,6
89894,6
89895,3
89896,3
89897,6
89898,4
89899,4
89900,5
89901,5
89902,6
89903,1
89904,5
89905,5
89906,7
89907,6
89908,7
89909,4
89910,6
89911,7
89912,4
89913,7
89914,4
89915,6
89916,7
89917,4
89918,5
89919,5
89920,4
89921,3
89922,4
89923,4
89924,3
89925,5
89926,3
89927,5
89928,6
89929,3
89930,5
89931,5
89932,6
89933,4
89934,4
89935,4
89936,7
89937,6
89938,4
89939,7
89940,3
89941,6
89942,5
89943,5
89944,4
89945,6
89946,7
89947,5
89948,5
89949,5
89950,3
89951,7
89952,3
89953,6
89954,1
89955,7
89956,4
89957,2
89958,4
89959,4
89960,5
89961,3
89962,7
89963,6
89964,6
89965,7
89966,6
89967,5
89968,6
89969,5
89970,7
89971,5
89972,5
89973,5
89974,2
89975,2
89976,4
89977,4
89978,5
89979,7
89980,5
89981,5
89982,3
89983,7
89984,6
89985,7
89986,4
89987,6
89988,4
89989,4
89990,6
89991,5
89992,5
89993,4
89994,5
89995,7
89996,6
89997,2
89998,6
89999,7
90000,5
90001,6
90002,6
90003,7
90004,4
90005,4
90006,4
90007,3
90008,4
90009,3
90010,6
90011,5
90012,6
90013,3
90014,7
90015,5
90016,7
90017,3
90018,2
90019,3
90020,4
90021,7
90022,5
90023,6
90024,3
90025,5
90026,3
90027,7
90028,5
90029,5
90030,5
90031,5
90032,5
90033,5
90034,5
90035,6
90036,3
90037,5
90038,6
90039,5
90040,5
90041,5
90042,5
90043,2
90044,3
90045,4
90046,7
90047,3
90048,6
90049,7
90050,6
90051,4
90052,4
90053,5
90054,5
90055,2
90056,5
90057,4
90058,6
90059,4
90060,5
90061,3
90062,2
90063,3
90064,3
90065,3
90066,5
90067,7
90068,6
90069,6
90070,6
90071,4
90072,2
90073,6
90074,5
90075,3
90076,1
90077,6
90078,4
90079,5
90080,5
90081,3
90082,5
90083,6
90084,4
90085,5
90086,6
90087,4
90088,6
90089,7
90090,5
90091,4
90092,1
90093,3
90094,5
90095,4
90096,5
90097,6
90098,7
90099,5
90100,3
90101,4
90102,6
90103,7
90104,6
90105,6
90106,4
90107,5
90108,6
90109,7
90110,7
90111,7
90112,3
90113,6
90114,7
90115,7
90116,5
90117,5
90118,5
90119,6
90120,5
90121,2
90122,5
90123,3
90124,7
90125,4
90126,5
90127,5
90128,6
90129,4
90130,6
90131,2
90132,5
90133,7
90134,4
90135,2
90136,7
90137,5
90138,5
90139,5
90140,4
90141,6
90142,6
90143,4
90144,4
90145,5
90146,5
90147,3
90148,5
90149,7
90150,5
90151,5
90152,6
90153,4
90154,2
90155,7
90156,5
90157,1
90158,7
90159,1
90160,4
90161,5
90162,4
90163,3
90164,7
90165,3
90166,2
90167,3
90168,4
90169,4
90170,1
90171,1
90172,6
90173,4
90174,3
90175,6
90176,7
90177,5
90178,5
90179,5
90180,6
90181,5
90182,2
90183,4
90184,3
90185,5
90186,6
90187,5
90188,4
90189,6
90190,6
90191,6
90192,3
90193,3
90194,2
90195,6
90196,5
90197,3
90198,1
90199,3
90200,5
90201,4
90202,6
90203,6
90204,4
90205,3
90206,7
90207,7
90208,4
90209,7
90210,5
90211,5
90212,7
90213,5
90214,5
90215,7
90216,4
90217,4
90218,6
90219,6
90220,6
90221,5
90222,6
90223,3
90224,6
90225,7
90226,5
90227,5
90228,6
90229,6
90230,6
90231,5
90232,5
90233,5
90234,4
90235,4
90236,4
90237,4
90238,6
90239,7
90240,4
90241,7
90242,3
90243,5
90244,4
90245,5
90246,6
90247,5
90248,6
90249,7
90250,4
90251,5
90252,6
90253,4
90254,4
90255,6
90256,4
90257,7
90258,2
90259,4
90260,5
90261,5
90262,4
90263,6
90264,5
90265,7
90266,6
90267,5
90268,3
90269,7
90270,6
90271,5
90272,5
90273,5
90274,3
90275,3
90276,3
90277,5
90278,4
90279,4
90280,6
90281,5
90282,3
90283,2
90284,5
90285,6
90286,6
90287,5
90288,6
90289,6
90290,7
90291,4
90292,6
90293,6
90294,5
90295,7
90296,4
90297,5
90298,5
90299,5
90300,2
90301,4
90302,7
90303,5
90304,4
90305,5
90306,6
90307,5
90308,4
90309,5
90310,1
90311,4
90312,4
90313,7
90314,4
90315,7
90316,4
90317,7
90318,5
90319,4
90320,4
90321,3
90322,1
90323,7
90324,7
90325,4
90326,1
90327,4
90328,5
90329,6
90330,5
90331,2
90332,5
90333,4
90334,3
90335,3
90336,2
90337,5
90338,6
90339,4
90340,4
90341,3
90342,7
90343,2
90344,4
90345,2
90346,1
90347,6
90348,6
90349,6
90350,7
90351,5
90352,5
90353,6
90354,6
90355,3
90356,5
90357,5
90358,3
90359,6
90360,3
90361,3
90362,2
90363,7
90364,7
90365,5
90366,5
90367,4
90368,5
90369,6
90370,7
90371,4
90372,7
90373,6
90374,4
90375,7
90376,5
90377,4
90378,5
90379,7
90380,1
90381,7
90382,3
90383,7
90384,4
90385,6
90386,6
90387,7
90388,5
90389,5
90390,5
90391,3
90392,3
90393,1
90394,5
90395,7
90396,3
90397,5
90398,5
90399,5
90400,4
90401,4
90402,2
90403,5
90404,5
90405,5
90406,5
90407,7
90408,4
90409,5
90410,1
90411,6
90412,5
90413,6
90414,6
90415,5
90416,7
90417,5
90418,4
90419,4
90420,4
90421,4
90422,5
90423,6
90424,4
90425,6
90426,5
90427,6
90428,6
90429,6
90430,5
90431,7
90432,6
90433,5
90434,5
90435,3
90436,6
90437,3
90438,6
90439,4
90440,6
90441,7
90442,6
90443,4
90444,5
90445,6
90446,4
90447,3
90448,4
90449,6
90450,4
90451,5
90452,3
90453,4
90454,6
90455,6
90456,6
90457,5
90458,6
90459,5
90460,3
90461,6
90462,5
90463,5
90464,6
90465,4
90466,5
90467,6
90468,6
90469,5
90470,5
90471,4
90472,1
90473,7
90474,7
90475,4
90476,3
90477,6
90478,3
90479,3
90480,5
90481,7
90482,4
90483,1
90484,3
90485,4
90486,7
90487,6
90488,5
90489,6
90490,4
90491,5
90492,5
90493,7
90494,6
90495,2
90496,4
90497,5
90498,5
90499,3
90500,5
90501,4
90502,6
90503,6
90504,3
90505,7
90506,5
90507,6
90508,6
90509,6
90510,3
90511,6
90512,4
90513,3
90514,6
90515,7
90516,5
90517,4
90518,4
90519,5
90520,7
90521,4
90522,6
90523,5
90524,4
90525,6
90526,3
90527,2
90528,2
90529,6
90530,3
90531,1
90532,7
90533,4
90534,5
90535,6
90536,5
90537,5
90538,6
90539,5
90540,6
90541,4
90542,5
90543,5
90544,4
90545,3
90546,5
90547,5
90548,4
90549,7
90550,4
90551,5
90552,3
90553,3
90554,4
90555,5
90556,4
90557,7
90558,4
90559,4
90560,7
90561,2
90562,6
90563,1
90564,5
90565,7
90566,5
90567,5
90568,7
90569,1
90570,4
90571,7
90572,7
90573,7
90574,6
90575,7
90576,5
90577,4
90578,5
90579,5
90580,5
90581,7
90582,6
90583,6
90584,4
90585,5
90586,4
90587,7
90588,5
90589,7
90590,7
90591,4
90592,3
90593,6
90594,3
90595,7
90596,4
90597,5
90598,5
90599,6
90600,5
90601,7
90602,7
90603,5
90604,3
90605,5
90606,4
90607,5
90608,6
90609,4
90610,2
90611,6
90612,6
90613,6
90614,7
90615,7
90616,3
90617,6
90618,4
90619,2
90620,5
90621,5
90622,5
90623,3
90624,7
90625,4
90626,5
90627,5
90628,5
90629,5
90630,4
90631,6
90632,6
90633,3
90634,2
90635,3
90636,3
90637,6
90638,5
90639,5
90640,4
90641,6
90642,5
90643,5
90644,5
90645,6
90646,2
90647,5
90648,3
90649,5
90650,5
90651,6
90652,5
90653,6
90654,5
90655,5
90656,3
90657,6
90658,4
90659,6
90660,4
90661,5
90662,4
90663,5
90664,7
90665,5
90666,5
90667,4
90668,7
90669,7
90670,3
90671,5
90672,3
90673,5
90674,7
90675,3
90676,4
90677,7
90678,4
90679,4
90680,3
90681,1
90682,3
90683,5
90684,7
90685,5
90686,4
90687,4
90688,4
90689,7
90690,2
90691,7
90692,5
90693,7
90694,6
90695,3
90696,5
90697,5
90698,2
90699,7
90700,4
90701,4
90702,5
90703,3
90704,4
90705,6
90706,5
90707,5
90708,7
90709,7
90710,3
90711,7
90712,4
90713,7
90714,7
90715,6
90716,3
90717,5
90718,7
90719,7
90720,5
90721,5
90722,6
90723,5
90724,5
90725,3
90726,4
90727,6
90728,2
90729,7
90730,4
90731,4
90732,6
90733,2
90734,6
90735,4
90736,5
90737,7
90738,4
90739,6
90740,5
90741,5
90742,2
90743,4
90744,5
90745,6
90746,6
90747,4
90748,5
90749,2
90750,5
90751,5
90752,4
90753,5
90754,4
90755,7
90756,6
90757,5
90758,5
90759,5
90760,5
90761,4
90762,6
90763,5
90764,6
90765,2
90766,7
90767,5
90768,6
90769,4
90770,7
90771,6
90772,6
90773,5
90774,4
90775,6
90776,7
90777,6
90778,3
90779,7
90780,5
90781,2
90782,5
90783,2
90784,6
90785,3
90786,5
90787,6
90788,3
90789,4
90790,5
90791,2
90792,7
90793,4
90794,5
90795,1
90796,5
90797,4
90798,5
90799,4
90800,4
90801,5
90802,4
90803,5
90804,5
90805,4
90806,7
90807,4
90808,4
90809,5
90810,6
90811,2
90812,5
90813,4
90814,6
90815,3
90816,7
90817,7
90818,3
90819,4
90820,6
90821,6
90822,5
90823,5
90824,3
90825,7
90826,5
90827,5
90828,6
90829,4
90830,5
90831,5
90832,4
90833,5
90834,4
90835,7
90836,5
90837,6
90838,5
90839,7
90840,4
90841,4
90842,5
90843,7
90844,4
90845,7
90846,6
90847,3
90848,4
90849,6
90850,3
90851,5
90852,6
90853,7
90854,5
90855,1
90856,7
90857,7
90858,6
90859,6
90860,4
90861,6
90862,3
90863,5
90864,6
90865,4
90866,7
90867,1
90868,5
90869,5
90870,5
90871,5
90872,5
90873,6
90874,7
90875,5
90876,5
90877,5
90878,4
90879,6
90880,7
90881,4
90882,3
90883,5
90884,6
90885,7
90886,4
90887,4
90888,5
90889,4
90890,7
90891,5
90892,5
90893,4
90894,5
90895,5
90896,6
90897,5
90898,5
90899,5
90900,3
90901,3
90902,5
90903,4
90904,7
90905,6
90906,6
90907,6
90908,7
90909,4
90910,5
90911,4
90912,5
90913,5
90914,4
90915,6
90916,4
90917,3
90918,3
90919,3
90920,6
90921,4
90922,4
90923,6
90924,6
90925,7
90926,4
90927,5
90928,4
90929,5
90930,5
90931,6
90932,3
90933,5
90934,6
90935,4
90936,5
90937,6
90938,5
90939,6
90940,4
90941,6
90942,5
90943,6
90944,6
90945,5
90946,2
90947,3
90948,5
90949,5
90950,7
90951,7
90952,4
90953,5
90954,6
90955,7
90956,4
90957,5
90958,7
90959,5
90960,4
90961,6
90962,6
90963,6
90964,7
90965,7
90966,6
90967,6
90968,3
90969,4
90970,4
90971,6
90972,4
90973,6
90974,4
90975,5
90976,5
90977,2
90978,4
90979,6
90980,5
90981,5
90982,5
90983,3
90984,5
90985,7
90986,7
90987,5
90988,5
90989,5
90990,3
90991,6
90992,3
90993,5
90994,4
90995,5
90996,4
90997,6
90998,4
90999,5
91000,5
91001,5
91002,4
91003,7
91004,5
91005,5
91006,4
91007,3
91008,4
91009,5
91010,5
91011,5
91012,6
91013,4
91014,4
91015,6
91016,5
91017,6
91018,7
91019,6
91020,4
91021,3
91022,5
91023,6
91024,4
91025,5
91026,5
91027,5
91028,5
91029,6
91030,3
91031,4
91032,5
91033,3
91034,5
91035,6
91036,5
91037,4
91038,5
91039,7
91040,2
91041,4
91042,3
91043,5
91044,6
91045,6
91046,5
91047,4
91048,5
91049,4
91050,4
91051,2
91052,4
91053,3
91054,4
91055,4
91056,3
91057,5
91058,6
91059,5
91060,4
91061,2
91062,4
91063,7
91064,5
91065,4
91066,3
91067,4
91068,6
91069,5
91070,5
91071,3
91072,5
91073,5
91074,5
91075,3
91076,6
91077,4
91078,4
91079,5
91080,5
91081,5
91082,6
91083,7
91084,6
91085,3
91086,5
91087,6
91088,5
91089,6
91090,5
91091,3
91092,6
91093,3
91094,5
91095,3
91096,7
91097,5
91098,7
91099,7
91100,6
91101,6
91102,4
91103,6
91104,7
91105,5
91106,4
91107,7
91108,7
91109,6
91110,5
91111,4
91112,5
91113,2
91114,3
91115,4
91116,4
91117,3
91118,5
91119,5
91120,6
91121,5
91122,6
91123,5
91124,5
91125,4
91126,5
91127,6
91128,6
91129,6
91130,6
91131,5
91132,6
91133,6
91134,6
91135,3
91136,5
91137,3
91138,6
91139,4
91140,4
91141,5
91142,7
91143,3
91144,7
91145,7
91146,4
91147,3
91148,4
91149,3
91150,7
91151,1
91152,5
91153,5
91154,7
91155,5
91156,7
91157,5
91158,5
91159,5
91160,6
91161,5
91162,7
91163,3
91164,3
91165,5
91166,7
91167,5
91168,4
91169,3
91170,5
91171,6
91172,5
91173,5
91174,6
91175,5
91176,5
91177,5
91178,6
91179,3
91180,4
91181,2
91182,5
91183,7
91184,5
91185,6
91186,5
91187,7
91188,7
91189,6
91190,4
91191,4
91192,6
91193,4
91194,5
91195,7
91196,6
91197,5
91198,7
91199,3
91200,5
91201,5
91202,4
91203,6
91204,4
91205,3
91206,5
91207,6
91208,6
91209,6
91210,5
91211,5
91212,6
91213,4
91214,6
91215,5
91216,7
91217,3
91218,5
91219,7
91220,5
91221,5
91222,3
91223,6
91224,7
91225,7
91226,1
91227,5
91228,7
91229,4
91230,5
91231,6
91232,5
91233,5
91234,6
91235,7
91236,3
91237,3
91238,3
91239,1
91240,2
91241,3
91242,5
91243,5
91244,5
91245,6
91246,7
91247,3
91248,6
91249,6
91250,7
91251,5
91252,5
91253,6
91254,6
91255,5
91256,3
91257,3
91258,6
91259,3
91260,4
91261,3
91262,3
91263,6
91264,7
91265,5
91266,3
91267,3
91268,7
91269,3
91270,4
91271,2
91272,6
91273,6
91274,4
91275,1
91276,5
91277,6
91278,6
91279,6
91280,4
91281,6
91282,5
91283,3
91284,5
91285,7
91286,7
91287,6
91288,4
91289,6
91290,6
91291,3
91292,5
91293,7
91294,6
91295,7
91296,5
91297,7
91298,7
91299,6
91300,7
91301,3
91302,5
91303,4
91304,1
91305,4
91306,5
91307,2
91308,5
91309,7
91310,6
91311,6
91312,5
91313,5
91314,3
91315,4
91316,5
91317,5
91318,5
91319,3
91320,5
91321,5
91322,5
91323,7
91324,2
91325,5
91326,5
91327,6
91328,5
91329,5
91330,5
91331,5
91332,4
91333,7
91334,1
91335,5
91336,7
91337,4
91338,4
91339,6
91340,3
91341,5
91342,6
91343,2
91344,6
91345,5
91346,6
91347,5
91348,5
91349,4
91350,5
91351,4
91352,3
91353,5
91354,5
91355,3
91356,3
91357,3
91358,6
91359,4
91360,6
91361,7
91362,4
91363,5
91364,4
91365,7
91366,4
91367,5
91368,6
91369,3
91370,5
91371,3
91372,5
91373,3
91374,4
91375,6
91376,5
91377,3
91378,4
91379,3
91380,5
91381,7
91382,5
91383,6
91384,5
91385,5
91386,4
91387,5
91388,7
91389,2
91390,6
91391,4
91392,4
91393,7
91394,7
91395,5
91396,6
91397,5
91398,5
91399,5
91400,6
91401,6
91402,7
91403,7
91404,3
91405,6
91406,4
91407,3
91408,3
91409,2
91410,2
91411,7
91412,6
91413,6
91414,5
91415,1
91416,5
91417,7
91418,3
91419,4
91420,4
91421,6
91422,7
91423,6
91424,6
91425,7
91426,6
91427,7
91428,6
91429,7
91430,7
91431,6
91432,4
91433,4
91434,7
91435,4
91436,7
91437,6
91438,4
91439,3
91440,6
91441,6
91442,4
91443,7
91444,5
91445,4
91446,4
91447,7
91448,5
91449,5
91450,6
91451,4
91452,5
91453,4
91454,6
91455,5
91456,4
91457,5
91458,2
91459,3
91460,3
91461,4
91462,6
91463,3
91464,4
91465,5
91466,4
91467,4
91468,6
91469,7
91470,4
91471,3
91472,5
91473,5
91474,4
91475,6
91476,3
91477,7
91478,3
91479,5
91480,4
91481,3
91482,6
91483,5
91484,4
91485,3
91486,3
91487,6
91488,7
91489,6
91490,5
91491,6
91492,5
91493,5
91494,6
91495,6
91496,4
91497,5
91498,4
91499,3
91500,5
91501,6
91502,4
91503,5
91504,4
91505,5
91506,3
91507,2
91508,1
91509,5
91510,3
91511,5
91512,6
91513,4
91514,5
91515,7
91516,6
91517,4
91518,4
91519,5
91520,2
91521,3
91522,6
91523,3
91524,4
91525,6
91526,4
91527,2
91528,5
91529,1
91530,4
91531,6
91532,5
91533,7
91534,5
91535,4
91536,6
91537,4
91538,6
91539,5
91540,6
91541,6
91542,4
91543,5
91544,6
91545,4
91546,4
91547,6
91548,6
91549,4
91550,5
91551,3
91552,6
91553,1
91554,6
91555,5
91556,6
91557,6
91558,3
91559,7
91560,6
91561,3
91562,7
91563,7
91564,5
91565,3
91566,5
91567,6
91568,6
91569,5
91570,6
91571,2
91572,3
91573,4
91574,4
91575,6
91576,5
91577,5
91578,7
91579,4
91580,2
91581,7
91582,6
91583,3
91584,5
91585,3
91586,6
91587,3
91588,3
91589,5
91590,4
91591,7
91592,5
91593,6
91594,7
91595,4
91596,5
91597,4
91598,5
91599,5
91600,6
91601,3
91602,5
91603,3
91604,6
91605,7
91606,5
91607,6
91608,7
91609,5
91610,7
91611,4
91612,6
91613,7
91614,7
91615,6
91616,6
91617,5
91618,4
91619,4
91620,6
91621,4
91622,6
91623,5
91624,6
91625,4
91626,7
91627,7
91628,1
91629,6
91630,2
91631,5
91632,6
91633,4
91634,7
91635,7
91636,5
91637,4
91638,5
91639,4
91640,5
91641,6
91642,6
91643,5
91644,5
91645,4
91646,7
91647,6
91648,6
91649,5
91650,4
91651,4
91652,2
91653,4
91654,6
91655,5
91656,2
91657,2
91658,6
91659,5
91660,5
91661,4
91662,5
91663,3
91664,6
91665,4
91666,5
91667,1
91668,4
91669,3
91670,5
91671,4
91672,4
91673,5
91674,7
91675,3
91676,4
91677,5
91678,3
91679,6
91680,3
91681,4
91682,4
91683,6
91684,6
91685,7
91686,6
91687,1
91688,7
91689,5
91690,6
91691,2
91692,3
91693,5
91694,5
91695,2
91696,4
91697,4
91698,3
91699,3
91700,5
91701,6
91702,5
91703,5
91704,4
91705,7
91706,6
91707,4
91708,5
91709,3
91710,6
91711,5
91712,6
91713,7
91714,2
91715,2
91716,5
91717,5
91718,4
91719,7
91720,3
91721,3
91722,3
91723,4
91724,4
91725,4
91726,6
91727,7
91728,5
91729,6
91730,4
91731,7
91732,6
91733,6
91734,4
91735,6
91736,4
91737,7
91738,5
91739,4
91740,4
91741,5
91742,3
91743,5
91744,5
91745,3
91746,7
91747,6
91748,4
91749,5
91750,1
91751,3
91752,5
91753,4
91754,6
91755,6
91756,4
91757,7
91758,6
91759,5
91760,5
91761,5
91762,7
91763,2
91764,6
91765,6
91766,5
91767,5
91768,5
91769,6
91770,3
91771,5
91772,6
91773,4
91774,6
91775,7
91776,4
91777,6
91778,7
91779,6
91780,1
91781,5
91782,5
91783,3
91784,5
91785,5
91786,6
91787,5
91788,5
91789,4
91790,4
91791,5
91792,6
91793,5
91794,5
91795,4
91796,5
91797,4
91798,4
91799,7
91800,5
91801,7
91802,5
91803,1
91804,4
91805,7
91806,7
91807,5
91808,6
91809,5
91810,7
91811,5
91812,4
91813,4
91814,7
91815,5
91816,5
91817,6
91818,6
91819,3
91820,2
91821,7
91822,3
91823,4
91824,5
91825,4
91826,6
91827,2
91828,7
91829,6
91830,5
91831,4
91832,6
91833,6
91834,5
91835,6
91836,4
91837,5
91838,1
91839,6
91840,7
91841,2
91842,4
91843,6
91844,6
91845,4
91846,4
91847,7
91848,3
91849,6
91850,4
91851,3
91852,7
91853,3
91854,6
91855,2
91856,4
91857,6
91858,6
91859,6
91860,5
91861,5
91862,3
91863,5
91864,4
91865,4
91866,3
91867,5
91868,5
91869,7
91870,1
91871,3
91872,4
91873,5
91874,5
91875,7
91876,6
91877,7
91878,4
91879,6
91880,6
91881,7
91882,3
91883,5
91884,5
91885,7
91886,5
91887,2
91888,1
91889,6
91890,2
91891,6
91892,4
91893,6
91894,5
91895,4
91896,5
91897,5
91898,7
91899,5
91900,4
91901,6
91902,5
91903,5
91904,6
91905,2
91906,5
91907,4
91908,7
91909,5
91910,4
91911,6
91912,4
91913,5
91914,4
91915,5
91916,7
91917,5
91918,6
91919,5
91920,7
91921,5
91922,7
91923,5
91924,6
91925,6
91926,6
91927,7
91928,5
91929,6
91930,4
91931,7
91932,6
91933,6
91934,6
91935,6
91936,5
91937,5
91938,5
91939,5
91940,5
91941,7
91942,7
91943,2
91944,7
91945,5
91946,4
91947,5
91948,7
91949,5
91950,7
91951,6
91952,2
91953,2
91954,5
91955,6
91956,3
91957,5
91958,2
91959,5
91960,4
91961,5
91962,4
91963,5
91964,5
91965,5
91966,6
91967,6
91968,7
91969,6
91970,7
91971,3
91972,7
91973,5
91974,6
91975,6
91976,5
91977,4
91978,7
91979,4
91980,5
91981,5
91982,5
91983,2
91984,5
91985,5
91986,6
91987,3
91988,2
91989,3
91990,3
91991,5
91992,4
91993,5
91994,3
91995,7
91996,5
91997,3
91998,6
91999,7
92000,5
92001,4
92002,6
92003,4
92004,5
92005,6
92006,4
92007,4
92008,5
92009,4
92010,5
92011,7
92012,4
92013,5
92014,4
92015,3
92016,6
92017,4
92018,4
92019,5
92020,4
92021,6
92022,5
92023,6
92024,6
92025,5
92026,2
92027,3
92028,4
92029,5
92030,6
92031,2
92032,7
92033,5
92034,7
92035,6
92036,5
92037,7
92038,4
92039,4
92040,5
92041,6
92042,6
92043,5
92044,5
92045,7
92046,4
92047,5
92048,6
92049,3
92050,3
92051,5
92052,6
92053,1
92054,6
92055,6
92056,6
92057,4
92058,5
92059,5
92060,3
92061,6
92062,5
92063,6
92064,4
92065,5
92066,5
92067,4
92068,3
92069,3
92070,5
92071,4
92072,5
92073,5
92074,4
92075,6
92076,2
92077,5
92078,5
92079,7
92080,4
92081,5
92082,6
92083,5
92084,2
92085,6
92086,4
92087,1
92088,3
92089,1
92090,5
92091,5
92092,1
92093,7
92094,5
92095,5
92096,6
92097,5
92098,5
92099,5
92100,7
92101,4
92102,6
92103,3
92104,2
92105,4
92106,4
92107,6
92108,5
92109,4
92110,5
92111,7
92112,7
92113,6
92114,5
92115,4
92116,7
92117,6
92118,7
92119,7
92120,4
92121,5
92122,4
92123,5
92124,5
92125,7
92126,5
92127,5
92128,6
92129,4
92130,7
92131,4
92132,4
92133,3
92134,2
92135,5
92136,6
92137,7
92138,4
92139,7
92140,5
92141,7
92142,7
92143,4
92144,5
92145,5
92146,4
92147,5
92148,5
92149,3
92150,5
92151,3
92152,5
92153,2
92154,6
92155,4
92156,6
92157,5
92158,5
92159,5
92160,6
92161,7
92162,4
92163,6
92164,6
92165,6
92166,7
92167,6
92168,5
92169,5
92170,4
92171,7
92172,6
92173,7
92174,6
92175,2
92176,3
92177,5
92178,5
92179,7
92180,5
92181,7
92182,7
92183,4
92184,4
92185,3
92186,5
92187,4
92188,5
92189,3
92190,4
92191,2
92192,4
92193,3
92194,5
92195,5
92196,4
92197,4
92198,6
92199,5
92200,2
92201,4
92202,4
92203,3
92204,5
92205,6
92206,4
92207,4
92208,6
92209,4
92210,3
92211,5
92212,3
92213,6
92214,6
92215,6
92216,3
92217,5
92218,3
92219,7
92220,5
92221,2
92222,2
92223,6
92224,7
92225,4
92226,4
92227,4
92228,5
92229,5
92230,5
92231,5
92232,5
92233,5
92234,4
92235,6
92236,6
92237,6
92238,4
92239,4
92240,6
92241,5
92242,6
92243,5
92244,3
92245,4
92246,6
92247,5
92248,3
92249,5
92250,5
92251,4
92252,6
92253,5
92254,5
92255,6
92256,4
92257,5
92258,5
92259,5
92260,6
92261,5
92262,1
92263,2
92264,7
92265,5
92266,3
92267,5
92268,5
92269,4
92270,6
92271,7
92272,5
92273,6
92274,7
92275,3
92276,4
92277,4
92278,4
92279,6
92280,3
92281,6
92282,4
92283,5
92284,6
92285,4
92286,4
92287,6
92288,3
92289,5
92290,1
92291,5
92292,5
92293,3
92294,6
92295,7
92296,6
92297,4
92298,4
92299,4
92300,6
92301,4
92302,7
92303,6
92304,6
92305,2
92306,5
92307,3
92308,7
92309,3
92310,3
92311,7
92312,4
92313,2
92314,7
92315,3
92316,6
92317,5
92318,6
92319,5
92320,7
92321,5
92322,6
92323,6
92324,6
92325,3
92326,4
92327,2
92328,4
92329,5
92330,5
92331,5
92332,4
92333,5
92334,4
92335,4
92336,7
92337,5
92338,4
92339,5
92340,5
92341,5
92342,2
92343,6
92344,5
92345,5
92346,6
92347,7
92348,5
92349,5
92350,4
92351,6
92352,4
92353,5
92354,4
92355,4
92356,6
92357,3
92358,6
92359,6
92360,6
92361,5
92362,3
92363,3
92364,6
92365,5
92366,7
92367,6
92368,3
92369,4
92370,3
92371,3
92372,6
92373,5
92374,4
92375,3
92376,4
92377,3
92378,6
92379,4
92380,7
92381,5
92382,2
92383,6
92384,4
92385,3
92386,7
92387,7
92388,3
92389,3
92390,4
92391,5
92392,4
92393,5
92394,5
92395,3
92396,7
92397,4
92398,7
92399,3
92400,4
92401,6
92402,6
92403,5
92404,5
92405,1
92406,6
92407,2
92408,7
92409,3
92410,7
92411,5
92412,4
92413,7
92414,5
92415,4
92416,5
92417,5
92418,7
92419,4
92420,4
92421,6
92422,7
92423,4
92424,6
92425,6
92426,5
92427,7
92428,5
92429,4
92430,4
92431,3
92432,4
92433,5
92434,6
92435,7
92436,4
92437,5
92438,6
92439,5
92440,7
92441,5
92442,6
92443,7
92444,4
92445,6
92446,5
92447,4
92448,5
92449,4
92450,6
92451,7
92452,7
92453,6
92454,7
92455,4
92456,4
92457,4
92458,4
92459,3
92460,5
92461,4
92462,5
92463,2
92464,4
92465,5
92466,6
92467,6
92468,5
92469,5
92470,4
92471,4
92472,4
92473,4
92474,4
92475,5
92476,5
92477,3
92478,3
92479,6
92480,5
92481,5
92482,2
92483,5
92484,6
92485,4
92486,5
92487,4
92488,6
92489,5
92490,6
92491,6
92492,6
92493,5
92494,6
92495,6
92496,4
92497,5
92498,4
92499,3
92500,5
92501,4
92502,3
92503,4
92504,7
92505,5
92506,4
92507,4
92508,4
92509,2
92510,5
92511,5
92512,4
92513,5
92514,4
92515,4
92516,6
92517,5
92518,4
92519,6
92520,7
92521,6
92522,6
92523,5
92524,4
92525,6
92526,5
92527,4
92528,4
92529,6
92530,5
92531,3
92532,6
92533,6
92534,6
92535,5
92536,4
92537,6
92538,5
92539,5
92540,7
92541,4
92542,4
92543,6
92544,6
92545,5
92546,5
92547,6
92548,7
92549,6
92550,6
92551,4
92552,5
92553,5
92554,5
92555,3
92556,6
92557,4
92558,5
92559,4
92560,5
92561,6
92562,2
92563,5
92564,4
92565,4
92566,3
92567,4
92568,7
92569,5
92570,3
92571,4
92572,7
92573,4
92574,7
92575,6
92576,5
92577,6
92578,4
92579,2
92580,6
92581,5
92582,5
92583,7
92584,6
92585,4
92586,4
92587,3
92588,5
92589,7
92590,4
92591,6
92592,5
92593,5
92594,4
92595,4
92596,5
92597,5
92598,2
92599,5
92600,4
92601,4
92602,6
92603,5
92604,3
92605,1
92606,2
92607,7
92608,5
92609,6
92610,6
92611,5
92612,4
92613,7
92614,5
92615,6
92616,6
92617,5
92618,4
92619,5
92620,3
92621,4
92622,6
92623,6
92624,5
92625,4
92626,4
92627,7
92628,7
92629,3
92630,5
92631,6
92632,1
92633,5
92634,1
92635,5
92636,3
92637,7
92638,6
92639,5
92640,4
92641,6
92642,2
92643,3
92644,6
92645,5
92646,6
92647,3
92648,5
92649,5
92650,4
92651,2
92652,5
92653,6
92654,6
92655,4
92656,7
92657,5
92658,7
92659,7
92660,7
92661,5
92662,4
92663,3
92664,5
92665,3
92666,6
92667,3
92668,3
92669,6
92670,3
92671,2
92672,5
92673,6
92674,5
92675,5
92676,2
92677,6
92678,6
92679,6
92680,6
92681,5
92682,5
92683,2
92684,5
92685,2
92686,3
92687,5
92688,6
92689,3
92690,3
92691,5
92692,5
92693,4
92694,5
92695,5
92696,4
92697,3
92698,4
92699,4
92700,7
92701,5
92702,7
92703,2
92704,3
92705,2
92706,5
92707,4
92708,4
92709,3
92710,4
92711,6
92712,4
92713,5
92714,6
92715,6
92716,7
92717,3
92718,7
92719,6
92720,6
92721,5
92722,7
92723,5
92724,7
92725,6
92726,4
92727,6
92728,5
92729,4
92730,5
92731,3
92732,5
92733,5
92734,5
92735,7
92736,4
92737,5
92738,5
92739,5
92740,6
92741,3
92742,5
92743,5
92744,5
92745,4
92746,5
92747,6
92748,5
92749,5
92750,4
92751,5
92752,3
92753,3
92754,7
92755,4
92756,4
92757,1
92758,6
92759,5
92760,3
92761,6
92762,7
92763,5
92764,6
92765,7
92766,7
92767,4
92768,6
92769,6
92770,6
92771,4
92772,6
92773,5
92774,5
92775,6
92776,7
92777,6
92778,6
92779,5
92780,2
92781,5
92782,7
92783,4
92784,4
92785,5
92786,5
92787,6
92788,4
92789,4
92790,4
92791,4
92792,4
92793,7
92794,3
92795,5
92796,5
92797,5
92798,5
92799,4
92800,5
92801,4
92802,5
92803,5
92804,5
92805,3
92806,7
92807,4
92808,5
92809,5
92810,4
92811,7
92812,6
92813,5
92814,6
92815,5
92816,7
92817,1
92818,6
92819,7
92820,6
92821,6
92822,5
92823,2
92824,4
92825,1
92826,4
92827,5
92828,4
92829,5
92830,3
92831,4
92832,7
92833,7
92834,2
92835,3
92836,5
92837,4
92838,5
92839,5
92840,4
92841,5
92842,3
92843,4
92844,7
92845,5
92846,5
92847,3
92848,1
92849,6
92850,6
92851,5
92852,6
92853,6
92854,5
92855,4
92856,4
92857,6
92858,6
92859,5
92860,2
92861,6
92862,4
92863,6
92864,5
92865,5
92866,6
92867,5
92868,5
92869,6
92870,6
92871,3
92872,5
92873,5
92874,7
92875,5
92876,4
92877,5
92878,2
92879,7
92880,4
92881,6
92882,5
92883,5
92884,7
92885,4
92886,5
92887,5
92888,5
92889,6
92890,6
92891,5
92892,6
92893,5
92894,4
92895,3
92896,5
92897,6
92898,4
92899,4
92900,4
92901,5
92902,3
92903,6
92904,4
92905,6
92906,4
92907,6
92908,6
92909,7
92910,6
92911,5
92912,6
92913,7
92914,3
92915,5
92916,6
92917,6
92918,5
92919,5
92920,6
92921,4
92922,4
92923,3
92924,2
92925,3
92926,3
92927,5
92928,3
92929,5
92930,7
92931,6
92932,5
92933,5
92934,3
92935,6
92936,3
92937,5
92938,2
92939,6
92940,6
92941,7
92942,3
92943,5
92944,6
92945,3
92946,6
92947,3
92948,4
92949,4
92950,6
92951,6
92952,6
92953,5
92954,4
92955,6
92956,6
92957,5
92958,5
92959,4
92960,4
92961,7
92962,4
92963,6
92964,3
92965,6
92966,4
92967,6
92968,5
92969,5
92970,5
92971,5
92972,6
92973,4
92974,5
92975,3
92976,2
92977,6
92978,6
92979,4
92980,6
92981,5
92982,6
92983,5
92984,7
92985,5
92986,5
92987,6
92988,3
92989,6
92990,6
92991,5
92992,5
92993,6
92994,6
92995,6
92996,7
92997,5
92998,7
92999,6
93000,3
93001,6
93002,5
93003,6
93004,4
93005,6
93006,3
93007,7
93008,6
93009,6
93010,4
93011,4
93012,7
93013,5
93014,3
93015,5
93016,5
93017,4
93018,5
93019,4
93020,7
93021,5
93022,3
93023,3
93024,6
93025,5
93026,5
93027,4
93028,5
93029,5
93030,5
93031,6
93032,5
93033,4
93034,7
93035,4
93036,7
93037,5
93038,5
93039,5
93040,5
93041,6
93042,5
93043,4
93044,5
93045,7
93046,7
93047,7
93048,7
93049,4
93050,5
93051,7
93052,6
93053,6
93054,4
93055,4
93056,2
93057,5
93058,7
93059,4
93060,3
93061,6
93062,3
93063,5
93064,5
93065,4
93066,6
93067,6
93068,4
93069,4
93070,2
93071,3
93072,5
93073,6
93074,3
93075,6
93076,5
93077,5
93078,4
93079,4
93080,5
93081,4
93082,6
93083,2
93084,5
93085,5
93086,3
93087,3
93088,7
93089,6
93090,2
93091,4
93092,4
93093,7
93094,5
93095,6
93096,5
93097,5
93098,4
93099,3
93100,3
93101,6
93102,2
93103,3
93104,4
93105,5
93106,5
93107,2
93108,6
93109,5
93110,4
93111,5
93112,7
93113,3
93114,7
93115,6
93116,5
93117,2
93118,3
93119,6
93120,7
93121,6
93122,5
93123,4
93124,5
93125,5
93126,3
93127,5
93128,2
93129,4
93130,3
93131,5
93132,4
93133,5
93134,6
93135,6
93136,7
93137,2
93138,7
93139,6
93140,5
93141,3
93142,4
93143,6
93144,4
93145,4
93146,5
93147,2
93148,5
93149,4
93150,6
93151,4
93152,4
93153,5
93154,3
93155,2
93156,5
93157,3
93158,5
93159,4
93160,4
93161,6
93162,2
93163,5
93164,3
93165,4
93166,3
93167,6
93168,4
93169,4
93170,4
93171,4
93172,4
93173,7
93174,4
93175,4
93176,1
93177,5
93178,4
93179,7
93180,5
93181,4
93182,6
93183,3
93184,6
93185,6
93186,4
93187,5
93188,7
93189,5
93190,3
93191,5
93192,3
93193,6
93194,6
93195,5
93196,6
93197,7
93198,5
93199,6
93200,6
93201,5
93202,5
93203,6
93204,3
93205,5
93206,3
93207,1
93208,6
93209,4
93210,3
93211,5
93212,5
93213,6
93214,6
93215,5
93216,2
93217,5
93218,5
93219,5
93220,4
93221,7
93222,4
93223,3
93224,4
93225,7
93226,5
93227,6
93228,4
93229,4
93230,3
93231,7
93232,2
93233,3
93234,4
93235,7
93236,6
93237,6
93238,6
93239,3
93240,6
93241,3
93242,5
93243,5
93244,4
93245,5
93246,2
93247,2
93248,5
93249,3
93250,7
93251,6
93252,5
93253,3
93254,6
93255,4
93256,6
93257,6
93258,4
93259,2
93260,3
93261,5
93262,5
93263,6
93264,7
93265,5
93266,5
93267,7
93268,6
93269,3
93270,4
93271,4
93272,5
93273,5
93274,1
93275,3
93276,5
93277,5
93278,6
93279,7
93280,7
93281,5
93282,4
93283,2
93284,4
93285,7
93286,4
93287,2
93288,4
93289,7
93290,5
93291,5
93292,6
93293,5
93294,5
93295,6
93296,5
93297,6
93298,7
93299,2
93300,5
93301,7
93302,4
93303,6
93304,6
93305,7
93306,5
93307,4
93308,5
93309,7
93310,7
93311,7
93312,6
93313,2
93314,7
93315,4
93316,2
93317,5
93318,4
93319,4
93320,5
93321,5
93322,6
93323,7
93324,6
93325,2
93326,6
93327,7
93328,5
93329,3
93330,5
93331,5
93332,5
93333,7
93334,5
93335,7
93336,1
93337,1
93338,7
93339,5
93340,5
93341,5
93342,6
93343,6
93344,4
93345,7
93346,6
93347,7
93348,6
93349,5
93350,4
93351,4
93352,5
93353,5
93354,5
93355,2
93356,6
93357,4
93358,4
93359,4
93360,5
93361,3
93362,4
93363,5
93364,5
93365,7
93366,4
93367,6
93368,6
93369,7
93370,4
93371,6
93372,5
93373,3
93374,4
93375,6
93376,5
93377,5
93378,4
93379,5
93380,4
93381,5
93382,2
93383,4
93384,5
93385,4
93386,6
93387,3
93388,3
93389,3
93390,4
93391,7
93392,6
93393,4
93394,7
93395,4
93396,6
93397,3
93398,6
93399,6
93400,7
93401,4
93402,5
93403,5
93404,3
93405,7
93406,4
93407,2
93408,5
93409,6
93410,6
93411,5
93412,3
93413,7
93414,4
93415,6
93416,6
93417,6
93418,6
93419,4
93420,7
93421,7
93422,5
93423,4
93424,4
93425,5
93426,4
93427,2
93428,6
93429,6
93430,4
93431,6
93432,4
93433,7
93434,5
93435,5
93436,4
93437,6
93438,6
93439,6
93440,6
93441,5
93442,4
93443,7
93444,6
93445,5
93446,5
93447,6
93448,7
93449,3
93450,4
93451,6
93452,4
93453,6
93454,4
93455,4
93456,1
93457,6
93458,4
93459,7
93460,5
93461,4
93462,7
93463,7
93464,6
93465,6
93466,4
93467,4
93468,1
93469,5
93470,5
93471,5
93472,4
93473,5
93474,5
93475,5
93476,2
93477,6
93478,7
93479,6
93480,7
93481,6
93482,2
93483,7
93484,5
93485,3
93486,6
93487,7
93488,5
93489,4
93490,6
93491,3
93492,3
93493,5
93494,5
93495,4
93496,4
93497,5
93498,3
93499,3
93500,5
93501,3
93502,2
93503,5
93504,2
93505,4
93506,6
93507,7
93508,4
93509,6
93510,6
93511,4
93512,5
93513,7
93514,5
93515,4
93516,7
93517,7
93518,2
93519,4
93520,5
93521,7
93522,6
93523,7
93524,4
93525,5
93526,4
93527,6
93528,4
93529,6
93530,6
93531,5
93532,6
93533,5
93534,5
93535,7
93536,5
93537,6
93538,4
93539,4
93540,5
93541,3
93542,5
93543,3
93544,2
93545,7
93546,3
93547,4
93548,5
93549,4
93550,5
93551,5
93552,7
93553,6
93554,4
93555,7
93556,5
93557,7
93558,2
93559,5
93560,7
93561,6
93562,4
93563,7
93564,6
93565,5
93566,5
93567,5
93568,5
93569,5
93570,4
93571,5
93572,2
93573,4
93574,7
93575,5
93576,2
93577,7
93578,4
93579,5
93580,4
93581,6
93582,7
93583,7
93584,4
93585,7
93586,7
93587,4
93588,7
93589,1
93590,3
93591,7
93592,5
93593,6
93594,7
93595,5
93596,5
93597,6
93598,4
93599,5
93600,7
93601,6
93602,3
93603,5
93604,7
93605,5
93606,7
93607,4
93608,5
93609,4
93610,4
93611,5
93612,7
93613,1
93614,7
93615,5
93616,4
93617,5
93618,4
93619,5
93620,5
93621,7
93622,4
93623,1
93624,7
93625,5
93626,6
93627,7
93628,7
93629,4
93630,4
93631,4
93632,6
93633,5
93634,4
93635,7
93636,4
93637,5
93638,4
93639,6
93640,5
93641,3
93642,6
93643,2
93644,3
93645,5
93646,6
93647,7
93648,6
93649,4
93650,6
93651,5
93652,6
93653,5
93654,3
93655,6
93656,5
93657,4
93658,5
93659,4
93660,6
93661,5
93662,5
93663,4
93664,3
93665,6
93666,4
93667,6
93668,7
93669,5
93670,4
93671,4
93672,4
93673,2
93674,5
93675,5
93676,5
93677,5
93678,3
93679,2
93680,4
93681,5
93682,6
93683,3
93684,6
93685,5
93686,4
93687,4
93688,3
93689,5
93690,7
93691,6
93692,4
93693,5
93694,3
93695,5
93696,6
93697,6
93698,7
93699,6
93700,6
93701,3
93702,4
93703,5
93704,6
93705,6
93706,7
93707,7
93708,5
93709,2
93710,7
93711,6
93712,5
93713,7
93714,7
93715,6
93716,5
93717,3
93718,5
93719,5
93720,6
93721,2
93722,5
93723,6
93724,3
93725,4
93726,6
93727,4
93728,3
93729,4
93730,5
93731,6
93732,3
93733,4
93734,6
93735,3
93736,3
93737,7
93738,4
93739,2
93740,7
93741,6
93742,5
93743,5
93744,5
93745,5
93746,7
93747,4
93748,3
93749,5
93750,5
93751,6
93752,1
93753,6
93754,6
93755,7
93756,5
93757,4
93758,6
93759,5
93760,7
93761,7
93762,6
93763,3
93764,3
93765,4
93766,7
93767,5
93768,4
93769,6
93770,5
93771,5
93772,5
93773,5
93774,6
93775,5
93776,5
93777,2
93778,5
93779,5
93780,4
93781,4
93782,5
93783,3
93784,6
93785,5
93786,3
93787,5
93788,5
93789,3
93790,5
93791,6
93792,5
93793,6
93794,5
93795,2
93796,3
93797,6
93798,1
93799,6
93800,4
93801,5
93802,6
93803,6
93804,6
93805,7
93806,7
93807,6
93808,7
93809,6
93810,5
93811,4
93812,5
93813,6
93814,5
93815,3
93816,6
93817,1
93818,2
93819,7
93820,5
93821,6
93822,5
93823,5
93824,6
93825,4
93826,6
93827,4
93828,6
93829,4
93830,5
93831,4
93832,4
93833,6
93834,4
93835,6
93836,6
93837,1
93838,7
93839,6
93840,2
93841,6
93842,2
93843,3
93844,5
93845,6
93846,7
93847,5
93848,1
93849,6
93850,6
93851,5
93852,7
93853,5
93854,7
93855,5
93856,4
93857,5
93858,4
93859,5
93860,6
93861,4
93862,3
93863,5
93864,5
93865,4
93866,5
93867,1
93868,4
93869,6
93870,4
93871,4
93872,5
93873,5
93874,6
93875,5
93876,5
93877,5
93878,5
93879,5
93880,1
93881,7
93882,4
93883,6
93884,6
93885,5
93886,4
93887,6
93888,6
93889,6
93890,7
93891,7
93892,4
93893,3
93894,5
93895,4
93896,5
93897,6
93898,6
93899,5
93900,4
93901,5
93902,5
93903,6
93904,5
93905,7
93906,6
93907,5
93908,5
93909,3
93910,4
93911,5
93912,2
93913,2
93914,6
93915,5
93916,2
93917,6
93918,1
93919,6
93920,4
93921,5
93922,6
93923,5
93924,4
93925,4
93926,6
93927,6
93928,1
93929,5
93930,3
93931,5
93932,4
93933,7
93934,6
93935,2
93936,4
93937,5
93938,5
93939,2
93940,1
93941,5
93942,4
93943,5
93944,5
93945,5
93946,6
93947,3
93948,4
93949,7
93950,5
93951,7
93952,5
93953,4
93954,4
93955,4
93956,7
93957,3
93958,3
93959,5
93960,4
93961,3
93962,5
93963,2
93964,3
93965,5
93966,7
93967,5
93968,6
93969,4
93970,5
93971,4
93972,5
93973,5
93974,6
93975,3
93976,3
93977,5
93978,5
93979,4
93980,2
93981,4
93982,6
93983,3
93984,7
93985,7
93986,6
93987,7
93988,4
93989,6
93990,5
93991,5
93992,5
93993,6
93994,7
93995,6
93996,6
93997,3
93998,6
93999,5
94000,5
94001,5
94002,5
94003,4
94004,5
94005,3
94006,5
94007,5
94008,6
94009,4
94010,5
94011,4
94012,5
94013,5
94014,3
94015,3
94016,4
94017,4
94018,7
94019,4
94020,4
94021,3
94022,1
94023,5
94024,4
94025,5
94026,7
94027,7
94028,6
94029,3
94030,7
94031,5
94032,7
94033,5
94034,3
94035,4
94036,4
94037,4
94038,5
94039,4
94040,6
94041,4
94042,2
94043,5
94044,6
94045,4
94046,6
94047,4
94048,6
94049,5
94050,5
94051,4
94052,3
94053,3
94054,7
94055,6
94056,4
94057,7
94058,5
94059,6
94060,2
94061,5
94062,6
94063,6
94064,3
94065,4
94066,5
94067,2
94068,6
94069,7
94070,2
94071,4
94072,4
94073,4
94074,2
94075,6
94076,7
94077,6
94078,4
94079,7
94080,7
94081,2
94082,4
94083,4
94084,2
94085,5
94086,7
94087,3
94088,5
94089,5
94090,3
94091,7
94092,5
94093,3
94094,5
94095,6
94096,4
94097,6
94098,6
94099,7
94100,5
94101,4
94102,6
94103,2
94104,6
94105,6
94106,6
94107,7
94108,2
94109,5
94110,5
94111,5
94112,4
94113,5
94114,5
94115,4
94116,4
94117,5
94118,6
94119,3
94120,3
94121,4
94122,5
94123,2
94124,5
94125,7
94126,7
94127,2
94128,6
94129,3
94130,4
94131,4
94132,4
94133,7
94134,5
94135,1
94136,1
94137,4
94138,6
94139,5
94140,5
94141,5
94142,7
94143,6
94144,4
94145,5
94146,7
94147,4
94148,3
94149,1
94150,3
94151,6
94152,5
94153,5
94154,6
94155,4
94156,5
94157,7
94158,7
94159,4
94160,6
94161,6
94162,4
94163,4
94164,7
94165,4
94166,3
94167,4
94168,4
94169,5
94170,1
94171,7
94172,6
94173,7
94174,6
94175,4
94176,2
94177,5
94178,7
94179,4
94180,5
94181,6
94182,5
94183,3
94184,3
94185,1
94186,6
94187,6
94188,3
94189,6
94190,4
94191,3
94192,7
94193,7
94194,6
94195,5
94196,4
94197,5
94198,7
94199,5
94200,4
94201,6
94202,6
94203,4
94204,4
94205,4
94206,4
94207,6
94208,3
94209,6
94210,7
94211,4
94212,3
94213,3
94214,5
94215,4
94216,5
94217,7
94218,6
94219,5
94220,6
94221,3
94222,5
94223,6
94224,5
94225,2
94226,3
94227,5
94228,6
94229,4
94230,4
94231,5
94232,7
94233,5
94234,5
94235,4
94236,6
94237,4
94238,6
94239,5
94240,2
94241,7
94242,5
94243,4
94244,5
94245,6
94246,4
94247,5
94248,3
94249,4
94250,2
94251,5
94252,4
94253,5
94254,4
94255,7
94256,5
94257,6
94258,5
94259,5
94260,6
94261,4
94262,5
94263,5
94264,6
94265,6
94266,5
94267,2
94268,5
94269,5
94270,7
94271,5
94272,6
94273,2
94274,6
94275,4
94276,4
94277,5
94278,6
94279,6
94280,5
94281,3
94282,2
94283,4
94284,5
94285,5
94286,4
94287,4
94288,7
94289,5
94290,3
94291,5
94292,4
94293,3
94294,5
94295,4
94296,2
94297,4
94298,5
94299,7
94300,2
94301,6
94302,3
94303,6
94304,5
94305,5
94306,4
94307,3
94308,3
94309,6
94310,6
94311,6
94312,7
94313,6
94314,3
94315,7
94316,6
94317,5
94318,4
94319,6
94320,3
94321,6
94322,6
94323,7
94324,7
94325,3
94326,6
94327,3
94328,6
94329,3
94330,3
94331,1
94332,2
94333,3
94334,5
94335,6
94336,6
94337,5
94338,6
94339,2
94340,5
94341,2
94342,5
94343,1
94344,5
94345,7
94346,6
94347,1
94348,4
94349,5
94350,5
94351,1
94352,6
94353,4
94354,6
94355,3
94356,5
94357,5
94358,4
94359,5
94360,7
94361,6
94362,5
94363,4
94364,5
94365,5
94366,3
94367,5
94368,4
94369,7
94370,4
94371,6
94372,4
94373,4
94374,6
94375,6
94376,4
94377,4
94378,7
94379,7
94380,5
94381,3
94382,4
94383,4
94384,6
94385,3
94386,5
94387,6
94388,2
94389,7
94390,6
94391,5
94392,5
94393,4
94394,2
94395,5
94396,5
94397,4
94398,4
94399,4
94400,5
94401,5
94402,7
94403,3
94404,4
94405,5
94406,5
94407,5
94408,6
94409,5
94410,4
94411,6
94412,4
94413,5
94414,5
94415,2
94416,3
94417,2
94418,5
94419,6
94420,5
94421,2
94422,3
94423,6
94424,3
94425,5
94426,4
94427,5
94428,5
94429,5
94430,6
94431,5
94432,3
94433,6
94434,6
94435,7
94436,6
94437,6
94438,5
94439,5
94440,7
94441,6
94442,7
94443,6
94444,4
94445,5
94446,4
94447,5
94448,3
94449,6
94450,4
94451,7
94452,2
94453,6
94454,4
94455,5
94456,5
94457,6
94458,5
94459,3
94460,5
94461,5
94462,5
94463,5
94464,6
94465,5
94466,7
94467,5
94468,6
94469,3
94470,3
94471,5
94472,7
94473,5
94474,4
94475,4
94476,5
94477,4
94478,5
94479,4
94480,6
94481,3
94482,5
94483,4
94484,4
94485,2
94486,5
94487,5
94488,5
94489,4
94490,4
94491,5
94492,3
94493,6
94494,1
94495,5
94496,7
94497,3
94498,6
94499,5
94500,4
94501,4
94502,7
94503,3
94504,6
94505,4
94506,7
94507,5
94508,6
94509,5
94510,5
94511,6
94512,6
94513,4
94514,6
94515,7
94516,7
94517,7
94518,4
94519,3
94520,3
94521,3
94522,5
94523,6
94524,7
94525,6
94526,3
94527,7
94528,6
94529,7
94530,5
94531,6
94532,4
94533,1
94534,5
94535,6
94536,5
94537,2
94538,7
94539,5
94540,5
94541,7
94542,3
94543,6
94544,6
94545,6
94546,5
94547,7
94548,6
94549,4
94550,6
94551,5
94552,4
94553,3
94554,4
94555,3
94556,7
94557,7
94558,5
94559,5
94560,3
94561,4
94562,5
94563,4
94564,5
94565,2
94566,5
94567,6
94568,4
94569,2
94570,4
94571,5
94572,4
94573,6
94574,2
94575,5
94576,4
94577,1
94578,3
94579,6
94580,4
94581,6
94582,5
94583,2
94584,5
94585,3
94586,5
94587,6
94588,5
94589,5
94590,6
94591,4
94592,7
94593,6
94594,4
94595,3
94596,5
94597,3
94598,4
94599,5
94600,4
94601,2
94602,4
94603,6
94604,6
94605,7
94606,2
94607,3
94608,4
94609,6
94610,5
94611,4
94612,6
94613,7
94614,7
94615,5
94616,5
94617,3
94618,5
94619,5
94620,7
94621,4
94622,6
94623,4
94624,6
94625,7
94626,3
94627,4
94628,5
94629,4
94630,7
94631,4
94632,7
94633,6
94634,5
94635,1
94636,5
94637,5
94638,7
94639,4
94640,5
94641,4
94642,7
94643,3
94644,6
94645,5
94646,4
94647,7
94648,3
94649,4
94650,7
94651,4
94652,4
94653,2
94654,6
94655,5
94656,6
94657,3
94658,5
94659,7
94660,6
94661,6
94662,7
94663,6
94664,7
94665,5
94666,3
94667,5
94668,5
94669,5
94670,5
94671,5
94672,4
94673,3
94674,4
94675,3
94676,5
94677,3
94678,6
94679,5
94680,2
94681,4
94682,6
94683,1
94684,6
94685,5
94686,5
94687,6
94688,5
94689,6
94690,1
94691,3
94692,7
94693,5
94694,5
94695,5
94696,7
94697,6
94698,5
94699,5
94700,5
94701,4
94702,6
94703,6
94704,4
94705,2
94706,4
94707,4
94708,6
94709,6
94710,4
94711,5
94712,5
94713,4
94714,7
94715,5
94716,5
94717,4
94718,6
94719,6
94720,4
94721,4
94722,7
94723,3
94724,5
94725,4
94726,6
94727,5
94728,7
94729,5
94730,3
94731,5
94732,6
94733,6
94734,7
94735,6
94736,3
94737,7
94738,7
94739,3
94740,6
94741,4
94742,7
94743,6
94744,4
94745,6
94746,5
94747,4
94748,5
94749,5
94750,7
94751,5
94752,6
94753,5
94754,6
94755,3
94756,3
94757,5
94758,4
94759,5
94760,5
94761,6
94762,7
94763,2
94764,4
94765,7
94766,6
94767,5
94768,6
94769,5
94770,6
94771,3
94772,4
94773,5
94774,4
94775,2
94776,6
94777,2
94778,7
94779,5
94780,1
94781,5
94782,2
94783,3
94784,6
94785,4
94786,1
94787,4
94788,2
94789,5
94790,6
94791,3
94792,6
94793,7
94794,5
94795,3
94796,4
94797,5
94798,7
94799,5
94800,4
94801,3
94802,3
94803,3
94804,3
94805,6
94806,5
94807,5
94808,6
94809,3
94810,7
94811,5
94812,5
94813,2
94814,4
94815,4
94816,7
94817,4
94818,5
94819,2
94820,5
94821,7
94822,4
94823,4
94824,1
94825,7
94826,5
94827,5
94828,4
94829,5
94830,5
94831,4
94832,6
94833,5
94834,4
94835,4
94836,4
94837,2
94838,3
94839,5
94840,2
94841,5
94842,4
94843,4
94844,5
94845,6
94846,4
94847,4
94848,2
94849,3
94850,5
94851,5
94852,4
94853,6
94854,4
94855,4
94856,6
94857,1
94858,6
94859,7
94860,7
94861,7
94862,2
94863,6
94864,5
94865,5
94866,5
94867,6
94868,2
94869,6
94870,4
94871,5
94872,5
94873,7
94874,7
94875,1
94876,4
94877,5
94878,4
94879,5
94880,5
94881,5
94882,2
94883,6
94884,7
94885,2
94886,6
94887,7
94888,5
94889,5
94890,4
94891,6
94892,4
94893,5
94894,7
94895,7
94896,5
94897,5
94898,5
94899,7
94900,4
94901,3
94902,6
94903,6
94904,5
94905,5
94906,4
94907,7
94908,4
94909,4
94910,2
94911,5
94912,6
94913,5
94914,6
94915,4
94916,7
94917,6
94918,7
94919,7
94920,5
94921,5
94922,5
94923,5
94924,5
94925,5
94926,4
94927,5
94928,5
94929,4
94930,4
94931,6
94932,7
94933,4
94934,1
94935,4
94936,4
94937,4
94938,4
94939,6
94940,5
94941,5
94942,7
94943,6
94944,6
94945,5
94946,5
94947,3
94948,7
94949,4
94950,7
94951,5
94952,5
94953,4
94954,5
94955,1
94956,6
94957,5
94958,5
94959,3
94960,4
94961,3
94962,4
94963,3
94964,5
94965,7
94966,5
94967,2
94968,4
94969,3
94970,5
94971,5
94972,5
94973,5
94974,4
94975,4
94976,7
94977,3
94978,6
94979,4
94980,5
94981,3
94982,6
94983,5
94984,5
94985,6
94986,5
94987,3
94988,7
94989,3
94990,5
94991,3
94992,5
94993,3
94994,2
94995,4
94996,5
94997,3
94998,7
94999,5
95000,3
95001,6
95002,4
95003,3
95004,5
95005,5
95006,5
95007,7
95008,6
95009,4
95010,4
95011,4
95012,5
95013,7
95014,7
95015,3
95016,1
95017,3
95018,4
95019,2
95020,5
95021,3
95022,3
95023,7
95024,5
95025,7
95026,3
95027,5
95028,5
95029,7
95030,7
95031,5
95032,7
95033,6
95034,1
95035,5
95036,6
95037,6
95038,6
95039,3
95040,7
95041,2
95042,4
95043,7
95044,3
95045,7
95046,1
95047,5
95048,3
95049,5
95050,5
95051,4
95052,6
95053,5
95054,7
95055,5
95056,7
95057,4
95058,3
95059,5
95060,7
95061,5
95062,4
95063,6
95064,7
95065,3
95066,4
95067,5
95068,4
95069,5
95070,3
95071,6
95072,5
95073,5
95074,3
95075,7
95076,5
95077,6
95078,5
95079,5
95080,2
95081,5
95082,5
95083,5
95084,5
95085,5
95086,4
95087,4
95088,5
95089,5
95090,7
95091,5
95092,4
95093,5
95094,4
95095,6
95096,3
95097,6
95098,5
95099,3
95100,6
95101,4
95102,3
95103,5
95104,5
95105,2
95106,4
95107,3
95108,4
95109,6
95110,7
95111,3
95112,5
95113,6
95114,6
95115,5
95116,5
95117,5
95118,6
95119,3
95120,5
95121,4
95122,7
95123,6
95124,5
95125,3
95126,6
95127,6
95128,6
95129,5
95130,7
95131,6
95132,4
95133,5
95134,5
95135,3
95136,5
95137,5
95138,6
95139,5
95140,6
95141,7
95142,1
95143,5
95144,7
95145,6
95146,5
95147,7
95148,5
95149,2
95150,4
95151,5
95152,4
95153,5
95154,5
95155,6
95156,5
95157,4
95158,4
95159,7
95160,7
95161,7
95162,5
95163,6
95164,4
95165,1
95166,7
95167,5
95168,5
95169,2
95170,5
95171,4
95172,5
95173,5
95174,7
95175,5
95176,6
95177,6
95178,6
95179,6
95180,7
95181,2
95182,5
95183,4
95184,5
95185,5
95186,5
95187,7
95188,5
95189,5
95190,7
95191,5
95192,7
95193,5
95194,4
95195,6
95196,6
95197,4
95198,5
95199,6
95200,7
95201,7
95202,6
95203,5
95204,7
95205,1
95206,4
95207,6
95208,6
95209,6
95210,4
95211,5
95212,3
95213,2
95214,5
95215,7
95216,2
95217,6
95218,4
95219,7
95220,5
95221,6
95222,5
95223,3
95224,4
95225,6
95226,4
95227,7
95228,4
95229,5
95230,7
95231,5
95232,7
95233,7
95234,3
95235,5
95236,5
95237,4
95238,5
95239,5
95240,3
95241,5
95242,2
95243,2
95244,6
95245,3
95246,6
95247,4
95248,5
95249,7
95250,6
95251,5
95252,4
95253,5
95254,7
95255,7
95256,5
95257,5
95258,3
95259,4
95260,5
95261,6
95262,3
95263,5
95264,7
95265,7
95266,5
95267,5
95268,4
95269,7
95270,2
95271,4
95272,4
95273,4
95274,4
95275,6
95276,5
95277,2
95278,6
95279,4
95280,7
95281,5
95282,4
95283,6
95284,4
95285,3
95286,5
95287,7
95288,7
95289,5
95290,6
95291,3
95292,3
95293,5
95294,5
95295,7
95296,5
95297,5
95298,7
95299,4
95300,5
95301,4
95302,4
95303,5
95304,3
95305,6
95306,5
95307,3
95308,6
95309,7
95310,5
95311,5
95312,4
95313,3
95314,5
95315,5
95316,5
95317,3
95318,5
95319,3
95320,5
95321,5
95322,5
95323,4
95324,6
95325,6
95326,5
95327,5
95328,2
95329,6
95330,7
95331,5
95332,4
95333,7
95334,2
95335,6
95336,6
95337,4
95338,5
95339,3
95340,5
95341,7
95342,3
95343,6
95344,4
95345,6
95346,4
95347,6
95348,5
95349,3
95350,6
95351,4
95352,3
95353,6
95354,6
95355,7
95356,5
95357,5
95358,7
95359,5
95360,3
95361,6
95362,1
95363,5
95364,2
95365,3
95366,6
95367,5
95368,1
95369,4
95370,7
95371,5
95372,3
95373,5
95374,4
95375,2
95376,7
95377,4
95378,3
95379,1
95380,5
95381,5
95382,4
95383,7
95384,7
95385,4
95386,5
95387,5
95388,6
95389,6
95390,5
95391,4
95392,4
95393,5
95394,5
95395,5
95396,6
95397,4
95398,3
95399,5
95400,1
95401,4
95402,4
95403,2
95404,3
95405,6
95406,7
95407,4
95408,4
95409,5
95410,5
95411,5
95412,7
95413,2
95414,6
95415,6
95416,5
95417,5
95418,3
95419,4
95420,6
95421,5
95422,4
95423,1
95424,4
95425,5
95426,3
95427,5
95428,5
95429,7
95430,7
95431,7
95432,2
95433,5
95434,5
95435,7
95436,5
95437,6
95438,5
95439,6
95440,7
95441,3
95442,2
95443,7
95444,7
95445,4
95446,6
95447,5
95448,5
95449,5
95450,4
95451,4
95452,4
95453,6
95454,7
95455,4
95456,7
95457,6
95458,3
95459,4
95460,5
95461,5
95462,2
95463,3
95464,5
95465,4
95466,5
95467,2
95468,4
95469,3
95470,7
95471,5
95472,4
95473,4
95474,6
95475,3
95476,5
95477,4
95478,4
95479,5
95480,5
95481,4
95482,6
95483,6
95484,7
95485,2
95486,5
95487,4
95488,3
95489,5
95490,7
95491,7
95492,5
95493,4
95494,4
95495,3
95496,5
95497,2
95498,5
95499,4
95500,4
95501,6
95502,4
95503,5
95504,6
95505,5
95506,6
95507,5
95508,6
95509,6
95510,6
95511,7
95512,6
95513,4
95514,6
95515,6
95516,4
95517,6
95518,5
95519,2
95520,2
95521,3
95522,7
95523,5
95524,4
95525,5
95526,3
95527,5
95528,5
95529,3
95530,4
95531,4
95532,5
95533,4
95534,5
95535,3
95536,1
95537,5
95538,4
95539,7
95540,6
95541,4
95542,6
95543,4
95544,6
95545,5
95546,6
95547,4
95548,6
95549,4
95550,5
95551,5
95552,4
95553,5
95554,4
95555,2
95556,7
95557,4
95558,3
95559,5
95560,5
95561,3
95562,5
95563,4
95564,6
95565,6
95566,4
95567,6
95568,5
95569,6
95570,7
95571,7
95572,4
95573,6
95574,5
95575,5
95576,5
95577,5
95578,3
95579,5
95580,6
95581,5
95582,5
95583,2
95584,7
95585,5
95586,5
95587,6
95588,5
95589,6
95590,5
95591,4
95592,1
95593,5
95594,2
95595,4
95596,4
95597,5
95598,3
95599,6
95600,6
95601,5
95602,5
95603,6
95604,6
95605,7
95606,3
95607,5
95608,2
95609,7
95610,3
95611,2
95612,3
95613,6
95614,6
95615,5
95616,3
95617,5
95618,2
95619,5
95620,2
95621,5
95622,3
95623,5
95624,3
95625,4
95626,6
95627,5
95628,4
95629,4
95630,2
95631,3
95632,5
95633,7
95634,1
95635,6
95636,5
95637,5
95638,7
95639,2
95640,5
95641,4
95642,6
95643,2
95644,4
95645,4
95646,4
95647,3
95648,5
95649,5
95650,4
95651,7
95652,4
95653,7
95654,5
95655,7
95656,5
95657,4
95658,4
95659,5
95660,5
95661,5
95662,2
95663,5
95664,6
95665,7
95666,7
95667,5
95668,5
95669,6
95670,7
95671,7
95672,5
95673,5
95674,2
95675,7
95676,5
95677,5
95678,5
95679,7
95680,5
95681,7
95682,7
95683,6
95684,7
95685,2
95686,6
95687,7
95688,7
95689,4
95690,3
95691,6
95692,5
95693,5
95694,4
95695,4
95696,4
95697,7
95698,4
95699,6
95700,5
95701,5
95702,5
95703,7
95704,4
95705,6
95706,5
95707,6
95708,6
95709,5
95710,6
95711,2
95712,4
95713,6
95714,5
95715,4
95716,6
95717,5
95718,5
95719,5
95720,4
95721,2
95722,5
95723,5
95724,7
95725,3
95726,5
95727,3
95728,7
95729,6
95730,6
95731,2
95732,7
95733,6
95734,5
95735,7
95736,7
95737,5
95738,4
95739,5
95740,5
95741,5
95742,6
95743,6
95744,4
95745,6
95746,7
95747,4
95748,6
95749,2
95750,5
95751,2
95752,2
95753,1
95754,4
95755,7
95756,5
95757,5
95758,5
95759,4
95760,6
95761,5
95762,5
95763,7
95764,5
95765,6
95766,6
95767,6
95768,4
95769,6
95770,5
95771,1
95772,3
95773,5
95774,6
95775,7
95776,5
95777,4
95778,3
95779,6
95780,5
95781,4
95782,5
95783,6
95784,5
95785,6
95786,3
95787,5
95788,3
95789,4
95790,4
95791,2
95792,5
95793,4
95794,5
95795,5
95796,5
95797,6
95798,7
95799,4
95800,4
95801,5
95802,6
95803,4
95804,5
95805,4
95806,7
95807,7
95808,4
95809,7
95810,5
95811,6
95812,4
95813,3
95814,5
95815,5
95816,4
95817,6
95818,4
95819,6
95820,6
95821,6
95822,5
95823,5
95824,5
95825,5
95826,4
95827,5
95828,6
95829,3
95830,3
95831,4
95832,5
95833,6
95834,4
95835,5
95836,7
95837,5
95838,7
95839,3
95840,6
95841,7
95842,6
95843,5
95844,2
95845,5
95846,6
95847,6
95848,7
95849,5
95850,1
95851,3
95852,2
95853,4
95854,5
95855,4
95856,5
95857,6
95858,3
95859,4
95860,5
95861,7
95862,7
95863,7
95864,5
95865,5
95866,7
95867,6
95868,4
95869,7
95870,7
95871,4
95872,5
95873,5
95874,6
95875,5
95876,6
95877,6
95878,5
95879,2
95880,5
95881,4
95882,6
95883,7
95884,2
95885,2
95886,5
95887,4
95888,3
95889,6
95890,3
95891,3
95892,5
95893,5
95894,7
95895,4
95896,6
95897,3
95898,6
95899,6
95900,6
95901,4
95902,6
95903,3
95904,6
95905,4
95906,6
95907,5
95908,4
95909,5
95910,5
95911,6
95912,3
95913,6
95914,5
95915,1
95916,6
95917,5
95918,5
95919,4
95920,5
95921,7
95922,2
95923,6
95924,6
95925,7
95926,5
95927,1
95928,5
95929,6
95930,6
95931,5
95932,4
95933,4
95934,5
95935,5
95936,4
95937,7
95938,3
95939,3
95940,4
95941,4
95942,4
95943,3
95944,5
95945,4
95946,6
95947,5
95948,6
95949,5
95950,4
95951,6
95952,2
95953,5
95954,6
95955,6
95956,5
95957,6
95958,5
95959,5
95960,4
95961,4
95962,6
95963,4
95964,5
95965,6
95966,5
95967,4
95968,3
95969,4
95970,5
95971,7
95972,4
95973,5
95974,4
95975,3
95976,6
95977,6
95978,5
95979,5
95980,2
95981,3
95982,4
95983,6
95984,3
95985,6
95986,5
95987,7
95988,6
95989,6
95990,2
95991,7
95992,7
95993,5
95994,4
95995,5
95996,4
95997,6
95998,5
95999,3
96000,5
96001,6
96002,7
96003,5
96004,4
96005,4
96006,5
96007,6
96008,4
96009,7
96010,5
96011,5
96012,3
96013,6
96014,7
96015,6
96016,5
96017,3
96018,6
96019,4
96020,6
96021,7
96022,2
96023,7
96024,5
96025,4
96026,5
96027,5
96028,4
96029,7
96030,7
96031,5
96032,2
96033,4
96034,6
96035,4
96036,6
96037,7
96038,6
96039,5
96040,7
96041,3
96042,6
96043,5
96044,5
96045,4
96046,5
96047,4
96048,6
96049,7
96050,5
96051,4
96052,6
96053,2
96054,6
96055,6
96056,5
96057,7
96058,4
96059,4
96060,4
96061,4
96062,4
96063,2
96064,6
96065,7
96066,5
96067,2
96068,3
96069,5
96070,5
96071,6
96072,6
96073,4
96074,4
96075,6
96076,5
96077,7
96078,6
96079,3
96080,3
96081,6
96082,2
96083,6
96084,6
96085,5
96086,4
96087,5
96088,5
96089,5
96090,5
96091,7
96092,7
96093,6
96094,5
96095,3
96096,7
96097,4
96098,6
96099,6
96100,5
96101,3
96102,2
96103,7
96104,3
96105,5
96106,5
96107,5
96108,5
96109,5
96110,5
96111,6
96112,7
96113,6
96114,5
96115,7
96116,4
96117,5
96118,5
96119,5
96120,7
96121,5
96122,6
96123,3
96124,5
96125,6
96126,4
96127,2
96128,2
96129,7
96130,6
96131,6
96132,4
96133,6
96134,5
96135,5
96136,5
96137,6
96138,7
96139,2
96140,6
96141,3
96142,6
96143,5
96144,3
96145,7
96146,4
96147,4
96148,7
96149,1
96150,5
96151,6
96152,5
96153,6
96154,5
96155,2
96156,4
96157,3
96158,7
96159,5
96160,7
96161,4
96162,4
96163,5
96164,2
96165,7
96166,5
96167,3
96168,5
96169,4
96170,6
96171,2
96172,5
96173,2
96174,4
96175,5
96176,5
96177,6
96178,4
96179,7
96180,7
96181,6
96182,4
96183,5
96184,4
96185,4
96186,1
96187,7
96188,7
96189,6
96190,4
96191,5
96192,5
96193,7
96194,5
96195,5
96196,7
96197,7
96198,5
96199,6
96200,4
96201,4
96202,5
96203,5
96204,5
96205,6
96206,2
96207,4
96208,3
96209,3
96210,5
96211,5
96212,4
96213,6
96214,2
96215,5
96216,7
96217,5
96218,5
96219,6
96220,4
96221,7
96222,7
96223,4
96224,5
96225,6
96226,6
96227,5
96228,5
96229,4
96230,3
96231,6
96232,5
96233,5
96234,6
96235,5
96236,5
96237,4
96238,5
96239,4
96240,7
96241,5
96242,6
96243,5
96244,2
96245,5
96246,6
96247,4
96248,6
96249,7
96250,6
96251,4
96252,7
96253,4
96254,6
96255,5
96256,2
96257,4
96258,3
96259,4
96260,7
96261,4
96262,7
96263,4
96264,4
96265,3
96266,4
96267,5
96268,5
96269,3
96270,4
96271,4
96272,6
96273,5
96274,4
96275,7
96276,4
96277,7
96278,7
96279,2
96280,6
96281,2
96282,4
96283,2
96284,4
96285,7
96286,6
96287,4
96288,5
96289,7
96290,7
96291,6
96292,6
96293,6
96294,4
96295,6
96296,5
96297,5
96298,2
96299,5
96300,3
96301,5
96302,3
96303,4
96304,5
96305,3
96306,4
96307,7
96308,6
96309,3
96310,7
96311,7
96312,6
96313,4
96314,5
96315,6
96316,7
96317,5
96318,4
96319,6
96320,6
96321,6
96322,4
96323,6
96324,5
96325,6
96326,2
96327,2
96328,4
96329,4
96330,3
96331,5
96332,6
96333,7
96334,5
96335,6
96336,2
96337,4
96338,5
96339,6
96340,7
96341,4
96342,5
96343,4
96344,3
96345,4
96346,6
96347,4
96348,5
96349,5
96350,5
96351,6
96352,6
96353,5
96354,5
96355,1
96356,4
96357,4
96358,5
96359,4
96360,4
96361,5
96362,4
96363,5
96364,7
96365,4
96366,5
96367,5
96368,4
96369,6
96370,7
96371,5
96372,7
96373,2
96374,7
96375,5
96376,7
96377,6
96378,7
96379,6
96380,3
96381,4
96382,6
96383,6
96384,4
96385,5
96386,4
96387,5
96388,5
96389,4
96390,5
96391,3
96392,7
96393,6
96394,2
96395,4
96396,5
96397,5
96398,6
96399,5
96400,5
96401,5
96402,4
96403,5
96404,5
96405,7
96406,7
96407,4
96408,4
96409,6
96410,2
96411,4
96412,5
96413,7
96414,4
96415,7
96416,5
96417,4
96418,6
96419,6
96420,2
96421,3
96422,5
96423,5
96424,3
96425,2
96426,5
96427,6
96428,5
96429,7
96430,3
96431,6
96432,2
96433,3
96434,4
96435,4
96436,4
96437,5
96438,5
96439,6
96440,3
96441,5
96442,4
96443,6
96444,4
96445,2
96446,6
96447,7
96448,4
96449,4
96450,3
96451,5
96452,4
96453,7
96454,7
96455,5
96456,4
96457,7
96458,3
96459,4
96460,3
96461,5
96462,4
96463,6
96464,5
96465,3
96466,3
96467,5
96468,5
96469,5
96470,3
96471,5
96472,4
96473,6
96474,5
96475,7
96476,5
96477,5
96478,4
96479,2
96480,7
96481,3
96482,4
96483,4
96484,6
96485,5
96486,4
96487,4
96488,2
96489,3
96490,4
96491,6
96492,4
96493,6
96494,5
96495,6
96496,5
96497,4
96498,5
96499,5
96500,5
96501,6
96502,5
96503,4
96504,4
96505,4
96506,7
96507,4
96508,5
96509,7
96510,6
96511,6
96512,5
96513,7
96514,5
96515,7
96516,6
96517,4
96518,3
96519,5
96520,5
96521,4
96522,5
96523,7
96524,4
96525,5
96526,3
96527,3
96528,5
96529,7
96530,6
96531,4
96532,5
96533,6
96534,7
96535,5
96536,4
96537,5
96538,4
96539,2
96540,6
96541,4
96542,6
96543,6
96544,1
96545,5
96546,7
96547,4
96548,3
96549,2
96550,5
96551,5
96552,4
96553,5
96554,4
96555,5
96556,6
96557,7
96558,7
96559,4
96560,3
96561,7
96562,5
96563,1
96564,4
96565,4
96566,3
96567,1
96568,7
96569,5
96570,7
96571,7
96572,4
96573,7
96574,6
96575,4
96576,7
96577,5
96578,6
96579,7
96580,7
96581,3
96582,5
96583,3
96584,7
96585,7
96586,7
96587,7
96588,5
96589,5
96590,5
96591,4
96592,5
96593,7
96594,4
96595,6
96596,6
96597,6
96598,6
96599,6
96600,7
96601,4
96602,6
96603,5
96604,1
96605,6
96606,2
96607,5
96608,5
96609,6
96610,4
96611,6
96612,4
96613,5
96614,7
96615,4
96616,6
96617,3
96618,6
96619,5
96620,6
96621,4
96622,5
96623,6
96624,5
96625,4
96626,6
96627,6
96628,5
96629,4
96630,7
96631,4
96632,5
96633,5
96634,6
96635,7
96636,4
96637,7
96638,5
96639,6
96640,6
96641,5
96642,1
96643,3
96644,7
96645,5
96646,6
96647,6
96648,2
96649,4
96650,6
96651,4
96652,4
96653,2
96654,4
96655,4
96656,5
96657,5
96658,4
96659,5
96660,6
96661,5
96662,5
96663,5
96664,5
96665,5
96666,5
96667,5
96668,4
96669,2
96670,7
96671,4
96672,4
96673,5
96674,6
96675,3
96676,1
96677,4
96678,3
96679,4
96680,7
96681,7
96682,7
96683,5
96684,3
96685,5
96686,6
96687,5
96688,6
96689,7
96690,5
96691,4
96692,5
96693,6
96694,5
96695,4
96696,6
96697,5
96698,3
96699,7
96700,5
96701,7
96702,7
96703,5
96704,7
96705,6
96706,1
96707,7
96708,6
96709,5
96710,5
96711,4
96712,6
96713,4
96714,5
96715,7
96716,5
96717,6
96718,5
96719,5
96720,7
96721,3
96722,5
96723,5
96724,7
96725,5
96726,5
96727,7
96728,7
96729,6
96730,5
96731,4
96732,7
96733,5
96734,3
96735,7
96736,7
96737,5
96738,4
96739,7
96740,4
96741,5
96742,6
96743,3
96744,4
96745,6
96746,7
96747,5
96748,5
96749,7
96750,5
96751,7
96752,5
96753,3
96754,7
96755,6
96756,5
96757,6
96758,2
96759,6
96760,6
96761,7
96762,5
96763,2
96764,4
96765,4
96766,5
96767,4
96768,2
96769,5
96770,4
96771,2
96772,7
96773,7
96774,7
96775,7
96776,6
96777,4
96778,5
96779,3
96780,6
96781,4
96782,4
96783,3
96784,7
96785,7
96786,6
96787,2
96788,5
96789,4
96790,5
96791,4
96792,6
96793,5
96794,4
96795,4
96796,6
96797,5
96798,6
96799,4
96800,6
96801,5
96802,5
96803,6
96804,2
96805,5
96806,5
96807,6
96808,6
96809,7
96810,3
96811,5
96812,4
96813,5
96814,1
96815,5
96816,2
96817,5
96818,4
96819,4
96820,6
96821,6
96822,6
96823,3
96824,7
96825,4
96826,7
96827,4
96828,5
96829,6
96830,6
96831,7
96832,4
96833,6
96834,3
96835,3
96836,2
96837,5
96838,4
96839,4
96840,7
96841,4
96842,5
96843,6
96844,4
96845,6
96846,4
96847,7
96848,3
96849,5
96850,5
96851,3
96852,3
96853,5
96854,7
96855,3
96856,4
96857,2
96858,5
96859,4
96860,4
96861,5
96862,5
96863,2
96864,7
96865,4
96866,6
96867,2
96868,3
96869,7
96870,7
96871,5
96872,5
96873,6
96874,7
96875,4
96876,6
96877,5
96878,5
96879,4
96880,2
96881,5
96882,5
96883,7
96884,2
96885,5
96886,6
96887,5
96888,7
96889,4
96890,1
96891,2
96892,5
96893,5
96894,5
96895,4
96896,6
96897,2
96898,5
96899,7
96900,3
96901,5
96902,6
96903,5
96904,7
96905,5
96906,6
96907,6
96908,4
96909,7
96910,4
96911,4
96912,6
96913,6
96914,5
96915,4
96916,7
96917,4
96918,7
96919,4
96920,5
96921,7
96922,7
96923,7
96924,5
96925,4
96926,6
96927,4
96928,5
96929,2
96930,7
96931,3
96932,5
96933,4
96934,2
96935,7
96936,2
96937,2
96938,3
96939,5
96940,7
96941,6
96942,3
96943,5
96944,7
96945,4
96946,4
96947,5
96948,7
96949,7
96950,4
96951,5
96952,5
96953,4
96954,5
96955,4
96956,5
96957,4
96958,4
96959,5
96960,6
96961,5
96962,3
96963,6
96964,5
96965,6
96966,5
96967,4
96968,5
96969,4
96970,6
96971,4
96972,4
96973,6
96974,5
96975,6
96976,6
96977,4
96978,7
96979,3
96980,6
96981,6
96982,6
96983,4
96984,4
96985,5
96986,6
96987,4
96988,3
96989,5
96990,6
96991,5
96992,4
96993,7
96994,4
96995,2
96996,4
96997,6
96998,4
96999,5
97000,2
97001,6
97002,4
97003,6
97004,6
97005,5
97006,5
97007,4
97008,5
97009,5
97010,4
97011,6
97012,4
97013,4
97014,4
97015,4
97016,4
97017,4
97018,5
97019,4
97020,6
97021,7
97022,6
97023,6
97024,7
97025,4
97026,4
97027,6
97028,5
97029,4
97030,2
97031,5
97032,6
97033,7
97034,1
97035,4
97036,6
97037,6
97038,3
97039,5
97040,5
97041,4
97042,7
97043,6
97044,4
97045,7
97046,5
97047,2
97048,6
97049,4
97050,6
97051,6
97052,7
97053,5
97054,1
97055,6
97056,2
97057,6
97058,4
97059,5
97060,6
97061,5
97062,5
97063,6
97064,5
97065,4
97066,7
97067,5
97068,4
97069,4
97070,6
97071,4
97072,5
97073,7
97074,5
97075,2
97076,4
97077,6
97078,7
97079,5
97080,4
97081,5
97082,6
97083,4
97084,5
97085,6
97086,3
97087,6
97088,7
97089,4
97090,6
97091,5
97092,5
97093,6
97094,3
97095,3
97096,6
97097,6
97098,7
97099,7
97100,5
97101,6
97102,5
97103,4
97104,7
97105,6
97106,6
97107,6
97108,5
97109,5
97110,4
97111,6
97112,4
97113,5
97114,6
97115,5
97116,7
97117,6
97118,5
97119,5
97120,5
97121,6
97122,1
97123,6
97124,4
97125,5
97126,4
97127,3
97128,2
97129,6
97130,4
97131,4
97132,5
97133,7
97134,5
97135,5
97136,7
97137,6
97138,6
97139,4
97140,7
97141,7
97142,3
97143,5
97144,4
97145,6
97146,6
97147,6
97148,5
97149,4
97150,4
97151,5
97152,6
97153,4
97154,5
97155,4
97156,4
97157,6
97158,7
97159,3
97160,6
97161,2
97162,4
97163,4
97164,5
97165,6
97166,6
97167,3
97168,2
97169,5
97170,7
97171,7
97172,5
97173,7
97174,4
97175,6
97176,5
97177,5
97178,3
97179,3
97180,7
97181,6
97182,4
97183,5
97184,4
97185,5
97186,7
97187,7
97188,4
97189,5
97190,4
97191,6
97192,4
97193,6
97194,6
97195,6
97196,2
97197,7
97198,6
97199,5
97200,4
97201,5
97202,5
97203,4
97204,5
97205,2
97206,7
97207,5
97208,6
97209,4
97210,5
97211,5
97212,7
97213,2
97214,7
97215,7
97216,5
97217,6
97218,4
97219,5
97220,2
97221,6
97222,6
97223,7
97224,6
97225,5
97226,3
97227,2
97228,4
97229,5
97230,5
97231,5
97232,5
97233,5
97234,7
97235,3
97236,2
97237,3
97238,5
97239,4
97240,2
97241,4
97242,5
97243,5
97244,5
97245,5
97246,4
97247,5
97248,6
97249,3
97250,4
97251,3
97252,7
97253,3
97254,5
97255,4
97256,5
97257,5
97258,6
97259,2
97260,1
97261,5
97262,6
97263,7
97264,5
97265,7
97266,5
97267,7
97268,4
97269,4
97270,6
97271,6
97272,6
97273,2
97274,5
97275,6
97276,3
97277,1
97278,6
97279,3
97280,2
97281,7
97282,7
97283,6
97284,4
97285,4
97286,6
97287,4
97288,3
97289,4
97290,7
97291,4
97292,3
97293,7
97294,5
97295,5
97296,2
97297,2
97298,5
97299,7
97300,7
97301,5
97302,5
97303,6
97304,6
97305,6
97306,5
97307,4
97308,5
97309,7
97310,5
97311,7
97312,5
97313,5
97314,6
97315,5
97316,5
97317,4
97318,6
97319,3
97320,7
97321,6
97322,4
97323,6
97324,1
97325,5
97326,4
97327,4
97328,4
97329,4
97330,4
97331,3
97332,3
97333,2
97334,3
97335,6
97336,6
97337,4
97338,5
97339,6
97340,3
97341,6
97342,3
97343,5
97344,7
97345,3
97346,5
97347,3
97348,4
97349,4
97350,5
97351,6
97352,5
97353,4
97354,5
97355,5
97356,6
97357,5
97358,2
97359,6
97360,6
97361,6
97362,4
97363,4
97364,5
97365,4
97366,5
97367,1
97368,5
97369,7
97370,4
97371,5
97372,4
97373,4
97374,7
97375,5
97376,5
97377,7
97378,5
97379,7
97380,5
97381,5
97382,5
97383,3
97384,7
97385,6
97386,5
97387,4
97388,3
97389,5
97390,6
97391,3
97392,5
97393,6
97394,4
97395,4
97396,7
97397,5
97398,6
97399,6
97400,2
97401,2
97402,7
97403,7
97404,4
97405,5
97406,5
97407,2
97408,4
97409,5
97410,7
97411,6
97412,6
97413,3
97414,4
97415,5
97416,5
97417,2
97418,6
97419,5
97420,6
97421,2
97422,4
97423,5
97424,5
97425,5
97426,5
97427,4
97428,6
97429,3
97430,6
97431,4
97432,5
97433,2
97434,5
97435,6
97436,2
97437,7
97438,4
97439,6
97440,7
97441,5
97442,6
97443,4
97444,4
97445,4
97446,6
97447,2
97448,7
97449,2
97450,5
97451,5
97452,7
97453,4
97454,5
97455,5
97456,4
97457,7
97458,5
97459,5
97460,3
97461,3
97462,3
97463,5
97464,6
97465,6
97466,5
97467,3
97468,5
97469,5
97470,7
97471,1
97472,5
97473,5
97474,7
97475,4
97476,7
97477,3
97478,5
97479,5
97480,3
97481,2
97482,6
97483,5
97484,6
97485,3
97486,3
97487,5
97488,2
97489,6
97490,5
97491,3
97492,3
97493,4
97494,5
97495,4
97496,4
97497,6
97498,6
97499,4
97500,6
97501,6
97502,5
97503,4
97504,4
97505,6
97506,4
97507,5
97508,6
97509,5
97510,5
97511,6
97512,3
97513,4
97514,5
97515,5
97516,6
97517,4
97518,4
97519,4
97520,6
97521,4
97522,5
97523,6
97524,7
97525,7
97526,3
97527,5
97528,5
97529,5
97530,4
97531,7
97532,5
97533,6
97534,6
97535,7
97536,5
97537,5
97538,4
97539,4
97540,6
97541,3
97542,6
97543,3
97544,4
97545,7
97546,5
97547,5
97548,5
97549,5
97550,2
97551,4
97552,6
97553,6
97554,5
97555,5
97556,2
97557,4
97558,7
97559,6
97560,6
97561,4
97562,5
97563,5
97564,6
97565,6
97566,5
97567,5
97568,5
97569,5
97570,4
97571,5
97572,6
97573,7
97574,7
97575,3
97576,6
97577,3
97578,6
97579,5
97580,5
97581,4
97582,6
97583,5
97584,6
97585,6
97586,6
97587,7
97588,7
97589,5
97590,2
97591,3
97592,4
97593,7
97594,6
97595,4
97596,4
97597,3
97598,4
97599,5
97600,5
97601,6
97602,4
97603,5
97604,4
97605,6
97606,4
97607,3
97608,5
97609,3
97610,7
97611,6
97612,7
97613,6
97614,2
97615,6
97616,5
97617,4
97618,5
97619,4
97620,5
97621,3
97622,5
97623,5
97624,6
97625,6
97626,5
97627,5
97628,5
97629,5
97630,3
97631,6
97632,5
97633,3
97634,6
97635,5
97636,5
97637,6
97638,4
97639,3
97640,2
97641,5
97642,6
97643,5
97644,5
97645,4
97646,5
97647,5
97648,6
97649,5
97650,7
97651,5
97652,6
97653,5
97654,6
97655,3
97656,7
97657,7
97658,5
97659,6
97660,6
97661,6
97662,6
97663,3
97664,3
97665,2
97666,4
97667,7
97668,6
97669,6
97670,6
97671,5
97672,5
97673,6
97674,2
97675,4
97676,4
97677,6
97678,3
97679,7
97680,6
97681,6
97682,6
97683,5
97684,7
97685,5
97686,3
97687,4
97688,2
97689,3
97690,7
97691,2
97692,6
97693,5
97694,4
97695,3
97696,6
97697,7
97698,5
97699,5
97700,5
97701,7
97702,6
97703,5
97704,5
97705,3
97706,4
97707,7
97708,4
97709,2
97710,3
97711,4
97712,3
97713,5
97714,4
97715,5
97716,5
97717,4
97718,5
97719,6
97720,2
97721,4
97722,6
97723,5
97724,5
97725,5
97726,2
97727,4
97728,4
97729,6
97730,3
97731,6
97732,7
97733,5
97734,5
97735,4
97736,4
97737,5
97738,4
97739,4
97740,7
97741,5
97742,5
97743,6
97744,4
97745,7
97746,3
97747,5
97748,5
97749,6
97750,3
97751,5
97752,7
97753,4
97754,5
97755,6
97756,5
97757,5
97758,3
97759,6
97760,6
97761,5
97762,1
97763,5
97764,5
97765,3
97766,7
97767,6
97768,6
97769,5
97770,6
97771,3
97772,5
97773,2
97774,4
97775,4
97776,7
97777,6
97778,5
97779,5
97780,3
97781,3
97782,5
97783,4
97784,3
97785,1
97786,6
97787,3
97788,5
97789,6
97790,6
97791,2
97792,6
97793,4
97794,5
97795,5
97796,5
97797,7
97798,5
97799,6
97800,4
97801,7
97802,5
97803,5
97804,5
97805,5
97806,7
97807,6
97808,7
97809,6
97810,4
97811,7
97812,5
97813,6
97814,7
97815,3
97816,7
97817,5
97818,7
97819,5
97820,4
97821,2
97822,5
97823,4
97824,4
97825,7
97826,7
97827,6
97828,5
97829,5
97830,6
97831,7
97832,2
97833,5
97834,4
97835,4
97836,7
97837,3
97838,4
97839,4
97840,4
97841,7
97842,5
97843,5
97844,5
97845,2
97846,5
97847,7
97848,5
97849,5
97850,5
97851,3
97852,4
97853,4
97854,7
97855,4
97856,7
97857,7
97858,4
97859,6
97860,5
97861,4
97862,6
97863,4
97864,5
97865,4
97866,5
97867,2
97868,5
97869,6
97870,5
97871,2
97872,2
97873,5
97874,2
97875,5
97876,6
97877,5
97878,4
97879,6
97880,3
97881,4
97882,5
97883,5
97884,3
97885,4
97886,3
97887,4
97888,4
97889,4
97890,4
97891,4
97892,5
97893,1
97894,6
97895,6
97896,7
97897,4
97898,4
97899,3
97900,5
97901,4
97902,2
97903,7
97904,4
97905,5
97906,5
97907,6
97908,2
97909,7
97910,2
97911,7
97912,5
97913,3
97914,7
97915,5
97916,4
97917,7
97918,4
97919,4
97920,5
97921,4
97922,2
97923,4
97924,6
97925,4
97926,7
97927,6
97928,4
97929,7
97930,7
97931,7
97932,5
97933,5
97934,2
97935,6
97936,7
97937,5
97938,7
97939,5
97940,3
97941,4
97942,7
97943,5
97944,2
97945,3
97946,3
97947,4
97948,5
97949,5
97950,5
97951,5
97952,6
97953,3
97954,6
97955,4
97956,5
97957,3
97958,6
97959,2
97960,5
97961,6
97962,5
97963,5
97964,4
97965,4
97966,5
97967,7
97968,4
97969,5
97970,2
97971,6
97972,4
97973,5
97974,5
97975,4
97976,4
97977,5
97978,5
97979,6
97980,5
97981,5
97982,5
97983,5
97984,6
97985,6
97986,5
97987,5
97988,4
97989,5
97990,7
97991,6
97992,5
97993,4
97994,6
97995,4
97996,3
97997,6
97998,2
97999,5
98000,4
98001,2
98002,4
98003,3
98004,5
98005,4
98006,6
98007,4
98008,6
98009,6
98010,4
98011,4
98012,6
98013,6
98014,4
98015,4
98016,6
98017,3
98018,3
98019,4
98020,4
98021,7
98022,5
98023,6
98024,6
98025,5
98026,2
98027,2
98028,7
98029,7
98030,6
98031,7
98032,2
98033,4
98034,4
98035,6
98036,3
98037,5
98038,5
98039,7
98040,3
98041,6
98042,4
98043,5
98044,5
98045,4
98046,7
98047,4
98048,3
98049,4
98050,7
98051,6
98052,5
98053,5
98054,6
98055,3
98056,6
98057,5
98058,5
98059,2
98060,7
98061,5
98062,4
98063,5
98064,7
98065,5
98066,4
98067,3
98068,5
98069,5
98070,5
98071,6
98072,6
98073,1
98074,5
98075,4
98076,2
98077,7
98078,5
98079,3
98080,7
98081,7
98082,5
98083,6
98084,4
98085,6
98086,5
98087,4
98088,4
98089,6
98090,5
98091,4
98092,3
98093,2
98094,6
98095,6
98096,5
98097,6
98098,4
98099,5
98100,5
98101,7
98102,5
98103,3
98104,5
98105,5
98106,5
98107,5
98108,1
98109,3
98110,7
98111,5
98112,7
98113,5
98114,4
98115,4
98116,6
98117,6
98118,4
98119,5
98120,4
98121,5
98122,5
98123,5
98124,7
98125,4
98126,6
98127,3
98128,6
98129,5
98130,6
98131,7
98132,3
98133,2
98134,6
98135,2
98136,6
98137,2
98138,6
98139,3
98140,5
98141,5
98142,5
98143,3
98144,7
98145,3
98146,5
98147,4
98148,4
98149,6
98150,5
98151,4
98152,2
98153,6
98154,6
98155,7
98156,4
98157,4
98158,6
98159,5
98160,6
98161,6
98162,5
98163,5
98164,4
98165,5
98166,5
98167,5
98168,7
98169,7
98170,5
98171,7
98172,6
98173,4
98174,3
98175,3
98176,5
98177,2
98178,3
98179,7
98180,5
98181,7
98182,6
98183,2
98184,5
98185,7
98186,6
98187,5
98188,6
98189,5
98190,5
98191,5
98192,5
98193,5
98194,6
98195,4
98196,3
98197,7
98198,7
98199,6
98200,3
98201,4
98202,5
98203,2
98204,5
98205,4
98206,6
98207,6
98208,6
98209,7
98210,4
98211,4
98212,6
98213,5
98214,6
98215,4
98216,7
98217,1
98218,5
98219,4
98220,2
98221,4
98222,6
98223,7
98224,5
98225,5
98226,2
98227,2
98228,3
98229,5
98230,4
98231,5
98232,5
98233,5
98234,4
98235,2
98236,3
98237,2
98238,4
98239,6
98240,5
98241,4
98242,6
98243,5
98244,4
98245,3
98246,5
98247,6
98248,6
98249,6
98250,4
98251,2
98252,7
98253,5
98254,2
98255,6
98256,6
98257,4
98258,3
98259,5
98260,6
98261,5
98262,5
98263,7
98264,7
98265,5
98266,3
98267,1
98268,4
98269,7
98270,1
98271,5
98272,6
98273,4
98274,6
98275,5
98276,7
98277,4
98278,6
98279,3
98280,5
98281,6
98282,4
98283,4
98284,4
98285,5
98286,5
98287,5
98288,7
98289,4
98290,6
98291,5
98292,5
98293,5
98294,5
98295,4
98296,6
98297,7
98298,6
98299,5
98300,5
98301,4
98302,5
98303,7
98304,7
98305,5
98306,4
98307,6
98308,6
98309,6
98310,6
98311,5
98312,3
98313,5
98314,3
98315,3
98316,5
98317,4
98318,5
98319,5
98320,4
98321,6
98322,4
98323,6
98324,7
98325,6
98326,5
98327,5
98328,4
98329,5
98330,6
98331,7
98332,6
98333,5
98334,4
98335,5
98336,7
98337,6
98338,2
98339,5
98340,5
98341,3
98342,5
98343,4
98344,4
98345,5
98346,5
98347,4
98348,6
98349,5
98350,4
98351,3
98352,5
98353,5
98354,4
98355,5
98356,5
98357,7
98358,7
98359,3
98360,4
98361,5
98362,2
98363,6
98364,6
98365,4
98366,5
98367,6
98368,5
98369,3
98370,7
98371,5
98372,6
98373,6
98374,4
98375,7
98376,5
98377,6
98378,5
98379,6
98380,7
98381,5
98382,5
98383,7
98384,3
98385,3
98386,5
98387,3
98388,5
98389,5
98390,3
98391,6
98392,6
98393,3
98394,5
98395,6
98396,4
98397,3
98398,3
98399,5
98400,6
98401,3
98402,4
98403,6
98404,6
98405,3
98406,5
98407,4
98408,6
98409,1
98410,7
98411,4
98412,5
98413,5
98414,6
98415,6
98416,6
98417,6
98418,6
98419,4
98420,6
98421,6
98422,7
98423,2
98424,5
98425,6
98426,6
98427,6
98428,3
98429,3
98430,4
98431,4
98432,5
98433,5
98434,4
98435,7
98436,3
98437,7
98438,7
98439,3
98440,6
98441,5
98442,4
98443,7
98444,6
98445,5
98446,3
98447,4
98448,5
98449,6
98450,2
98451,3
98452,4
98453,5
98454,5
98455,2
98456,4
98457,5
98458,6
98459,4
98460,7
98461,4
98462,3
98463,5
98464,3
98465,7
98466,3
98467,4
98468,4
98469,5
98470,5
98471,4
98472,7
98473,5
98474,5
98475,5
98476,6
98477,4
98478,3
98479,6
98480,6
98481,1
98482,2
98483,4
98484,6
98485,5
98486,3
98487,3
98488,5
98489,7
98490,5
98491,2
98492,6
98493,5
98494,4
98495,7
98496,2
98497,5
98498,7
98499,5
98500,6
98501,5
98502,5
98503,6
98504,6
98505,2
98506,6
98507,6
98508,4
98509,4
98510,7
98511,7
98512,5
98513,7
98514,6
98515,7
98516,2
98517,2
98518,6
98519,7
98520,5
98521,5
98522,6
98523,7
98524,2
98525,4
98526,5
98527,4
98528,5
98529,5
98530,7
98531,2
98532,6
98533,5
98534,6
98535,6
98536,2
98537,1
98538,6
98539,5
98540,4
98541,4
98542,5
98543,6
98544,3
98545,5
98546,4
98547,5
98548,5
98549,7
98550,6
98551,5
98552,4
98553,4
98554,3
98555,3
98556,5
98557,5
98558,7
98559,3
98560,5
98561,5
98562,6
98563,5
98564,2
98565,5
98566,3
98567,2
98568,5
98569,6
98570,6
98571,6
98572,7
98573,5
98574,3
98575,6
98576,3
98577,6
98578,6
98579,4
98580,3
98581,4
98582,5
98583,7
98584,7
98585,6
98586,7
98587,3
98588,7
98589,4
98590,5
98591,2
98592,3
98593,5
98594,5
98595,6
98596,5
98597,7
98598,5
98599,6
98600,3
98601,6
98602,5
98603,5
98604,4
98605,5
98606,6
98607,5
98608,6
98609,6
98610,5
98611,5
98612,7
98613,6
98614,5
98615,6
98616,3
98617,7
98618,5
98619,7
98620,7
98621,5
98622,3
98623,1
98624,4
98625,4
98626,6
98627,5
98628,5
98629,4
98630,4
98631,6
98632,4
98633,4
98634,5
98635,2
98636,6
98637,4
98638,7
98639,4
98640,3
98641,4
98642,7
98643,4
98644,7
98645,7
98646,7
98647,4
98648,5
98649,5
98650,5
98651,7
98652,4
98653,5
98654,4
98655,6
98656,6
98657,2
98658,6
98659,6
98660,4
98661,5
98662,4
98663,2
98664,5
98665,4
98666,2
98667,6
98668,7
98669,5
98670,4
98671,5
98672,6
98673,6
98674,4
98675,5
98676,4
98677,3
98678,7
98679,3
98680,7
98681,5
98682,4
98683,6
98684,7
98685,4
98686,6
98687,4
98688,2
98689,5
98690,5
98691,7
98692,5
98693,3
98694,3
98695,6
98696,5
98697,6
98698,4
98699,4
98700,5
98701,6
98702,4
98703,6
98704,5
98705,6
98706,4
98707,6
98708,5
98709,7
98710,6
98711,5
98712,5
98713,6
98714,6
98715,5
98716,5
98717,4
98718,3
98719,1
98720,5
98721,6
98722,4
98723,7
98724,5
98725,6
98726,5
98727,6
98728,7
98729,5
98730,5
98731,4
98732,4
98733,5
98734,4
98735,4
98736,2
98737,4
98738,5
98739,3
98740,5
98741,7
98742,7
98743,3
98744,5
98745,6
98746,5
98747,5
98748,5
98749,1
98750,4
98751,6
98752,3
98753,5
98754,4
98755,7
98756,3
98757,3
98758,5
98759,3
98760,4
98761,5
98762,3
98763,7
98764,5
98765,6
98766,3
98767,3
98768,7
98769,6
98770,4
98771,6
98772,6
98773,5
98774,4
98775,6
98776,3
98777,7
98778,6
98779,4
98780,5
98781,4
98782,6
98783,5
98784,4
98785,3
98786,4
98787,5
98788,4
98789,1
98790,3
98791,4
98792,2
98793,5
98794,6
98795,5
98796,6
98797,5
98798,1
98799,4
98800,5
98801,2
98802,4
98803,6
98804,3
98805,7
98806,5
98807,5
98808,7
98809,5
98810,6
98811,4
98812,4
98813,4
98814,4
98815,7
98816,5
98817,5
98818,4
98819,4
98820,6
98821,6
98822,2
98823,2
98824,4
98825,7
98826,4
98827,7
98828,3
98829,5
98830,6
98831,5
98832,5
98833,6
98834,5
98835,4
98836,6
98837,6
98838,5
98839,7
98840,5
98841,6
98842,4
98843,5
98844,5
98845,7
98846,5
98847,4
98848,5
98849,4
98850,5
98851,7
98852,5
98853,5
98854,6
98855,4
98856,6
98857,3
98858,7
98859,5
98860,7
98861,6
98862,5
98863,6
98864,7
98865,6
98866,5
98867,6
98868,5
98869,5
98870,6
98871,6
98872,6
98873,3
98874,5
98875,5
98876,6
98877,7
98878,5
98879,3
98880,4
98881,1
98882,6
98883,5
98884,5
98885,7
98886,5
98887,4
98888,5
98889,6
98890,5
98891,5
98892,6
98893,5
98894,5
98895,6
98896,6
98897,2
98898,7
98899,6
98900,6
98901,4
98902,4
98903,4
98904,3
98905,5
98906,7
98907,5
98908,7
98909,5
98910,6
98911,5
98912,5
98913,5
98914,4
98915,6
98916,5
98917,4
98918,4
98919,6
98920,6
98921,5
98922,5
98923,4
98924,5
98925,4
98926,6
98927,3
98928,4
98929,5
98930,4
98931,1
98932,5
98933,6
98934,4
98935,6
98936,3
98937,6
98938,7
98939,3
98940,4
98941,5
98942,5
98943,2
98944,6
98945,4
98946,6
98947,3
98948,5
98949,6
98950,4
98951,7
98952,6
98953,4
98954,6
98955,6
98956,5
98957,5
98958,5
98959,4
98960,3
98961,5
98962,7
98963,5
98964,4
98965,3
98966,6
98967,7
98968,3
98969,3
98970,4
98971,4
98972,6
98973,4
98974,5
98975,4
98976,6
98977,6
98978,2
98979,4
98980,4
98981,5
98982,2
98983,6
98984,4
98985,6
98986,6
98987,4
98988,2
98989,3
98990,5
98991,5
98992,5
98993,7
98994,6
98995,5
98996,5
98997,6
98998,4
98999,4
99000,6
99001,6
99002,6
99003,4
99004,7
99005,7
99006,6
99007,6
99008,4
99009,6
99010,7
99011,4
99012,4
99013,3
99014,7
99015,5
99016,3
99017,4
99018,2
99019,7
99020,3
99021,4
99022,3
99023,5
99024,3
99025,6
99026,7
99027,4
99028,6
99029,6
99030,6
99031,5
99032,4
99033,6
99034,6
99035,6
99036,7
99037,5
99038,5
99039,2
99040,4
99041,6
99042,2
99043,3
99044,7
99045,4
99046,4
99047,7
99048,1
99049,6
99050,7
99051,6
99052,7
99053,4
99054,5
99055,5
99056,5
99057,5
99058,5
99059,5
99060,2
99061,4
99062,3
99063,7
99064,4
99065,3
99066,3
99067,4
99068,6
99069,5
99070,4
99071,3
99072,6
99073,2
99074,6
99075,7
99076,5
99077,4
99078,5
99079,3
99080,1
99081,6
99082,5
99083,1
99084,5
99085,5
99086,5
99087,2
99088,4
99089,3
99090,5
99091,5
99092,7
99093,5
99094,4
99095,6
99096,5
99097,6
99098,6
99099,4
99100,5
99101,5
99102,5
99103,5
99104,5
99105,4
99106,4
99107,6
99108,5
99109,7
99110,4
99111,6
99112,6
99113,6
99114,7
99115,6
99116,6
99117,5
99118,5
99119,6
99120,4
99121,4
99122,4
99123,5
99124,4
99125,5
99126,2
99127,2
99128,4
99129,4
99130,4
99131,4
99132,6
99133,4
99134,6
99135,4
99136,6
99137,7
99138,5
99139,5
99140,3
99141,2
99142,3
99143,7
99144,4
99145,4
99146,6
99147,4
99148,7
99149,4
99150,6
99151,7
99152,4
99153,4
99154,4
99155,6
99156,6
99157,7
99158,3
99159,7
99160,3
99161,6
99162,5
99163,5
99164,3
99165,6
99166,3
99167,4
99168,3
99169,6
99170,5
99171,5
99172,6
99173,3
99174,5
99175,4
99176,4
99177,6
99178,2
99179,6
99180,5
99181,6
99182,3
99183,5
99184,4
99185,5
99186,2
99187,7
99188,6
99189,7
99190,6
99191,5
99192,7
99193,5
99194,7
99195,7
99196,6
99197,6
99198,4
99199,6
99200,7
99201,6
99202,3
99203,3
99204,4
99205,2
99206,6
99207,7
99208,7
99209,6
99210,5
99211,5
99212,7
99213,5
99214,4
99215,6
99216,5
99217,4
99218,5
99219,3
99220,7
99221,6
99222,5
99223,3
99224,5
99225,7
99226,5
99227,7
99228,5
99229,4
99230,4
99231,7
99232,7
99233,4
99234,4
99235,3
99236,7
99237,6
99238,3
99239,5
99240,5
99241,5
99242,4
99243,6
99244,5
99245,3
99246,3
99247,2
99248,3
99249,4
99250,5
99251,5
99252,6
99253,5
99254,4
99255,5
99256,6
99257,5
99258,6
99259,4
99260,5
99261,7
99262,6
99263,5
99264,5
99265,5
99266,3
99267,5
99268,6
99269,3
99270,6
99271,4
99272,7
99273,5
99274,4
99275,5
99276,7
99277,4
99278,5
99279,6
99280,6
99281,4
99282,3
99283,1
99284,7
99285,5
99286,4
99287,6
99288,5
99289,5
99290,6
99291,4
99292,7
99293,7
99294,6
99295,5
99296,4
99297,5
99298,6
99299,2
99300,3
99301,6
99302,7
99303,5
99304,5
99305,1
99306,6
99307,7
99308,4
99309,5
99310,7
99311,5
99312,6
99313,3
99314,6
99315,6
99316,4
99317,5
99318,4
99319,4
99320,7
99321,3
99322,6
99323,5
99324,6
99325,7
99326,3
99327,4
99328,5
99329,5
99330,5
99331,6
99332,4
99333,6
99334,4
99335,6
99336,4
99337,6
99338,5
99339,3
99340,3
99341,6
99342,4
99343,4
99344,5
99345,6
99346,1
99347,6
99348,5
99349,7
99350,4
99351,4
99352,5
99353,7
99354,6
99355,4
99356,6
99357,5
99358,5
99359,5
99360,5
99361,6
99362,2
99363,7
99364,6
99365,3
99366,6
99367,6
99368,5
99369,6
99370,3
99371,3
99372,5
99373,4
99374,5
99375,6
99376,5
99377,5
99378,2
99379,4
99380,5
99381,5
99382,2
99383,4
99384,5
99385,5
99386,4
99387,7
99388,5
99389,4
99390,3
99391,5
99392,5
99393,4
99394,5
99395,6
99396,3
99397,7
99398,7
99399,4
99400,6
99401,7
99402,6
99403,5
99404,4
99405,6
99406,4
99407,4
99408,5
99409,4
99410,5
99411,7
99412,4
99413,6
99414,5
99415,5
99416,6
99417,5
99418,5
99419,2
99420,5
99421,3
99422,4
99423,4
99424,6
99425,4
99426,3
99427,3
99428,5
99429,4
99430,5
99431,2
99432,3
99433,7
99434,2
99435,3
99436,5
99437,3
99438,7
99439,5
99440,6
99441,4
99442,5
99443,3
99444,5
99445,6
99446,4
99447,4
99448,4
99449,5
99450,3
99451,4
99452,4
99453,4
99454,5
99455,4
99456,5
99457,5
99458,6
99459,7
99460,6
99461,3
99462,5
99463,5
99464,5
99465,7
99466,2
99467,2
99468,3
99469,6
99470,4
99471,7
99472,5
99473,2
99474,5
99475,5
99476,5
99477,4
99478,5
99479,6
99480,5
99481,4
99482,7
99483,3
99484,5
99485,2
99486,3
99487,4
99488,3
99489,4
99490,4
99491,4
99492,4
99493,6
99494,3
99495,7
99496,4
99497,7
99498,5
99499,3
99500,3
99501,6
99502,6
99503,7
99504,4
99505,3
99506,4
99507,5
99508,6
99509,4
99510,3
99511,3
99512,3
99513,5
99514,4
99515,6
99516,3
99517,6
99518,4
99519,5
99520,3
99521,2
99522,6
99523,5
99524,5
99525,3
99526,4
99527,6
99528,6
99529,4
99530,5
99531,7
99532,5
99533,5
99534,3
99535,7
99536,4
99537,3
99538,5
99539,6
99540,5
99541,6
99542,7
99543,6
99544,5
99545,6
99546,5
99547,6
99548,2
99549,6
99550,6
99551,5
99552,5
99553,4
99554,6
99555,5
99556,5
99557,7
99558,7
99559,5
99560,4
99561,7
99562,4
99563,5
99564,7
99565,5
99566,5
99567,7
99568,4
99569,5
99570,6
99571,6
99572,5
99573,3
99574,4
99575,3
99576,6
99577,4
99578,5
99579,6
99580,6
99581,3
99582,4
99583,5
99584,3
99585,2
99586,4
99587,5
99588,4
99589,2
99590,4
99591,6
99592,5
99593,5
99594,2
99595,3
99596,3
99597,4
99598,7
99599,4
99600,4
99601,6
99602,6
99603,7
99604,5
99605,7
99606,4
99607,2
99608,6
99609,4
99610,4
99611,1
99612,6
99613,4
99614,6
99615,5
99616,5
99617,4
99618,5
99619,1
99620,7
99621,1
99622,6
99623,5
99624,4
99625,5
99626,5
99627,6
99628,6
99629,3
99630,5
99631,3
99632,2
99633,4
99634,5
99635,4
99636,7
99637,5
99638,5
99639,6
99640,6
99641,7
99642,6
99643,7
99644,4
99645,5
99646,5
99647,5
99648,6
99649,7
99650,5
99651,4
99652,7
99653,7
99654,6
99655,3
99656,2
99657,5
99658,3
99659,3
99660,5
99661,6
99662,4
99663,4
99664,4
99665,3
99666,7
99667,5
99668,7
99669,4
99670,5
99671,4
99672,4
99673,3
99674,7
99675,5
99676,4
99677,6
99678,5
99679,2
99680,4
99681,7
99682,5
99683,5
99684,5
99685,4
99686,6
99687,5
99688,6
99689,5
99690,7
99691,6
99692,3
99693,5
99694,5
99695,5
99696,7
99697,6
99698,4
99699,4
99700,6
99701,5
99702,1
99703,3
99704,7
99705,6
99706,6
99707,5
99708,5
99709,2
99710,5
99711,3
99712,2
99713,2
99714,6
99715,7
99716,6
99717,5
99718,5
99719,5
99720,4
99721,5
99722,4
99723,4
99724,6
99725,5
99726,2
99727,5
99728,6
99729,5
99730,5
99731,4
99732,7
99733,5
99734,5
99735,7
99736,4
99737,3
99738,4
99739,7
99740,6
99741,4
99742,3
99743,2
99744,7
99745,2
99746,7
99747,5
99748,6
99749,6
99750,6
99751,3
99752,5
99753,6
99754,5
99755,5
99756,6
99757,5
99758,6
99759,5
99760,7
99761,4
99762,4
99763,7
99764,4
99765,4
99766,7
99767,6
99768,2
99769,7
99770,4
99771,4
99772,6
99773,6
99774,1
99775,6
99776,6
99777,3
99778,6
99779,5
99780,7
99781,3
99782,5
99783,7
99784,5
99785,5
99786,4
99787,6
99788,4
99789,5
99790,4
99791,7
99792,6
99793,5
99794,4
99795,4
99796,6
99797,5
99798,5
99799,6
99800,6
99801,5
99802,6
99803,7
99804,5
99805,5
99806,3
99807,6
99808,6
99809,4
99810,6
99811,4
99812,6
99813,7
99814,5
99815,4
99816,7
99817,3
99818,2
99819,3
99820,2
99821,4
99822,5
99823,6
99824,2
99825,4
99826,6
99827,5
99828,7
99829,7
99830,6
99831,4
99832,4
99833,5
99834,4
99835,3
99836,5
99837,5
99838,3
99839,6
99840,5
99841,5
99842,2
99843,7
99844,4
99845,4
99846,3
99847,4
99848,3
99849,5
99850,4
99851,6
99852,6
99853,7
99854,2
99855,4
99856,2
99857,3
99858,4
99859,4
99860,6
99861,4
99862,4
99863,5
99864,5
99865,1
99866,6
99867,5
99868,5
99869,4
99870,6
99871,6
99872,6
99873,5
99874,4
99875,5
99876,1
99877,4
99878,7
99879,3
99880,3
99881,3
99882,5
99883,7
99884,4
99885,5
99886,4
99887,6
99888,4
99889,5
99890,7
99891,4
99892,5
99893,7
99894,5
99895,6
99896,5
99897,6
99898,5
99899,5
99900,3
99901,4
99902,5
99903,5
99904,3
99905,5
99906,6
99907,6
99908,4
99909,4
99910,3
99911,4
99912,5
99913,3
99914,6
99915,6
99916,7
99917,6
99918,6
99919,4
99920,6
99921,5
99922,6
99923,6
99924,5
99925,5
99926,7
99927,2
99928,6
99929,4
99930,4
99931,4
99932,2
99933,4
99934,6
99935,5
99936,7
99937,4
99938,4
99939,2
99940,7
99941,4
99942,5
99943,7
99944,5
99945,5
99946,7
99947,5
99948,6
99949,6
99950,6
99951,5
99952,4
99953,4
99954,6
99955,7
99956,5
99957,4
99958,7
99959,2
99960,4
99961,7
99962,6
99963,5
99964,1
99965,2
99966,6
99967,4
99968,7
99969,6
99970,5
99971,5
99972,6
99973,5
99974,2
99975,5
99976,3
99977,5
99978,4
99979,6
99980,3
99981,5
99982,3
99983,6
99984,5
99985,6
99986,6
99987,6
99988,4
99989,3
99990,5
99991,5
99992,5
99993,5
99994,4
99995,6
99996,4
99997,6
99998,4
99999,7
100000,1
100001,3
100002,5
100003,5
100004,6
100005,6
100006,4
100007,4
100008,5
100009,5
100010,4
100011,3
100012,7
100013,6
100014,3
100015,5
100016,4
100017,4
100018,5
100019,4
100020,3
100021,4
100022,5
100023,4
100024,4
100025,5
100026,5
100027,6
100028,5
100029,6
100030,5
100031,5
100032,7
100033,3
100034,7
100035,5
100036,5
100037,5
100038,7
100039,3
100040,5
100041,7
100042,7
100043,7
100044,5
100045,2
100046,6
100047,7
100048,4
100049,4
100050,4
100051,5
100052,6
100053,2
100054,6
100055,1
100056,7
100057,3
100058,7
100059,4
100060,4
100061,6
100062,7
100063,6
100064,6
100065,5
100066,5
100067,4
100068,6
100069,6
100070,4
100071,3
100072,5
100073,4
100074,6
100075,5
100076,5
100077,4
100078,3
100079,7
100080,7
100081,3
100082,1
100083,7
100084,6
100085,2
100086,5
100087,7
100088,4
100089,6
100090,5
100091,5
100092,7
100093,2
100094,6
100095,7
100096,4
100097,7
100098,4
100099,6
100100,4
100101,2
100102,3
100103,6
100104,6
100105,3
100106,4
100107,5
100108,1
100109,6
100110,4
100111,5
100112,5
100113,2
100114,6
100115,6
100116,6
100117,6
100118,2
100119,5
100120,6
100121,6
100122,4
100123,5
100124,5
100125,6
100126,6
100127,6
100128,7
100129,4
100130,4
100131,7
100132,7
100133,4
100134,4
100135,5
100136,6
100137,5
100138,6
100139,6
100140,3
100141,6
100142,7
100143,7
100144,7
100145,6
100146,4
100147,5
100148,4
100149,4
100150,4
100151,4
100152,5
100153,3
100154,4
100155,3
100156,4
100157,6
100158,5
100159,5
100160,7
100161,5
100162,7
100163,6
100164,3
100165,6
100166,6
100167,5
100168,6
100169,6
100170,4
100171,4
100172,5
100173,6
100174,4
100175,4
100176,7
100177,6
100178,7
100179,5
100180,5
100181,7
100182,6
100183,5
100184,6
100185,4
100186,5
100187,3
100188,5
100189,5
100190,3
100191,3
100192,5
100193,3
100194,5
100195,3
100196,5
100197,4
100198,5
100199,5
100200,6
100201,5
100202,4
100203,6
100204,6
100205,5
100206,3
100207,4
100208,7
100209,6
100210,3
100211,6
100212,5
100213,1
100214,5
100215,5
100216,5
100217,5
100218,5
100219,3
100220,3
100221,7
100222,4
100223,6
100224,6
100225,3
100226,5
100227,4
100228,5
100229,5
100230,4
100231,3
100232,4
100233,3
100234,5
100235,5
100236,5
100237,4
100238,5
100239,6
100240,5
100241,3
100242,6
100243,4
100244,2
100245,4
100246,6
100247,6
100248,3
100249,7
100250,6
100251,6
100252,6
100253,4
100254,4
100255,6
100256,4
100257,4
100258,5
100259,6
100260,5
100261,7
100262,3
100263,6
100264,5
100265,3
100266,3
100267,4
100268,1
100269,5
100270,3
100271,5
100272,4
100273,4
100274,4
100275,5
100276,6
100277,5
100278,5
100279,5
100280,4
100281,4
100282,6
100283,6
100284,6
100285,5
100286,6
100287,5
100288,5
100289,6
100290,4
100291,5
100292,4
100293,5
100294,6
100295,7
100296,5
100297,2
100298,7
100299,2
100300,6
100301,5
100302,4
100303,5
100304,5
100305,4
100306,7
100307,6
100308,4
100309,5
100310,3
100311,4
100312,6
100313,3
100314,4
100315,4
100316,4
100317,5
100318,6
100319,5
100320,4
100321,5
100322,5
100323,6
100324,6
100325,7
100326,7
100327,5
100328,6
100329,2
100330,3
100331,7
100332,7
100333,6
100334,5
100335,3
100336,4
100337,4
100338,4
100339,6
100340,5
100341,7
100342,7
100343,1
100344,5
100345,3
100346,5
100347,3
100348,5
100349,6
100350,6
100351,6
100352,7
100353,4
100354,5
100355,4
100356,6
100357,6
100358,3
100359,5
100360,3
100361,4
100362,5
100363,4
100364,5
100365,6
100366,6
100367,5
100368,4
100369,4
100370,3
100371,5
100372,6
100373,6
100374,3
100375,2
100376,3
100377,5
100378,6
100379,4
100380,5
100381,5
100382,5
100383,4
100384,6
100385,7
100386,6
100387,7
100388,6
100389,5
100390,6
100391,4
100392,5
100393,3
100394,5
100395,7
100396,7
100397,6
100398,3
100399,7
100400,5
100401,6
100402,6
100403,5
100404,4
100405,1
100406,1
100407,4
100408,7
100409,4
100410,6
100411,5
100412,6
100413,7
100414,6
100415,5
100416,5
100417,7
100418,6
100419,5
100420,4
100421,4
100422,5
100423,6
100424,3
100425,4
100426,6
100427,7
100428,6
100429,4
100430,6
100431,4
100432,3
100433,4
100434,4
100435,3
100436,5
100437,5
100438,4
100439,2
100440,2
100441,3
100442,5
100443,7
100444,4
100445,5
100446,7
100447,4
100448,4
100449,5
100450,6
100451,5
100452,4
100453,4
100454,7
100455,5
100456,6
100457,6
100458,4
100459,5
100460,5
100461,3
100462,4
100463,5
100464,5
100465,4
100466,7
100467,5
100468,2
100469,7
100470,6
100471,4
100472,5
100473,6
100474,5
100475,7
100476,4
100477,6
100478,6
100479,5
100480,5
100481,5
100482,6
100483,5
100484,4
100485,5
100486,2
100487,5
100488,6
100489,5
100490,4
100491,4
100492,4
100493,6
100494,7
100495,6
100496,4
100497,4
100498,5
100499,4
100500,4
100501,7
100502,6
100503,5
100504,7
100505,4
100506,5
100507,5
100508,5
100509,4
100510,3
100511,4
100512,5
100513,5
100514,5
100515,5
100516,4
100517,7
100518,7
100519,7
100520,6
100521,4
100522,4
100523,3
100524,5
100525,3
100526,4
100527,7
100528,5
100529,6
100530,6
100531,6
100532,6
100533,3
100534,6
100535,5
100536,5
100537,4
100538,2
100539,7
100540,6
100541,6
100542,1
100543,4
100544,7
100545,6
100546,5
100547,4
100548,4
100549,7
100550,7
100551,5
100552,2
100553,5
100554,7
100555,5
100556,6
100557,4
100558,2
100559,2
100560,5
100561,6
100562,4
100563,5
100564,7
100565,5
100566,6
100567,3
100568,6
100569,7
100570,6
100571,2
100572,7
100573,7
100574,5
100575,6
100576,5
100577,6
100578,6
100579,5
100580,5
100581,3
100582,4
100583,4
100584,4
100585,3
100586,6
100587,5
100588,5
100589,7
100590,7
100591,5
100592,4
100593,5
100594,2
100595,2
100596,6
100597,5
100598,5
100599,3
100600,5
100601,6
100602,3
100603,3
100604,3
100605,4
100606,6
100607,1
100608,5
100609,5
100610,7
100611,2
100612,5
100613,5
100614,3
100615,6
100616,7
100617,7
100618,4
100619,6
100620,5
100621,5
100622,4
100623,3
100624,4
100625,7
100626,3
100627,4
100628,6
100629,5
100630,7
100631,5
100632,7
100633,7
100634,5
100635,4
100636,4
100637,4
100638,4
100639,4
100640,5
100641,4
100642,5
100643,7
100644,4
100645,2
100646,6
100647,4
100648,2
100649,4
100650,6
100651,6
100652,6
100653,5
100654,7
100655,6
100656,5
100657,7
100658,5
100659,6
100660,7
100661,6
100662,7
100663,4
100664,3
100665,7
100666,5
100667,4
100668,7
100669,5
100670,4
100671,5
100672,1
100673,5
100674,5
100675,4
100676,5
100677,6
100678,5
100679,4
100680,5
100681,7
100682,5
100683,7
100684,5
100685,5
100686,6
100687,2
100688,2
100689,6
100690,3
100691,4
100692,5
100693,2
100694,5
100695,5
100696,7
100697,6
100698,6
100699,5
100700,5
100701,3
100702,7
100703,6
100704,5
100705,4
100706,4
100707,4
100708,4
100709,6
100710,7
100711,5
100712,5
100713,7
100714,1
100715,2
100716,6
100717,6
100718,6
100719,4
100720,5
100721,5
100722,6
100723,5
100724,3
100725,5
100726,4
100727,6
100728,3
100729,5
100730,5
100731,7
100732,5
100733,5
100734,2
100735,4
100736,5
100737,5
100738,7
100739,7
100740,4
100741,5
100742,4
100743,5
100744,7
100745,7
100746,5
100747,6
100748,4
100749,4
100750,6
100751,7
100752,5
100753,5
100754,5
100755,4
100756,7
100757,2
100758,6
100759,4
100760,3
100761,7
100762,5
100763,4
100764,6
100765,6
100766,6
100767,3
100768,5
100769,6
100770,5
100771,2
100772,7
100773,5
100774,5
100775,4
100776,5
100777,2
100778,4
100779,4
100780,3
100781,6
100782,5
100783,5
100784,2
100785,5
100786,6
100787,4
100788,5
100789,6
100790,7
100791,4
100792,4
100793,5
100794,7
100795,5
100796,5
100797,5
100798,5
100799,6
100800,5
100801,2
100802,4
100803,3
100804,6
100805,5
100806,5
100807,6
100808,5
100809,6
100810,4
100811,4
100812,6
100813,6
100814,4
100815,7
100816,6
100817,3
100818,3
100819,7
100820,3
100821,5
100822,7
100823,6
100824,6
100825,5
100826,7
100827,7
100828,2
100829,3
100830,6
100831,4
100832,4
100833,5
100834,4
100835,4
100836,1
100837,5
100838,5
100839,5
100840,4
100841,5
100842,5
100843,4
100844,7
100845,3
100846,6
100847,7
100848,3
100849,5
100850,5
100851,6
100852,3
100853,3
100854,5
100855,4
100856,4
100857,3
100858,5
100859,6
100860,6
100861,6
100862,5
100863,5
100864,6
100865,6
100866,6
100867,7
100868,5
100869,2
100870,4
100871,4
100872,6
100873,4
100874,7
100875,5
100876,5
100877,5
100878,7
100879,6
100880,4
100881,4
100882,4
100883,4
100884,7
100885,5
100886,6
100887,5
100888,5
100889,5
100890,7
100891,6
100892,2
100893,6
100894,4
100895,4
100896,5
100897,6
100898,4
100899,5
100900,6
100901,6
100902,5
100903,5
100904,6
100905,4
100906,5
100907,6
100908,5
100909,4
100910,5
100911,3
100912,7
100913,6
100914,5
100915,4
100916,7
100917,5
100918,4
100919,4
100920,5
100921,7
100922,4
100923,7
100924,5
100925,6
100926,7
100927,4
100928,6
100929,3
100930,6
100931,7
100932,7
100933,7
100934,4
100935,6
100936,5
100937,5
100938,6
100939,5
100940,6
100941,7
100942,3
100943,6
100944,5
100945,1
100946,7
100947,7
100948,4
100949,6
100950,5
100951,5
100952,4
100953,7
100954,2
100955,7
100956,3
100957,5
100958,6
100959,5
100960,6
100961,5
100962,4
100963,6
100964,6
100965,5
100966,5
100967,7
100968,3
100969,4
100970,3
100971,4
100972,7
100973,7
100974,5
100975,3
100976,6
100977,3
100978,2
100979,5
100980,2
100981,5
100982,1
100983,6
100984,7
100985,7
100986,2
100987,5
100988,7
100989,2
100990,4
100991,4
100992,5
100993,7
100994,6
100995,7
100996,4
100997,6
100998,6
100999,5
101000,3
101001,5
101002,3
101003,4
101004,5
101005,7
101006,2
101007,6
101008,5
101009,7
101010,4
101011,3
101012,5
101013,7
101014,7
101015,7
101016,7
101017,5
101018,5
101019,5
101020,7
101021,6
101022,3
101023,1
101024,2
101025,7
101026,5
101027,4
101028,6
101029,2
101030,4
101031,4
101032,7
101033,6
101034,5
101035,3
101036,1
101037,3
101038,6
101039,5
101040,7
101041,5
101042,4
101043,5
101044,6
101045,6
101046,6
101047,4
101048,2
101049,6
101050,7
101051,6
101052,5
101053,6
101054,5
101055,6
101056,2
101057,2
101058,2
101059,4
101060,6
101061,7
101062,5
101063,3
101064,3
101065,7
101066,6
101067,7
101068,7
101069,3
101070,2
101071,7
101072,3
101073,7
101074,7
101075,5
101076,4
101077,6
101078,1
101079,5
101080,5
101081,5
101082,6
101083,7
101084,5
101085,3
101086,4
101087,4
101088,7
101089,5
101090,7
101091,7
101092,7
101093,6
101094,5
101095,6
101096,5
101097,5
101098,5
101099,5
101100,5
101101,4
101102,5
101103,5
101104,6
101105,3
101106,6
101107,5
101108,7
101109,6
101110,5
101111,5
101112,4
101113,7
101114,6
101115,5
101116,5
101117,6
101118,4
101119,5
101120,4
101121,5
101122,1
101123,4
101124,1
101125,7
101126,7
101127,6
101128,1
101129,4
101130,7
101131,5
101132,4
101133,4
101134,7
101135,7
101136,6
101137,7
101138,6
101139,7
101140,4
101141,4
101142,3
101143,5
101144,5
101145,4
101146,5
101147,5
101148,7
101149,6
101150,6
101151,4
101152,5
101153,5
101154,2
101155,5
101156,4
101157,3
101158,5
101159,4
101160,3
101161,6
101162,5
101163,4
101164,6
101165,3
101166,4
101167,5
101168,5
101169,6
101170,5
101171,3
101172,6
101173,3
101174,5
101175,5
101176,5
101177,4
101178,1
101179,4
101180,3
101181,6
101182,4
101183,4
101184,7
101185,5
101186,5
101187,6
101188,4
101189,5
101190,5
101191,6
101192,7
101193,6
101194,3
101195,5
101196,5
101197,6
101198,7
101199,3
101200,6
101201,5
101202,3
101203,3
101204,4
101205,2
101206,2
101207,4
101208,5
101209,5
101210,3
101211,7
101212,1
101213,6
101214,7
101215,5
101216,7
101217,5
101218,5
101219,4
101220,4
101221,5
101222,1
101223,6
101224,6
101225,4
101226,3
101227,7
101228,6
101229,7
101230,5
101231,7
101232,7
101233,6
101234,1
101235,5
101236,6
101237,4
101238,4
101239,1
101240,5
101241,6
101242,5
101243,4
101244,5
101245,3
101246,2
101247,4
101248,5
101249,3
101250,6
101251,5
101252,3
101253,3
101254,4
101255,4
101256,4
101257,5
101258,5
101259,5
101260,5
101261,4
101262,5
101263,4
101264,4
101265,4
101266,5
101267,5
101268,2
101269,3
101270,6
101271,5
101272,6
101273,3
101274,4
101275,4
101276,6
101277,6
101278,6
101279,4
101280,6
101281,5
101282,3
101283,5
101284,6
101285,4
101286,6
101287,7
101288,5
101289,5
101290,4
101291,3
101292,4
101293,5
101294,7
101295,5
101296,5
101297,7
101298,6
101299,2
101300,6
101301,6
101302,3
101303,5
101304,5
101305,4
101306,4
101307,5
101308,7
101309,6
101310,6
101311,4
101312,4
101313,5
101314,5
101315,4
101316,6
101317,2
101318,5
101319,3
101320,1
101321,6
101322,5
101323,7
101324,6
101325,4
101326,6
101327,4
101328,2
101329,4
101330,6
101331,6
101332,2
101333,5
101334,5
101335,5
101336,5
101337,5
101338,5
101339,5
101340,4
101341,5
101342,4
101343,4
101344,4
101345,5
101346,5
101347,3
101348,5
101349,5
101350,3
101351,5
101352,2
101353,4
101354,2
101355,4
101356,5
101357,1
101358,7
101359,2
101360,6
101361,6
101362,6
101363,5
101364,5
101365,4
101366,5
101367,5
101368,7
101369,5
101370,6
101371,7
101372,5
101373,7
101374,6
101375,5
101376,5
101377,3
101378,5
101379,5
101380,5
101381,4
101382,5
101383,2
101384,6
101385,5
101386,2
101387,5
101388,6
101389,5
101390,4
101391,5
101392,2
101393,5
101394,4
101395,6
101396,2
101397,3
101398,6
101399,4
101400,2
101401,5
101402,4
101403,4
101404,6
101405,7
101406,5
101407,6
101408,2
101409,4
101410,5
101411,7
101412,5
101413,7
101414,7
101415,5
101416,4
101417,5
101418,7
101419,6
101420,6
101421,4
101422,4
101423,6
101424,4
101425,5
101426,7
101427,5
101428,6
101429,4
101430,5
101431,2
101432,5
101433,1
101434,3
101435,7
101436,4
101437,7
101438,6
101439,6
101440,6
101441,2
101442,6
101443,6
101444,5
101445,7
101446,7
101447,5
101448,5
101449,5
101450,5
101451,5
101452,6
101453,4
101454,5
101455,5
101456,4
101457,7
101458,5
101459,5
101460,4
101461,4
101462,6
101463,5
101464,7
101465,2
101466,4
101467,6
101468,6
101469,4
101470,5
101471,4
101472,7
101473,6
101474,7
101475,4
101476,3
101477,2
101478,4
101479,6
101480,5
101481,4
101482,6
101483,5
101484,3
101485,5
101486,4
101487,6
101488,5
101489,5
101490,5
101491,7
101492,6
101493,4
101494,7
101495,5
101496,6
101497,5
101498,6
101499,5
101500,5
101501,4
101502,6
101503,5
101504,5
101505,3
101506,5
101507,4
101508,5
101509,5
101510,5
101511,4
101512,3
101513,4
101514,4
101515,1
101516,5
101517,5
101518,2
101519,6
101520,6
101521,6
101522,5
101523,2
101524,7
101525,7
101526,4
101527,4
101528,6
101529,5
101530,6
101531,4
101532,5
101533,5
101534,3
101535,5
101536,7
101537,5
101538,7
101539,6
101540,4
101541,5
101542,6
101543,6
101544,5
101545,4
101546,5
101547,3
101548,7
101549,7
101550,1
101551,4
101552,7
101553,7
101554,5
101555,7
101556,4
101557,7
101558,5
101559,5
101560,3
101561,7
101562,4
101563,6
101564,5
101565,3
101566,6
101567,5
101568,4
101569,5
101570,5
101571,5
101572,6
101573,5
101574,3
101575,4
101576,5
101577,5
101578,5
101579,2
101580,5
101581,4
101582,4
101583,5
101584,6
101585,5
101586,4
101587,4
101588,6
101589,6
101590,5
101591,2
101592,5
101593,5
101594,6
101595,4
101596,7
101597,5
101598,5
101599,6
101600,6
101601,3
101602,5
101603,7
101604,3
101605,4
101606,6
101607,5
101608,6
101609,5
101610,6
101611,5
101612,6
101613,4
101614,5
101615,3
101616,1
101617,5
101618,6
101619,3
101620,5
101621,5
101622,6
101623,5
101624,5
101625,7
101626,3
101627,3
101628,6
101629,4
101630,5
101631,7
101632,5
101633,6
101634,7
101635,6
101636,4
101637,4
101638,6
101639,5
101640,4
101641,3
101642,4
101643,3
101644,6
101645,6
101646,6
101647,5
101648,5
101649,6
101650,3
101651,2
101652,5
101653,6
101654,5
101655,5
101656,6
101657,6
101658,3
101659,2
101660,3
101661,4
101662,5
101663,5
101664,6
101665,5
101666,2
101667,5
101668,4
101669,5
101670,4
101671,6
101672,7
101673,5
101674,6
101675,6
101676,2
101677,6
101678,2
101679,5
101680,5
101681,5
101682,7
101683,6
101684,4
101685,5
101686,5
101687,5
101688,4
101689,4
101690,6
101691,7
101692,7
101693,4
101694,4
101695,7
101696,6
101697,7
101698,5
101699,4
101700,7
101701,6
101702,5
101703,6
101704,6
101705,3
101706,4
101707,4
101708,4
101709,5
101710,3
101711,5
101712,4
101713,6
101714,7
101715,4
101716,4
101717,6
101718,4
101719,3
101720,7
101721,6
101722,1
101723,5
101724,7
101725,5
101726,7
101727,7
101728,4
101729,2
101730,1
101731,3
101732,5
101733,5
101734,4
101735,6
101736,7
101737,5
101738,3
101739,5
101740,4
101741,3
101742,5
101743,4
101744,1
101745,6
101746,3
101747,4
101748,4
101749,5
101750,6
101751,5
101752,4
101753,4
101754,5
101755,2
101756,6
101757,4
101758,7
101759,5
101760,6
101761,5
101762,4
101763,7
101764,5
101765,5
101766,6
101767,5
101768,4
101769,4
101770,6
101771,6
101772,3
101773,6
101774,4
101775,3
101776,3
101777,7
101778,6
101779,3
101780,2
101781,3
101782,5
101783,6
101784,3
101785,5
101786,4
101787,7
101788,5
101789,4
101790,4
101791,6
101792,3
101793,3
101794,4
101795,6
101796,1
101797,3
101798,5
101799,6
101800,5
101801,7
101802,6
101803,4
101804,6
101805,4
101806,5
101807,7
101808,5
101809,5
101810,5
101811,3
101812,2
101813,5
101814,6
101815,4
101816,6
101817,5
101818,7
101819,5
101820,3
101821,4
101822,4
101823,4
101824,5
101825,7
101826,2
101827,6
101828,6
101829,5
101830,4
101831,1
101832,7
101833,7
101834,3
101835,5
101836,5
101837,5
101838,5
101839,6
101840,5
101841,5
101842,4
101843,5
101844,5
101845,5
101846,5
101847,5
101848,5
101849,3
101850,5
101851,5
101852,3
101853,2
101854,6
101855,6
101856,6
101857,1
101858,4
101859,4
101860,4
101861,4
101862,5
101863,2
101864,5
101865,5
101866,5
101867,6
101868,3
101869,3
101870,5
101871,5
101872,2
101873,5
101874,5
101875,4
101876,5
101877,4
101878,4
101879,7
101880,4
101881,7
101882,5
101883,4
101884,5
101885,6
101886,1
101887,2
101888,6
101889,4
101890,5
101891,5
101892,3
101893,7
101894,6
101895,4
101896,7
101897,6
101898,4
101899,5
101900,5
101901,3
101902,5
101903,4
101904,6
101905,7
101906,4
101907,5
101908,7
101909,5
101910,6
101911,4
101912,2
101913,6
101914,5
101915,3
101916,7
101917,4
101918,5
101919,6
101920,6
101921,1
101922,5
101923,4
101924,6
101925,7
101926,5
101927,2
101928,5
101929,7
101930,7
101931,6
101932,2
101933,6
101934,7
101935,6
101936,5
101937,4
101938,7
101939,1
101940,5
101941,4
101942,5
101943,3
101944,3
101945,6
101946,7
101947,4
101948,5
101949,7
101950,5
101951,6
101952,3
101953,7
101954,5
101955,6
101956,7
101957,3
101958,5
101959,3
101960,5
101961,4
101962,5
101963,3
101964,6
101965,5
101966,4
101967,7
101968,4
101969,6
101970,4
101971,5
101972,2
101973,5
101974,5
101975,4
101976,2
101977,7
101978,4
101979,4
101980,5
101981,6
101982,6
101983,4
101984,2
101985,5
101986,4
101987,7
101988,5
101989,7
101990,5
101991,6
101992,5
101993,5
101994,6
101995,6
101996,3
101997,2
101998,5
101999,7
102000,4
102001,3
102002,6
102003,4
102004,4
102005,5
102006,7
102007,5
102008,5
102009,6
102010,6
102011,6
102012,5
102013,7
102014,5
102015,5
102016,3
102017,7
102018,5
102019,2
102020,7
102021,7
102022,6
102023,3
102024,5
102025,2
102026,4
102027,7
102028,4
102029,5
102030,6
102031,5
102032,5
102033,5
102034,4
102035,5
102036,6
102037,7
102038,5
102039,2
102040,3
102041,2
102042,6
102043,5
102044,5
102045,6
102046,3
102047,7
102048,6
102049,5
102050,5
102051,6
102052,2
102053,1
102054,4
102055,3
102056,6
102057,7
102058,5
102059,4
102060,6
102061,7
102062,5
102063,6
102064,5
102065,5
102066,4
102067,7
102068,6
102069,6
102070,4
102071,7
102072,5
102073,6
102074,4
102075,5
102076,6
102077,6
102078,6
102079,4
102080,7
102081,5
102082,5
102083,5
102084,3
102085,5
102086,7
102087,5
102088,6
102089,6
102090,4
102091,5
102092,6
102093,4
102094,6
102095,6
102096,6
102097,5
102098,5
102099,4
102100,6
102101,7
102102,5
102103,5
102104,5
102105,6
102106,4
102107,5
102108,5
102109,6
102110,5
102111,4
102112,4
102113,5
102114,4
102115,7
102116,4
102117,7
102118,7
102119,4
102120,5
102121,3
102122,4
102123,7
102124,4
102125,2
102126,7
102127,6
102128,6
102129,3
102130,6
102131,5
102132,5
102133,3
102134,3
102135,6
102136,3
102137,6
102138,4
102139,4
102140,5
102141,5
102142,7
102143,6
102144,5
102145,4
102146,6
102147,4
102148,6
102149,6
102150,4
102151,3
102152,3
102153,3
102154,5
102155,5
102156,5
102157,6
102158,6
102159,3
102160,6
102161,3
102162,5
102163,1
102164,6
102165,5
102166,4
102167,4
102168,6
102169,7
102170,4
102171,2
102172,7
102173,4
102174,6
102175,4
102176,6
102177,5
102178,4
102179,7
102180,5
102181,4
102182,5
102183,5
102184,5
102185,7
102186,2
102187,2
102188,4
102189,3
102190,5
102191,1
102192,5
102193,5
102194,7
102195,4
102196,6
102197,6
102198,6
102199,5
102200,5
102201,4
102202,4
102203,2
102204,5
102205,6
102206,4
102207,6
102208,5
102209,5
102210,2
102211,7
102212,5
102213,4
102214,5
102215,5
102216,5
102217,4
102218,5
102219,6
102220,7
102221,7
102222,2
102223,6
102224,3
102225,6
102226,6
102227,7
102228,3
102229,5
102230,2
102231,5
102232,6
102233,5
102234,5
102235,6
102236,7
102237,7
102238,5
102239,6
102240,6
102241,3
102242,6
102243,6
102244,7
102245,5
102246,4
102247,4
102248,5
102249,5
102250,5
102251,5
102252,3
102253,5
102254,5
102255,6
102256,7
102257,2
102258,2
102259,6
102260,5
102261,2
102262,7
102263,3
102264,4
102265,4
102266,3
102267,6
102268,5
102269,5
102270,4
102271,5
102272,6
102273,6
102274,5
102275,5
102276,6
102277,7
102278,1
102279,5
102280,2
102281,4
102282,4
102283,6
102284,5
102285,5
102286,5
102287,5
102288,4
102289,5
102290,5
102291,6
102292,3
102293,2
102294,3
102295,4
102296,1
102297,5
102298,1
102299,4
102300,5
102301,4
102302,3
102303,5
102304,4
102305,2
102306,4
102307,7
102308,5
102309,5
102310,5
102311,7
102312,6
102313,5
102314,4
102315,7
102316,5
102317,4
102318,7
102319,5
102320,6
102321,7
102322,6
102323,4
102324,5
102325,6
102326,4
102327,3
102328,5
102329,7
102330,1
102331,7
102332,5
102333,5
102334,4
102335,5
102336,7
102337,5
102338,1
102339,4
102340,5
102341,5
102342,6
102343,6
102344,4
102345,4
102346,7
102347,5
102348,2
102349,7
102350,3
102351,5
102352,4
102353,4
102354,6
102355,5
102356,6
102357,4
102358,5
102359,3
102360,6
102361,3
102362,2
102363,5
102364,1
102365,7
102366,5
102367,6
102368,5
102369,6
102370,6
102371,7
102372,7
102373,2
102374,7
102375,7
102376,4
102377,6
102378,5
102379,4
102380,4
102381,6
102382,7
102383,5
102384,4
102385,2
102386,5
102387,7
102388,7
102389,6
102390,5
102391,5
102392,7
102393,5
102394,5
102395,5
102396,3
102397,5
102398,3
102399,6
102400,6
102401,5
102402,6
102403,4
102404,5
102405,5
102406,5
102407,7
102408,5
102409,7
102410,6
102411,5
102412,5
102413,4
102414,4
102415,4
102416,7
102417,6
102418,7
102419,7
102420,3
102421,4
102422,6
102423,5
102424,5
102425,5
102426,5
102427,3
102428,5
102429,1
102430,6
102431,3
102432,2
102433,5
102434,7
102435,4
102436,5
102437,4
102438,4
102439,7
102440,5
102441,4
102442,5
102443,6
102444,7
102445,6
102446,4
102447,4
102448,2
102449,4
102450,6
102451,4
102452,7
102453,6
102454,3
102455,4
102456,5
102457,5
102458,6
102459,4
102460,5
102461,5
102462,4
102463,3
102464,4
102465,4
102466,6
102467,5
102468,5
102469,5
102470,7
102471,4
102472,5
102473,5
102474,5
102475,3
102476,6
102477,5
102478,4
102479,6
102480,6
102481,5
102482,6
102483,4
102484,2
102485,7
102486,5
102487,4
102488,6
102489,6
102490,6
102491,7
102492,3
102493,5
102494,6
102495,7
102496,6
102497,6
102498,7
102499,6
102500,5
102501,5
102502,4
102503,7
102504,5
102505,3
102506,6
102507,4
102508,5
102509,2
102510,5
102511,2
102512,5
102513,6
102514,5
102515,4
102516,6
102517,6
102518,5
102519,6
102520,4
102521,6
102522,3
102523,6
102524,5
102525,7
102526,4
102527,4
102528,6
102529,5
102530,6
102531,5
102532,4
102533,4
102534,4
102535,3
102536,5
102537,5
102538,3
102539,5
102540,2
102541,4
102542,4
102543,4
102544,4
102545,5
102546,5
102547,7
102548,6
102549,4
102550,3
102551,1
102552,5
102553,7
102554,5
102555,5
102556,7
102557,6
102558,4
102559,5
102560,4
102561,5
102562,5
102563,6
102564,5
102565,7
102566,3
102567,5
102568,7
102569,5
102570,5
102571,5
102572,4
102573,5
102574,7
102575,5
102576,5
102577,3
102578,5
102579,5
102580,4
102581,3
102582,5
102583,4
102584,5
102585,5
102586,3
102587,6
102588,6
102589,5
102590,6
102591,5
102592,5
102593,6
102594,3
102595,6
102596,4
102597,5
102598,6
102599,5
102600,2
102601,5
102602,5
102603,4
102604,3
102605,6
102606,6
102607,5
102608,5
102609,5
102610,4
102611,6
102612,7
102613,4
102614,3
102615,6
102616,6
102617,3
102618,5
102619,5
102620,5
102621,5
102622,6
102623,5
102624,6
102625,2
102626,5
102627,3
102628,5
102629,5
102630,6
102631,6
102632,2
102633,6
102634,3
102635,3
102636,5
102637,3
102638,7
102639,6
102640,5
102641,5
102642,7
102643,6
102644,2
102645,4
102646,4
102647,7
102648,2
102649,5
102650,6
102651,4
102652,4
102653,3
102654,4
102655,7
102656,4
102657,7
102658,1
102659,2
102660,6
102661,2
102662,6
102663,7
102664,2
102665,5
102666,4
102667,4
102668,6
102669,4
102670,5
102671,3
102672,3
102673,7
102674,6
102675,4
102676,6
102677,6
102678,1
102679,7
102680,5
102681,6
102682,4
102683,4
102684,4
102685,5
102686,5
102687,6
102688,1
102689,7
102690,5
102691,4
102692,7
102693,5
102694,3
102695,4
102696,5
102697,5
102698,5
102699,5
102700,5
102701,5
102702,7
102703,4
102704,4
102705,5
102706,6
102707,3
102708,3
102709,4
102710,5
102711,2
102712,6
102713,6
102714,4
102715,6
102716,5
102717,5
102718,4
102719,5
102720,5
102721,6
102722,5
102723,7
102724,5
102725,4
102726,3
102727,5
102728,7
102729,7
102730,7
102731,2
102732,3
102733,4
102734,7
102735,2
102736,6
102737,5
102738,6
102739,4
102740,5
102741,5
102742,6
102743,7
102744,5
102745,3
102746,5
102747,5
102748,5
102749,6
102750,4
102751,3
102752,5
102753,5
102754,1
102755,5
102756,2
102757,4
102758,7
102759,4
102760,7
102761,6
102762,5
102763,3
102764,3
102765,7
102766,5
102767,7
102768,5
102769,3
102770,3
102771,7
102772,6
102773,7
102774,6
102775,5
102776,4
102777,6
102778,6
102779,6
102780,4
102781,7
102782,5
102783,5
102784,4
102785,5
102786,4
102787,4
102788,4
102789,7
102790,5
102791,6
102792,5
102793,2
102794,7
102795,5
102796,7
102797,6
102798,4
102799,4
102800,3
102801,5
102802,2
102803,5
102804,4
102805,3
102806,3
102807,4
102808,5
102809,2
102810,3
102811,4
102812,4
102813,4
102814,5
102815,3
102816,4
102817,5
102818,4
102819,2
102820,5
102821,7
102822,5
102823,1
102824,5
102825,7
102826,4
102827,4
102828,6
102829,6
102830,5
102831,4
102832,1
102833,6
102834,6
102835,7
102836,4
102837,6
102838,5
102839,4
102840,6
102841,6
102842,5
102843,7
102844,6
102845,4
102846,5
102847,4
102848,5
102849,5
102850,6
102851,7
102852,4
102853,4
102854,5
102855,6
102856,7
102857,4
102858,6
102859,2
102860,4
102861,5
102862,3
102863,3
102864,3
102865,4
102866,5
102867,6
102868,3
102869,3
102870,6
102871,4
102872,6
102873,5
102874,7
102875,3
102876,5
102877,4
102878,4
102879,6
102880,5
102881,5
102882,4
102883,5
102884,4
102885,3
102886,1
102887,2
102888,4
102889,4
102890,5
102891,6
102892,5
102893,4
102894,5
102895,6
102896,2
102897,5
102898,6
102899,3
102900,3
102901,7
102902,5
102903,6
102904,3
102905,4
102906,5
102907,7
102908,6
102909,2
102910,6
102911,6
102912,5
102913,5
102914,6
102915,4
102916,6
102917,4
102918,2
102919,5
102920,7
102921,6
102922,4
102923,4
102924,5
102925,3
102926,4
102927,4
102928,7
102929,5
102930,4
102931,4
102932,6
102933,1
102934,6
102935,6
102936,4
102937,3
102938,5
102939,5
102940,5
102941,5
102942,4
102943,4
102944,2
102945,4
102946,6
102947,5
102948,7
102949,3
102950,7
102951,3
102952,4
102953,7
102954,3
102955,5
102956,5
102957,7
102958,5
102959,4
102960,2
102961,3
102962,3
102963,7
102964,4
102965,2
102966,3
102967,4
102968,6
102969,4
102970,5
102971,5
102972,6
102973,3
102974,7
102975,5
102976,5
102977,2
102978,5
102979,3
102980,5
102981,4
102982,6
102983,5
102984,5
102985,7
102986,7
102987,6
102988,7
102989,6
102990,3
102991,5
102992,7
102993,3
102994,7
102995,5
102996,4
102997,5
102998,3
102999,4
103000,5
103001,7
103002,4
103003,5
103004,5
103005,2
103006,5
103007,4
103008,5
103009,4
103010,3
103011,7
103012,6
103013,6
103014,5
103015,5
103016,3
103017,5
103018,5
103019,4
103020,3
103021,4
103022,3
103023,6
103024,6
103025,6
103026,5
103027,5
103028,6
103029,6
103030,5
103031,5
103032,6
103033,5
103034,5
103035,4
103036,4
103037,5
103038,6
103039,5
103040,5
103041,4
103042,6
103043,5
103044,5
103045,5
103046,5
103047,3
103048,7
103049,4
103050,6
103051,7
103052,5
103053,5
103054,6
103055,7
103056,3
103057,5
103058,5
103059,7
103060,7
103061,6
103062,3
103063,5
103064,7
103065,4
103066,6
103067,5
103068,2
103069,4
103070,4
103071,3
103072,5
103073,7
103074,4
103075,3
103076,5
103077,6
103078,6
103079,3
103080,7
103081,3
103082,6
103083,5
103084,5
103085,4
103086,6
103087,4
103088,6
103089,7
103090,4
103091,6
103092,5
103093,2
103094,2
103095,5
103096,5
103097,2
103098,4
103099,3
103100,4
103101,5
103102,5
103103,6
103104,7
103105,7
103106,4
103107,5
103108,6
103109,6
103110,5
103111,5
103112,7
103113,7
103114,5
103115,6
103116,4
103117,3
103118,5
103119,4
103120,5
103121,2
103122,6
103123,1
103124,3
103125,7
103126,7
103127,5
103128,1
103129,2
103130,4
103131,6
103132,6
103133,3
103134,6
103135,6
103136,1
103137,2
103138,5
103139,7
103140,4
103141,5
103142,6
103143,6
103144,7
103145,7
103146,4
103147,7
103148,6
103149,7
103150,5
103151,4
103152,6
103153,4
103154,5
103155,6
103156,5
103157,4
103158,6
103159,1
103160,7
103161,6
103162,4
103163,6
103164,6
103165,5
103166,3
103167,7
103168,2
103169,3
103170,5
103171,3
103172,6
103173,6
103174,6
103175,6
103176,4
103177,3
103178,6
103179,4
103180,7
103181,6
103182,6
103183,3
103184,3
103185,5
103186,4
103187,5
103188,4
103189,5
103190,3
103191,5
103192,5
103193,5
103194,4
103195,5
103196,5
103197,4
103198,6
103199,7
103200,5
103201,6
103202,3
103203,7
103204,7
103205,4
103206,6
103207,5
103208,1
103209,6
103210,6
103211,5
103212,6
103213,7
103214,5
103215,3
103216,3
103217,4
103218,3
103219,3
103220,6
103221,2
103222,3
103223,5
103224,5
103225,5
103226,3
103227,4
103228,5
103229,7
103230,6
103231,5
103232,6
103233,6
103234,7
103235,4
103236,7
103237,6
103238,6
103239,5
103240,5
103241,5
103242,7
103243,5
103244,6
103245,4
103246,5
103247,5
103248,6
103249,3
103250,2
103251,5
103252,1
103253,5
103254,4
103255,6
103256,5
103257,6
103258,3
103259,6
103260,4
103261,4
103262,4
103263,5
103264,5
103265,5
103266,5
103267,4
103268,4
103269,7
103270,5
103271,4
103272,6
103273,4
103274,5
103275,6
103276,3
103277,4
103278,6
103279,4
103280,7
103281,5
103282,4
103283,5
103284,5
103285,5
103286,6
103287,3
103288,7
103289,3
103290,5
103291,3
103292,5
103293,4
103294,2
103295,4
103296,4
103297,5
103298,6
103299,3
103300,4
103301,3
103302,7
103303,6
103304,4
103305,5
103306,4
103307,7
103308,7
103309,7
103310,4
103311,6
103312,6
103313,3
103314,5
103315,1
103316,7
103317,2
103318,2
103319,4
103320,5
103321,4
103322,5
103323,7
103324,2
103325,6
103326,5
103327,4
103328,7
103329,3
103330,5
103331,6
103332,3
103333,5
103334,4
103335,5
103336,6
103337,6
103338,6
103339,6
103340,2
103341,2
103342,6
103343,7
103344,6
103345,6
103346,6
103347,4
103348,1
103349,3
103350,5
103351,3
103352,3
103353,4
103354,5
103355,3
103356,3
103357,4
103358,5
103359,6
103360,3
103361,5
103362,4
103363,6
103364,5
103365,6
103366,6
103367,5
103368,5
103369,4
103370,6
103371,5
103372,4
103373,5
103374,6
103375,4
103376,6
103377,3
103378,7
103379,5
103380,7
103381,4
103382,5
103383,5
103384,3
103385,3
103386,6
103387,4
103388,6
103389,6
103390,7
103391,6
103392,7
103393,6
103394,7
103395,6
103396,4
103397,5
103398,4
103399,6
103400,3
103401,7
103402,3
103403,5
103404,3
103405,3
103406,1
103407,4
103408,7
103409,5
103410,5
103411,4
103412,7
103413,5
103414,7
103415,5
103416,5
103417,6
103418,7
103419,5
103420,6
103421,5
103422,4
103423,5
103424,3
103425,5
103426,6
103427,5
103428,3
103429,6
103430,7
103431,7
103432,3
103433,5
103434,7
103435,7
103436,4
103437,6
103438,7
103439,5
103440,6
103441,5
103442,7
103443,4
103444,5
103445,5
103446,6
103447,2
103448,5
103449,4
103450,3
103451,5
103452,6
103453,5
103454,1
103455,5
103456,4
103457,5
103458,5
103459,4
103460,4
103461,4
103462,5
103463,5
103464,7
103465,7
103466,6
103467,5
103468,4
103469,2
103470,7
103471,6
103472,5
103473,5
103474,4
103475,7
103476,6
103477,5
103478,6
103479,2
103480,5
103481,4
103482,2
103483,4
103484,6
103485,5
103486,5
103487,7
103488,5
103489,5
103490,3
103491,5
103492,6
103493,5
103494,5
103495,3
103496,7
103497,3
103498,5
103499,5
103500,5
103501,6
103502,7
103503,4
103504,6
103505,6
103506,5
103507,5
103508,6
103509,4
103510,4
103511,4
103512,5
103513,4
103514,2
103515,4
103516,4
103517,5
103518,4
103519,3
103520,4
103521,6
103522,7
103523,5
103524,7
103525,3
103526,7
103527,5
103528,5
103529,4
103530,5
103531,4
103532,6
103533,7
103534,5
103535,5
103536,3
103537,5
103538,5
103539,2
103540,1
103541,3
103542,5
103543,5
103544,1
103545,5
103546,4
103547,5
103548,7
103549,5
103550,6
103551,6
103552,6
103553,5
103554,4
103555,4
103556,7
103557,6
103558,5
103559,4
103560,6
103561,5
103562,5
103563,5
103564,4
103565,5
103566,5
103567,4
103568,7
103569,2
103570,5
103571,4
103572,5
103573,5
103574,4
103575,4
103576,7
103577,6
103578,5
103579,7
103580,6
103581,4
103582,5
103583,5
103584,7
103585,5
103586,4
103587,6
103588,5
103589,6
103590,6
103591,7
103592,6
103593,3
103594,5
103595,7
103596,5
103597,6
103598,4
103599,4
103600,3
103601,4
103602,7
103603,7
103604,4
103605,5
103606,5
103607,4
103608,6
103609,6
103610,4
103611,5
103612,2
103613,2
103614,7
103615,4
103616,6
103617,6
103618,5
103619,6
103620,5
103621,7
103622,5
103623,4
103624,5
103625,6
103626,3
103627,3
103628,2
103629,5
103630,5
103631,6
103632,4
103633,2
103634,5
103635,4
103636,6
103637,4
103638,4
103639,5
103640,7
103641,6
103642,7
103643,4
103644,5
103645,5
103646,5
103647,5
103648,5
103649,7
103650,6
103651,2
103652,5
103653,5
103654,5
103655,5
103656,7
103657,4
103658,6
103659,4
103660,5
103661,5
103662,7
103663,4
103664,5
103665,4
103666,6
103667,5
103668,4
103669,6
103670,6
103671,4
103672,4
103673,6
103674,4
103675,4
103676,4
103677,5
103678,5
103679,4
103680,6
103681,6
103682,5
103683,6
103684,4
103685,4
103686,5
103687,5
103688,6
103689,7
103690,5
103691,4
103692,3
103693,5
103694,7
103695,7
103696,7
103697,6
103698,5
103699,7
103700,4
103701,6
103702,4
103703,7
103704,5
103705,5
103706,6
103707,4
103708,4
103709,5
103710,4
103711,3
103712,3
103713,7
103714,4
103715,6
103716,5
103717,4
103718,1
103719,7
103720,6
103721,5
103722,5
103723,4
103724,2
103725,5
103726,6
103727,1
103728,5
103729,7
103730,4
103731,7
103732,6
103733,5
103734,6
103735,4
103736,4
103737,4
103738,5
103739,5
103740,4
103741,1
103742,5
103743,6
103744,6
103745,6
103746,6
103747,3
103748,2
103749,5
103750,5
103751,4
103752,7
103753,3
103754,4
103755,7
103756,3
103757,2
103758,3
103759,6
103760,5
103761,7
103762,7
103763,3
103764,4
103765,2
103766,4
103767,5
103768,1
103769,2
103770,7
103771,4
103772,6
103773,7
103774,2
103775,5
103776,5
103777,5
103778,4
103779,3
103780,5
103781,3
103782,6
103783,5
103784,3
103785,7
103786,5
103787,6
103788,3
103789,5
103790,4
103791,7
103792,5
103793,7
103794,5
103795,5
103796,7
103797,5
103798,4
103799,4
103800,7
103801,3
103802,7
103803,5
103804,6
103805,4
103806,4
103807,6
103808,3
103809,4
103810,5
103811,5
103812,5
103813,5
103814,5
103815,5
103816,5
103817,4
103818,4
103819,2
103820,6
103821,5
103822,5
103823,6
103824,5
103825,4
103826,7
103827,3
103828,5
103829,5
103830,4
103831,3
103832,5
103833,4
103834,5
103835,7
103836,5
103837,7
103838,3
103839,7
103840,1
103841,1
103842,4
103843,6
103844,6
103845,7
103846,5
103847,4
103848,6
103849,5
103850,5
103851,6
103852,5
103853,6
103854,4
103855,5
103856,4
103857,6
103858,6
103859,6
103860,7
103861,3
103862,5
103863,6
103864,6
103865,5
103866,4
103867,4
103868,1
103869,2
103870,5
103871,7
103872,4
103873,6
103874,5
103875,6
103876,4
103877,2
103878,7
103879,3
103880,5
103881,7
103882,3
103883,3
103884,5
103885,4
103886,6
103887,5
103888,6
103889,3
103890,6
103891,5
103892,5
103893,5
103894,5
103895,6
103896,5
103897,6
103898,5
103899,7
103900,6
103901,5
103902,5
103903,4
103904,4
103905,5
103906,5
103907,3
103908,5
103909,5
103910,6
103911,5
103912,1
103913,5
103914,4
103915,7
103916,3
103917,6
103918,5
103919,3
103920,6
103921,4
103922,5
103923,5
103924,5
103925,4
103926,5
103927,4
103928,5
103929,5
103930,5
103931,4
103932,5
103933,5
103934,5
103935,5
103936,7
103937,5
103938,3
103939,4
103940,6
103941,1
103942,4
103943,3
103944,4
103945,6
103946,4
103947,4
103948,5
103949,5
103950,5
103951,4
103952,4
103953,6
103954,5
103955,4
103956,5
103957,6
103958,4
103959,6
103960,4
103961,5
103962,7
103963,4
103964,3
103965,5
103966,3
103967,4
103968,7
103969,4
103970,5
103971,5
103972,5
103973,4
103974,5
103975,4
103976,5
103977,2
103978,4
103979,6
103980,4
103981,2
103982,5
103983,6
103984,7
103985,7
103986,6
103987,6
103988,6
103989,7
103990,3
103991,4
103992,7
103993,4
103994,5
103995,7
103996,5
103997,6
103998,7
103999,5
104000,4
104001,6
104002,4
104003,7
104004,7
104005,6
104006,7
104007,6
104008,7
104009,6
104010,5
104011,3
104012,6
104013,4
104014,4
104015,6
104016,4
104017,5
104018,6
104019,6
104020,3
104021,4
104022,6
104023,4
104024,5
104025,2
104026,4
104027,1
104028,7
104029,5
104030,5
104031,3
104032,7
104033,4
104034,5
104035,3
104036,5
104037,6
104038,7
104039,6
104040,3
104041,6
104042,4
104043,7
104044,6
104045,6
104046,4
104047,2
104048,7
104049,5
104050,3
104051,4
104052,4
104053,3
104054,4
104055,5
104056,2
104057,5
104058,6
104059,6
104060,3
104061,6
104062,5
104063,3
104064,3
104065,5
104066,7
104067,7
104068,7
104069,6
104070,5
104071,5
104072,7
104073,5
104074,6
104075,7
104076,5
104077,5
104078,4
104079,6
104080,4
104081,6
104082,5
104083,5
104084,5
104085,5
104086,6
104087,3
104088,5
104089,6
104090,5
104091,6
104092,6
104093,6
104094,6
104095,5
104096,5
104097,5
104098,3
104099,3
104100,5
104101,7
104102,6
104103,5
104104,3
104105,5
104106,1
104107,5
104108,6
104109,4
104110,7
104111,7
104112,5
104113,4
104114,4
104115,6
104116,4
104117,6
104118,6
104119,5
104120,2
104121,6
104122,5
104123,3
104124,4
104125,5
104126,6
104127,3
104128,5
104129,6
104130,4
104131,5
104132,6
104133,5
104134,4
104135,5
104136,3
104137,6
104138,6
104139,5
104140,7
104141,7
104142,5
104143,3
104144,7
104145,4
104146,4
104147,4
104148,6
104149,6
104150,6
104151,5
104152,5
104153,5
104154,4
104155,7
104156,4
104157,2
104158,6
104159,6
104160,4
104161,5
104162,4
104163,3
104164,5
104165,3
104166,6
104167,5
104168,3
104169,3
104170,2
104171,5
104172,3
104173,4
104174,5
104175,3
104176,6
104177,5
104178,2
104179,4
104180,5
104181,5
104182,6
104183,2
104184,5
104185,6
104186,6
104187,4
104188,6
104189,7
104190,6
104191,6
104192,2
104193,4
104194,6
104195,5
104196,5
104197,5
104198,6
104199,5
104200,7
104201,7
104202,5
104203,3
104204,6
104205,2
104206,6
104207,7
104208,2
104209,6
104210,5
104211,5
104212,5
104213,7
104214,7
104215,7
104216,5
104217,3
104218,7
104219,5
104220,6
104221,7
104222,5
104223,6
104224,5
104225,6
104226,4
104227,4
104228,5
104229,7
104230,6
104231,5
104232,6
104233,5
104234,4
104235,5
104236,7
104237,5
104238,4
104239,7
104240,5
104241,5
104242,4
104243,2
104244,6
104245,6
104246,3
104247,5
104248,5
104249,5
104250,4
104251,2
104252,4
104253,3
104254,4
104255,5
104256,6
104257,5
104258,6
104259,2
104260,4
104261,5
104262,6
104263,4
104264,5
104265,4
104266,2
104267,6
104268,6
104269,4
104270,3
104271,3
104272,5
104273,5
104274,4
104275,4
104276,4
104277,5
104278,5
104279,6
104280,5
104281,4
104282,5
104283,6
104284,5
104285,4
104286,5
104287,3
104288,7
104289,5
104290,5
104291,6
104292,5
104293,5
104294,7
104295,5
104296,6
104297,3
104298,4
104299,7
104300,7
104301,4
104302,5
104303,5
104304,6
104305,4
104306,6
104307,4
104308,4
104309,7
104310,7
104311,3
104312,6
104313,6
104314,6
104315,6
104316,5
104317,7
104318,4
104319,6
104320,7
104321,6
104322,5
104323,4
104324,7
104325,5
104326,3
104327,5
104328,6
104329,4
104330,5
104331,3
104332,6
104333,5
104334,6
104335,3
104336,4
104337,4
104338,7
104339,7
104340,3
104341,3
104342,5
104343,4
104344,5
104345,3
104346,5
104347,6
104348,5
104349,4
104350,2
104351,5
104352,6
104353,6
104354,4
104355,5
104356,1
104357,6
104358,7
104359,5
104360,7
104361,6
104362,4
104363,6
104364,7
104365,4
104366,5
104367,4
104368,5
104369,4
104370,4
104371,5
104372,4
104373,5
104374,7
104375,1
104376,7
104377,4
104378,3
104379,4
104380,5
104381,5
104382,7
104383,2
104384,5
104385,7
104386,6
104387,7
104388,6
104389,5
104390,6
104391,5
104392,6
104393,7
104394,5
104395,4
104396,4
104397,2
104398,4
104399,1
104400,6
104401,6
104402,5
104403,6
104404,6
104405,7
104406,5
104407,4
104408,5
104409,4
104410,4
104411,4
104412,5
104413,6
104414,5
104415,7
104416,5
104417,7
104418,1
104419,3
104420,5
104421,5
104422,2
104423,4
104424,5
104425,3
104426,4
104427,7
104428,5
104429,2
104430,7
104431,7
104432,5
104433,4
104434,5
104435,5
104436,5
104437,4
104438,5
104439,6
104440,4
104441,5
104442,4
104443,5
104444,7
104445,6
104446,6
104447,7
104448,4
104449,6
104450,5
104451,1
104452,5
104453,4
104454,4
104455,1
104456,6
104457,5
104458,4
104459,5
104460,6
104461,6
104462,5
104463,6
104464,3
104465,3
104466,6
104467,6
104468,5
104469,4
104470,5
104471,6
104472,4
104473,6
104474,5
104475,5
104476,4
104477,6
104478,2
104479,5
104480,6
104481,5
104482,7
104483,7
104484,6
104485,1
104486,1
104487,3
104488,6
104489,5
104490,5
104491,5
104492,4
104493,6
104494,2
104495,2
104496,3
104497,1
104498,6
104499,3
104500,4
104501,7
104502,7
104503,3
104504,5
104505,2
104506,5
104507,6
104508,6
104509,3
104510,4
104511,4
104512,7
104513,5
104514,3
104515,6
104516,7
104517,6
104518,5
104519,4
104520,4
104521,5
104522,5
104523,4
104524,4
104525,5
104526,4
104527,6
104528,5
104529,5
104530,7
104531,5
104532,5
104533,6
104534,4
104535,5
104536,5
104537,6
104538,4
104539,4
104540,5
104541,6
104542,2
104543,4
104544,7
104545,5
104546,5
104547,2
104548,6
104549,5
104550,6
104551,2
104552,3
104553,4
104554,5
104555,3
104556,5
104557,3
104558,4
104559,4
104560,5
104561,6
104562,6
104563,5
104564,5
104565,3
104566,3
104567,5
104568,5
104569,6
104570,5
104571,6
104572,4
104573,4
104574,2
104575,6
104576,6
104577,5
104578,7
104579,5
104580,6
104581,7
104582,6
104583,5
104584,3
104585,4
104586,7
104587,5
104588,7
104589,4
104590,7
104591,5
104592,3
104593,7
104594,5
104595,5
104596,6
104597,6
104598,5
104599,3
104600,5
104601,5
104602,4
104603,7
104604,7
104605,5
104606,7
104607,5
104608,5
104609,5
104610,7
104611,4
104612,7
104613,4
104614,5
104615,1
104616,4
104617,6
104618,6
104619,2
104620,5
104621,5
104622,6
104623,6
104624,5
104625,4
104626,4
104627,5
104628,3
104629,3
104630,5
104631,6
104632,6
104633,6
104634,6
104635,2
104636,1
104637,7
104638,7
104639,6
104640,5
104641,7
104642,5
104643,6
104644,6
104645,5
104646,6
104647,3
104648,4
104649,4
104650,6
104651,3
104652,3
104653,6
104654,2
104655,5
104656,7
104657,6
104658,6
104659,6
104660,6
104661,6
104662,6
104663,6
104664,6
104665,5
104666,5
104667,4
104668,5
104669,7
104670,4
104671,5
104672,3
104673,6
104674,4
104675,2
104676,5
104677,6
104678,7
104679,7
104680,3
104681,5
104682,5
104683,4
104684,4
104685,5
104686,5
104687,6
104688,7
104689,7
104690,5
104691,5
104692,5
104693,6
104694,6
104695,5
104696,6
104697,6
104698,4
104699,3
104700,5
104701,3
104702,4
104703,6
104704,4
104705,6
104706,1
104707,7
104708,4
104709,4
104710,5
104711,6
104712,2
104713,6
104714,3
104715,7
104716,6
104717,4
104718,5
104719,3
104720,2
104721,4
104722,7
104723,2
104724,4
104725,6
104726,2
104727,3
104728,5
104729,6
104730,4
104731,5
104732,6
104733,4
104734,3
104735,6
104736,5
104737,5
104738,5
104739,5
104740,4
104741,3
104742,3
104743,4
104744,5
104745,6
104746,5
104747,7
104748,6
104749,4
104750,2
104751,3
104752,4
104753,4
104754,7
104755,4
104756,4
104757,3
104758,4
104759,6
104760,5
104761,4
104762,4
104763,5
104764,3
104765,5
104766,6
104767,7
104768,5
104769,6
104770,5
104771,1
104772,4
104773,5
104774,4
104775,5
104776,7
104777,3
104778,4
104779,4
104780,2
104781,5
104782,4
104783,3
104784,7
104785,5
104786,4
104787,5
104788,5
104789,4
104790,4
104791,6
104792,5
104793,6
104794,4
104795,2
104796,5
104797,7
104798,5
104799,4
104800,6
104801,4
104802,3
104803,5
104804,2
104805,2
104806,3
104807,2
104808,3
104809,4
104810,6
104811,5
104812,5
104813,6
104814,5
104815,5
104816,3
104817,6
104818,5
104819,6
104820,7
104821,5
104822,4
104823,4
104824,7
104825,4
104826,5
104827,6
104828,4
104829,6
104830,5
104831,6
104832,5
104833,3
104834,1
104835,5
104836,5
104837,5
104838,1
104839,6
104840,3
104841,6
104842,4
104843,7
104844,6
104845,4
104846,4
104847,7
104848,4
104849,5
104850,7
104851,5
104852,5
104853,6
104854,5
104855,4
104856,2
104857,7
104858,5
104859,5
104860,5
104861,5
104862,6
104863,7
104864,6
104865,4
104866,5
104867,3
104868,7
104869,4
104870,5
104871,4
104872,4
104873,5
104874,3
104875,5
104876,7
104877,5
104878,6
104879,5
104880,5
104881,3
104882,7
104883,5
104884,6
104885,6
104886,5
104887,5
104888,4
104889,5
104890,5
104891,5
104892,4
104893,4
104894,6
104895,5
104896,3
104897,4
104898,5
104899,4
104900,7
104901,5
104902,6
104903,2
104904,2
104905,5
104906,4
104907,5
104908,7
104909,5
104910,5
104911,6
104912,2
104913,7
104914,5
104915,6
104916,7
104917,6
104918,5
104919,6
104920,4
104921,5
104922,7
104923,6
104924,6
104925,3
104926,7
104927,5
104928,5
104929,6
104930,6
104931,4
104932,3
104933,3
104934,4
104935,5
104936,5
104937,6
104938,6
104939,6
104940,5
104941,5
104942,6
104943,6
104944,5
104945,5
104946,6
104947,5
104948,4
104949,5
104950,6
104951,2
104952,3
104953,5
104954,2
104955,5
104956,5
104957,5
104958,4
104959,5
104960,5
104961,5
104962,6
104963,6
104964,5
104965,5
104966,5
104967,5
104968,5
104969,5
104970,5
104971,5
104972,4
104973,3
104974,4
104975,3
104976,4
104977,1
104978,5
104979,6
104980,6
104981,6
104982,3
104983,5
104984,5
104985,6
104986,4
104987,6
104988,4
104989,6
104990,5
104991,2
104992,3
104993,5
104994,1
104995,5
104996,5
104997,1
104998,5
104999,2
105000,5
